{
	"credit": "Made with Blockbench",
	"elements": [
		{
			"from": [3.86194, -2.97761, 9.72015],
			"to": [6.86194, -0.97761, 10.72015],
			"rotation": {"angle": 0, "axis": "y", "origin": [0, 0, 0]},
			"color": 0,
			"faces": {
				"north": {"uv": [9.25, 7.5, 10, 8], "texture": "#missing"},
				"east": {"uv": [0, 0, 1, 1], "texture": "#missing"},
				"south": {"uv": [9.25, 7.5, 10, 8], "texture": "#missing"},
				"west": {"uv": [9.75, 7.5, 10, 8], "texture": "#missing"},
				"up": {"uv": [9.25, 7.5, 10, 7.75], "texture": "#missing"},
				"down": {"uv": [9.25, 7.75, 10, 8], "texture": "#missing"}
			}
		},
		{
			"from": [8.86194, -2.97761, 6.72015],
			"to": [11.86194, -0.97761, 7.72015],
			"rotation": {"angle": 0, "axis": "y", "origin": [0, 0, 0]},
			"color": 3,
			"faces": {
				"north": {"uv": [5, 7.5, 5.75, 8], "texture": "#missing"},
				"east": {"uv": [5, 7.5, 5.25, 8], "texture": "#missing"},
				"south": {"uv": [5, 7.5, 5.75, 8], "texture": "#missing"},
				"west": {"uv": [5.5, 7.5, 5.75, 8], "texture": "#missing"},
				"up": {"uv": [5, 7.5, 5.75, 7.75], "texture": "#missing"},
				"down": {"uv": [5, 7.75, 5.75, 8], "texture": "#missing"}
			}
		},
		{
			"from": [3.86194, -2.97761, 6.72015],
			"to": [6.86194, -0.97761, 7.72015],
			"rotation": {"angle": 0, "axis": "y", "origin": [0, 0, 0]},
			"color": 2,
			"faces": {
				"north": {"uv": [6.25, 7.5, 7, 8], "texture": "#missing"},
				"east": {"uv": [6.25, 7.5, 6.5, 8], "texture": "#missing"},
				"south": {"uv": [6.25, 7.5, 7, 8], "texture": "#missing"},
				"west": {"uv": [7, 7.5, 7.25, 8], "texture": "#missing"},
				"up": {"uv": [6.25, 7.5, 7, 7.75], "texture": "#missing"},
				"down": {"uv": [6.25, 7.75, 7, 8], "texture": "#missing"}
			}
		},
		{
			"from": [10.86194, -2.97761, 7.72015],
			"to": [11.86194, -0.97761, 9.72015],
			"rotation": {"angle": 0, "axis": "y", "origin": [0, 0, 0]},
			"color": 4,
			"faces": {
				"north": {"uv": [0, 0, 1, 1], "texture": "#missing"},
				"east": {"uv": [4.5, 7.5, 5, 8], "texture": "#missing"},
				"south": {"uv": [0, 0, 1, 1], "texture": "#missing"},
				"west": {"uv": [4.5, 7.5, 5, 8], "texture": "#missing"},
				"up": {"uv": [4.5, 7.5, 4.75, 8], "texture": "#missing"},
				"down": {"uv": [4.5, 7.5, 4.75, 8], "texture": "#missing"}
			}
		},
		{
			"from": [3.86194, -2.97761, 7.72015],
			"to": [4.86194, -0.97761, 9.72015],
			"rotation": {"angle": 0, "axis": "y", "origin": [0, 0, 0]},
			"color": 1,
			"faces": {
				"north": {"uv": [0, 0, 1, 1], "texture": "#missing"},
				"east": {"uv": [7.25, 7.5, 7.75, 8], "texture": "#missing"},
				"south": {"uv": [0, 0, 1, 1], "texture": "#missing"},
				"west": {"uv": [7.25, 7.5, 7.75, 8], "texture": "#missing"},
				"up": {"uv": [7.25, 7.5, 7.5, 8], "texture": "#missing"},
				"down": {"uv": [7.5, 7.5, 7.75, 8], "texture": "#missing"}
			}
		},
		{
			"from": [6.86194, -2.97761, 6.72015],
			"to": [8.86194, -1.97761, 10.72015],
			"rotation": {"angle": 0, "axis": "y", "origin": [0, 0, 0]},
			"color": 5,
			"faces": {
				"north": {"uv": [9.25, 8, 8.75, 7.75], "texture": "#missing"},
				"east": {"uv": [0, 0, 1, 1], "texture": "#missing"},
				"south": {"uv": [5, 8, 4.5, 7.75], "texture": "#missing"},
				"west": {"uv": [0, 0, 1, 1], "texture": "#missing"},
				"up": {"uv": [9.25, 8, 8.75, 7], "texture": "#missing"},
				"down": {"uv": [9.25, 8, 8.75, 7], "texture": "#missing"}
			}
		},
		{
			"from": [6.86194, -1.97761, 8.72015],
			"to": [8.86194, 9.02239, 10.72015],
			"rotation": {"angle": 0, "axis": "y", "origin": [0, 0, 0]},
			"color": 3,
			"faces": {
				"north": {"uv": [8.75, 5, 9.25, 7.75], "texture": "#missing"},
				"east": {"uv": [8.75, 5, 9.25, 7.75], "texture": "#missing"},
				"south": {"uv": [8.75, 5, 9.25, 7.75], "texture": "#missing"},
				"west": {"uv": [8.75, 5, 9.25, 7.75], "texture": "#missing"},
				"up": {"uv": [0, 0, 1, 1], "texture": "#missing"},
				"down": {"uv": [0, 0, 1, 1], "texture": "#missing"}
			}
		},
		{
			"from": [4.86194, 8.02239, 9.72015],
			"to": [6.86194, 9.02239, 10.72015],
			"rotation": {"angle": 0, "axis": "y", "origin": [0, 0, 0]},
			"color": 5,
			"faces": {
				"north": {"uv": [9.75, 5, 9.25, 5.25], "texture": "#missing"},
				"east": {"uv": [0, 0, 1, 1], "texture": "#missing"},
				"south": {"uv": [9.75, 5, 9.25, 5.25], "texture": "#missing"},
				"west": {"uv": [0, 0, 1, 1], "texture": "#missing"},
				"up": {"uv": [9.75, 5, 9.25, 5.25], "texture": "#missing"},
				"down": {"uv": [9.75, 5, 9.25, 5.25], "texture": "#missing"}
			}
		},
		{
			"from": [8.86194, 8.02239, 9.72015],
			"to": [10.86194, 9.02239, 10.72015],
			"rotation": {"angle": 0, "axis": "y", "origin": [0, 0, 0]},
			"color": 2,
			"faces": {
				"north": {"uv": [8.25, 5, 8.75, 5.25], "texture": "#missing"},
				"east": {"uv": [0, 0, 1, 1], "texture": "#missing"},
				"south": {"uv": [8.25, 5, 8.75, 5.25], "texture": "#missing"},
				"west": {"uv": [0, 0, 1, 1], "texture": "#missing"},
				"up": {"uv": [8.25, 5, 8.75, 5.25], "texture": "#missing"},
				"down": {"uv": [8.25, 5, 8.75, 5.25], "texture": "#missing"}
			}
		},
		{
			"from": [4.86194, 6.02239, 9.72015],
			"to": [6.86194, 7.02239, 10.72015],
			"rotation": {"angle": 0, "axis": "y", "origin": [0, 0, 0]},
			"color": 5,
			"faces": {
				"north": {"uv": [9.75, 5.5, 9.25, 5.75], "texture": "#missing"},
				"east": {"uv": [0, 0, 1, 1], "texture": "#missing"},
				"south": {"uv": [9.75, 5.5, 9.25, 5.75], "texture": "#missing"},
				"west": {"uv": [0, 0, 1, 1], "texture": "#missing"},
				"up": {"uv": [9.75, 5.5, 9.25, 5.75], "texture": "#missing"},
				"down": {"uv": [9.75, 5.5, 9.25, 5.75], "texture": "#missing"}
			}
		},
		{
			"from": [8.86194, 6.02239, 9.72015],
			"to": [10.86194, 7.02239, 10.72015],
			"rotation": {"angle": 0, "axis": "y", "origin": [0, 0, 0]},
			"color": 3,
			"faces": {
				"north": {"uv": [8.75, 5.5, 8.25, 5.75], "texture": "#missing"},
				"east": {"uv": [0, 0, 1, 1], "texture": "#missing"},
				"south": {"uv": [8.75, 5.5, 8.25, 5.75], "texture": "#missing"},
				"west": {"uv": [0, 0, 1, 1], "texture": "#missing"},
				"up": {"uv": [8.75, 5.5, 8.25, 5.75], "texture": "#missing"},
				"down": {"uv": [8.75, 5.5, 8.25, 5.75], "texture": "#missing"}
			}
		},
		{
			"from": [4.86194, 4.02239, 9.72015],
			"to": [6.86194, 5.02239, 10.72015],
			"rotation": {"angle": 0, "axis": "y", "origin": [0, 0, 0]},
			"color": 4,
			"faces": {
				"north": {"uv": [9.75, 6, 9.25, 6.25], "texture": "#missing"},
				"east": {"uv": [0, 0, 1, 1], "texture": "#missing"},
				"south": {"uv": [9.75, 6, 9.25, 6.25], "texture": "#missing"},
				"west": {"uv": [0, 0, 1, 1], "texture": "#missing"},
				"up": {"uv": [9.75, 6, 9.25, 6.25], "texture": "#missing"},
				"down": {"uv": [9.75, 6, 9.25, 6.25], "texture": "#missing"}
			}
		},
		{
			"from": [8.86194, 4.02239, 9.72015],
			"to": [10.86194, 5.02239, 10.72015],
			"rotation": {"angle": 0, "axis": "y", "origin": [0, 0, 0]},
			"color": 1,
			"faces": {
				"north": {"uv": [8.75, 6, 8.25, 6.25], "texture": "#missing"},
				"east": {"uv": [0, 0, 1, 1], "texture": "#missing"},
				"south": {"uv": [8.75, 6, 8.25, 6.25], "texture": "#missing"},
				"west": {"uv": [0, 0, 1, 1], "texture": "#missing"},
				"up": {"uv": [8.75, 6, 8.25, 6.25], "texture": "#missing"},
				"down": {"uv": [8.75, 6, 8.25, 6.25], "texture": "#missing"}
			}
		},
		{
			"from": [9.86194, 5.02239, 6.72015],
			"to": [10.86194, 9.02239, 7.72015],
			"rotation": {"angle": 0, "axis": "y", "origin": [0, 0, 0]},
			"color": 1,
			"faces": {
				"north": {"uv": [5.25, 5, 5.5, 6], "texture": "#missing"},
				"east": {"uv": [5.25, 5, 5.5, 6], "texture": "#missing"},
				"south": {"uv": [5.25, 5, 5.5, 6], "texture": "#missing"},
				"west": {"uv": [5.25, 5, 5.5, 6], "texture": "#missing"},
				"up": {"uv": [5.25, 5, 5.5, 5.25], "texture": "#missing"},
				"down": {"uv": [5.25, 5.75, 5.5, 6], "texture": "#missing"}
			}
		},
		{
			"from": [8.86194, 4.02239, 6.72015],
			"to": [9.86194, 8.02239, 7.72015],
			"rotation": {"angle": 0, "axis": "y", "origin": [0, 0, 0]},
			"color": 6,
			"faces": {
				"north": {"uv": [5.5, 5.25, 5.75, 6.25], "texture": "#missing"},
				"east": {"uv": [5.5, 5.25, 5.75, 6.25], "texture": "#missing"},
				"south": {"uv": [5.5, 5.25, 5.75, 6.25], "texture": "#missing"},
				"west": {"uv": [5.5, 5.25, 5.75, 6.25], "texture": "#missing"},
				"up": {"uv": [5.5, 5.25, 5.75, 5.5], "texture": "#missing"},
				"down": {"uv": [5.5, 6, 5.75, 6.25], "texture": "#missing"}
			}
		},
		{
			"from": [6.86194, 3.02239, 6.72015],
			"to": [8.86194, 7.02239, 7.72015],
			"rotation": {"angle": 0, "axis": "y", "origin": [0, 0, 0]},
			"color": 6,
			"faces": {
				"north": {"uv": [5.75, 5.5, 6.25, 6.5], "texture": "#missing"},
				"east": {"uv": [5.75, 5.5, 6.25, 6.5], "texture": "#missing"},
				"south": {"uv": [5.75, 5.5, 6.25, 6.5], "texture": "#missing"},
				"west": {"uv": [5.75, 5.5, 6.25, 6.5], "texture": "#missing"},
				"up": {"uv": [5.75, 5.5, 6.25, 5.75], "texture": "#missing"},
				"down": {"uv": [5.75, 6.25, 6.25, 6.5], "texture": "#missing"}
			}
		},
		{
			"from": [5.86194, 4.02239, 6.72015],
			"to": [6.86194, 8.02239, 7.72015],
			"rotation": {"angle": 0, "axis": "y", "origin": [0, 0, 0]},
			"color": 5,
			"faces": {
				"north": {"uv": [6.25, 5.25, 6.5, 6.25], "texture": "#missing"},
				"east": {"uv": [6.25, 5.25, 6.5, 6.25], "texture": "#missing"},
				"south": {"uv": [6.25, 5.25, 6.5, 6.25], "texture": "#missing"},
				"west": {"uv": [6.25, 5.25, 6.5, 6.25], "texture": "#missing"},
				"up": {"uv": [6.25, 5.25, 6.5, 5.5], "texture": "#missing"},
				"down": {"uv": [6.25, 6, 6.5, 6.25], "texture": "#missing"}
			}
		},
		{
			"from": [4.86194, 5.02239, 6.72015],
			"to": [5.86194, 9.02239, 7.72015],
			"rotation": {"angle": 0, "axis": "y", "origin": [0, 0, 0]},
			"color": 3,
			"faces": {
				"north": {"uv": [6.5, 5, 6.75, 6], "texture": "#missing"},
				"east": {"uv": [6.5, 5, 6.75, 6], "texture": "#missing"},
				"south": {"uv": [6.5, 5, 6.75, 6], "texture": "#missing"},
				"west": {"uv": [6.5, 5, 6.75, 6], "texture": "#missing"},
				"up": {"uv": [6.5, 5, 6.75, 5.25], "texture": "#missing"},
				"down": {"uv": [6.5, 5.75, 6.75, 6], "texture": "#missing"}
			}
		},
		{
			"from": [9.86194, 2.02239, 6.72015],
			"to": [10.86194, 4.02239, 7.72015],
			"rotation": {"angle": 0, "axis": "y", "origin": [0, 0, 0]},
			"color": 0,
			"faces": {
				"north": {"uv": [5.25, 6.25, 5.5, 6.75], "texture": "#missing"},
				"east": {"uv": [5.25, 6.25, 5.5, 6.75], "texture": "#missing"},
				"south": {"uv": [5.25, 6.25, 5.5, 6.75], "texture": "#missing"},
				"west": {"uv": [5.25, 6.25, 5.5, 6.75], "texture": "#missing"},
				"up": {"uv": [5.25, 6.25, 5.5, 6.5], "texture": "#missing"},
				"down": {"uv": [5.25, 6.5, 5.5, 6.75], "texture": "#missing"}
			}
		},
		{
			"from": [8.86194, 2.02239, 6.72015],
			"to": [9.86194, 3.02239, 7.72015],
			"rotation": {"angle": 0, "axis": "y", "origin": [0, 0, 0]},
			"color": 2,
			"faces": {
				"north": {"uv": [5.5, 6.5, 5.75, 6.75], "texture": "#missing"},
				"east": {"uv": [0, 0, 1, 1], "texture": "#missing"},
				"south": {"uv": [5.5, 6.5, 5.75, 6.75], "texture": "#missing"},
				"west": {"uv": [5.5, 6.5, 5.75, 6.75], "texture": "#missing"},
				"up": {"uv": [5.5, 6.5, 5.75, 6.75], "texture": "#missing"},
				"down": {"uv": [5.5, 6.5, 5.75, 6.75], "texture": "#missing"}
			}
		},
		{
			"from": [4.86194, 2.02239, 6.72015],
			"to": [5.86194, 4.02239, 7.72015],
			"rotation": {"angle": 0, "axis": "y", "origin": [0, 0, 0]},
			"color": 0,
			"faces": {
				"north": {"uv": [6.5, 6.25, 6.75, 6.75], "texture": "#missing"},
				"east": {"uv": [6.5, 6.25, 6.75, 6.75], "texture": "#missing"},
				"south": {"uv": [6.5, 6.25, 6.75, 6.75], "texture": "#missing"},
				"west": {"uv": [6.5, 6.25, 6.75, 6.75], "texture": "#missing"},
				"up": {"uv": [6.5, 6.25, 6.75, 6.5], "texture": "#missing"},
				"down": {"uv": [6.5, 6.5, 6.75, 6.75], "texture": "#missing"}
			}
		},
		{
			"from": [5.86194, 2.02239, 6.72015],
			"to": [6.86194, 3.02239, 7.72015],
			"rotation": {"angle": 0, "axis": "y", "origin": [0, 0, 0]},
			"color": 2,
			"faces": {
				"north": {"uv": [6.25, 6.5, 6.5, 6.75], "texture": "#missing"},
				"east": {"uv": [6.25, 6.5, 6.5, 6.75], "texture": "#missing"},
				"south": {"uv": [6.25, 6.5, 6.5, 6.75], "texture": "#missing"},
				"west": {"uv": [0, 0, 1, 1], "texture": "#missing"},
				"up": {"uv": [6.25, 6.5, 6.5, 6.75], "texture": "#missing"},
				"down": {"uv": [6.25, 6.5, 6.5, 6.75], "texture": "#missing"}
			}
		},
		{
			"from": [10.86194, 8.02239, 6.72015],
			"to": [11.86194, 9.02239, 10.72015],
			"rotation": {"angle": 0, "axis": "y", "origin": [0, 0, 0]},
			"color": 0,
			"faces": {
				"north": {"uv": [5, 5, 5.25, 5.25], "texture": "#missing"},
				"east": {"uv": [4, 5, 5, 5.25], "texture": "#missing"},
				"south": {"uv": [9.75, 5, 10, 5.25], "texture": "#missing"},
				"west": {"uv": [4, 5, 5, 5.25], "texture": "#missing"},
				"up": {"uv": [9, 6.5, 9.25, 7.5], "texture": "#missing"},
				"down": {"uv": [8.75, 5.25, 9, 6.25], "texture": "#missing"}
			}
		},
		{
			"from": [10.86194, 6.02239, 6.72015],
			"to": [11.86194, 7.02239, 10.72015],
			"rotation": {"angle": 0, "axis": "y", "origin": [0, 0, 0]},
			"color": 6,
			"faces": {
				"north": {"uv": [5, 5.5, 5.25, 5.75], "texture": "#missing"},
				"east": {"uv": [4, 5.5, 5, 5.75], "texture": "#missing"},
				"south": {"uv": [9.75, 5.5, 10, 5.75], "texture": "#missing"},
				"west": {"uv": [4, 5.5, 5, 5.75], "texture": "#missing"},
				"up": {"uv": [8.75, 6.25, 9, 7.25], "texture": "#missing"},
				"down": {"uv": [9, 5.5, 9.25, 6.5], "texture": "#missing"}
			}
		},
		{
			"from": [10.86194, 4.02239, 6.72015],
			"to": [11.86194, 5.02239, 10.72015],
			"rotation": {"angle": 0, "axis": "y", "origin": [0, 0, 0]},
			"color": 7,
			"faces": {
				"north": {"uv": [5, 6, 5.25, 6.25], "texture": "#missing"},
				"east": {"uv": [4, 6, 5, 6.25], "texture": "#missing"},
				"south": {"uv": [9.75, 6, 10, 6.25], "texture": "#missing"},
				"west": {"uv": [4, 6, 5, 6.25], "texture": "#missing"},
				"up": {"uv": [8.75, 5.75, 9, 6.75], "texture": "#missing"},
				"down": {"uv": [9, 6.25, 9.25, 7.25], "texture": "#missing"}
			}
		},
		{
			"from": [3.86194, 8.02239, 6.72015],
			"to": [4.86194, 9.02239, 10.72015],
			"rotation": {"angle": 0, "axis": "y", "origin": [0, 0, 0]},
			"color": 1,
			"faces": {
				"north": {"uv": [6.75, 5, 7, 5.25], "texture": "#missing"},
				"east": {"uv": [7, 5, 8, 5.25], "texture": "#missing"},
				"south": {"uv": [8, 5, 8.25, 5.25], "texture": "#missing"},
				"west": {"uv": [7, 5, 8, 5.25], "texture": "#missing"},
				"up": {"uv": [8.75, 5, 9, 6], "texture": "#missing"},
				"down": {"uv": [8.75, 5, 9, 6], "texture": "#missing"}
			}
		},
		{
			"from": [3.86194, 6.02239, 6.72015],
			"to": [4.86194, 7.02239, 10.72015],
			"rotation": {"angle": 0, "axis": "y", "origin": [0, 0, 0]},
			"color": 4,
			"faces": {
				"north": {"uv": [6.75, 5.5, 7, 5.75], "texture": "#missing"},
				"east": {"uv": [7, 5.5, 8, 5.75], "texture": "#missing"},
				"south": {"uv": [8, 5.5, 8.25, 5.75], "texture": "#missing"},
				"west": {"uv": [7, 5.5, 8, 5.75], "texture": "#missing"},
				"up": {"uv": [9, 5, 9.25, 6], "texture": "#missing"},
				"down": {"uv": [9, 6.5, 9.25, 7.5], "texture": "#missing"}
			}
		},
		{
			"from": [3.86194, 4.02239, 6.72015],
			"to": [4.86194, 5.02239, 10.72015],
			"rotation": {"angle": 0, "axis": "y", "origin": [0, 0, 0]},
			"color": 2,
			"faces": {
				"north": {"uv": [6.75, 6, 7, 6.25], "texture": "#missing"},
				"east": {"uv": [7, 6, 8, 6.25], "texture": "#missing"},
				"south": {"uv": [8, 6, 8.25, 6.25], "texture": "#missing"},
				"west": {"uv": [7, 6, 8, 6.25], "texture": "#missing"},
				"up": {"uv": [8.75, 6.5, 9, 7.5], "texture": "#missing"},
				"down": {"uv": [9, 5, 9.25, 6], "texture": "#missing"}
			}
		},
		{
			"from": [8.86194, -2.97761, 9.72015],
			"to": [11.86194, -0.97761, 10.72015],
			"rotation": {"angle": 0, "axis": "y", "origin": [0, 0, 0]},
			"color": 6,
			"faces": {
				"north": {"uv": [8.75, 7.5, 8, 8], "texture": "#missing"},
				"east": {"uv": [8.75, 7.5, 8.5, 8], "texture": "#missing"},
				"south": {"uv": [8.75, 7.5, 8, 8], "texture": "#missing"},
				"west": {"uv": [0, 0, 1, 1], "texture": "#missing"},
				"up": {"uv": [8.75, 7.5, 8, 7.75], "texture": "#missing"},
				"down": {"uv": [8.75, 7.75, 8, 8], "texture": "#missing"}
			}
		},
		{
			"from": [6.86194, 9.02239, 8.72015],
			"to": [8.86194, 16.02239, 10.72015],
			"rotation": {"angle": 0, "axis": "y", "origin": [0, 0, 0]},
			"color": 7,
			"faces": {
				"north": {"uv": [8.75, 6, 9.25, 7.75], "texture": "#missing"},
				"east": {"uv": [8.75, 6, 9.25, 7.75], "texture": "#missing"},
				"south": {"uv": [8.75, 6, 9.25, 7.75], "texture": "#missing"},
				"west": {"uv": [8.75, 6, 9.25, 7.75], "texture": "#missing"},
				"up": {"uv": [9, 7.5, 9.25, 7.75], "texture": "#missing"},
				"down": {"uv": [0, 0, 1, 1], "texture": "#missing"}
			}
		},
		{
			"from": [8.86194, -2.97761, 7.72015],
			"to": [10.86194, -1.97761, 9.72015],
			"rotation": {"angle": 0, "axis": "y", "origin": [0, 0, 0]},
			"color": 2,
			"faces": {
				"north": {"uv": [0, 0, 1, 1], "texture": "#missing"},
				"east": {"uv": [0, 0, 1, 1], "texture": "#missing"},
				"south": {"uv": [0, 0, 1, 1], "texture": "#missing"},
				"west": {"uv": [0, 0, 1, 1], "texture": "#missing"},
				"up": {"uv": [8.5, 7.5, 9, 8], "texture": "#missing"},
				"down": {"uv": [8.5, 7.5, 9, 8], "texture": "#missing"}
			}
		},
		{
			"from": [4.86194, -2.97761, 7.72015],
			"to": [6.86194, -1.97761, 9.72015],
			"rotation": {"angle": 0, "axis": "y", "origin": [0, 0, 0]},
			"color": 1,
			"faces": {
				"north": {"uv": [0, 0, 1, 1], "texture": "#missing"},
				"east": {"uv": [0, 0, 1, 1], "texture": "#missing"},
				"south": {"uv": [0, 0, 1, 1], "texture": "#missing"},
				"west": {"uv": [0, 0, 1, 1], "texture": "#missing"},
				"up": {"uv": [8.5, 7.5, 9, 8], "texture": "#missing"},
				"down": {"uv": [8.5, 7.5, 9, 8], "texture": "#missing"}
			}
		}
	],
	"groups": [
		{
			"name": "wither_skeleton_body",
			"origin": [8, 8, 8],
			"children": [0, 1, 2, 3, 4, 5, 6, 7, 8, 9, 10, 11, 12, 13, 14, 15, 16, 17, 18, 19, 20, 21, 22, 23, 24, 25, 26, 27, 28, 29, 30, 31]
		}
	]
}