{
	"credit": "Made with Blockbench",
	"textures": {
		"0": "block/cactus_bottom",
		"1": "block/cactus_side",
		"2": "block/cactus_top",
		"3": "block/cactus_side_spike",
		"4": "block/cactus_top_spike",
		"5": "block/cactus_flower1",
		"particle": "block/cactus_bottom"
	},
	"elements": [
		{
			"name": "body",
			"from": [1, -1, 1],
			"to": [15, 15, 15],
			"rotation": {"angle": 0, "axis": "x", "origin": [8, 7, 8]},
			"faces": {
				"north": {"uv": [1, 0, 15, 16], "texture": "#1"},
				"east": {"uv": [1, 0, 15, 16], "texture": "#1"},
				"south": {"uv": [1, 0, 15, 16], "texture": "#1"},
				"west": {"uv": [1, 0, 15, 16], "texture": "#1"},
				"up": {"uv": [1, 1, 15, 15], "texture": "#2"},
				"down": {"uv": [1, 1, 15, 15], "texture": "#0"}
			}
		},
		{
			"name": "s",
			"from": [8.5, 15, 2],
			"to": [9.5, 16, 2],
			"rotation": {"angle": 0, "axis": "y", "origin": [9, 15.5, 2]},
			"faces": {
				"north": {"uv": [8, 1, 9, 2], "rotation": 270, "texture": "#4"},
				"east": {"uv": [9, 1, 8, 2], "texture": "#4"},
				"south": {"uv": [8, 1, 9, 2], "rotation": 90, "texture": "#4"},
				"west": {"uv": [8, 1, 9, 2], "texture": "#4"},
				"up": {"uv": [8, 1, 9, 2], "rotation": 90, "texture": "#4"},
				"down": {"uv": [8, 2, 9, 1], "rotation": 270, "texture": "#4"}
			}
		},
		{
			"name": "s",
			"from": [4.5, 15, 4],
			"to": [5.5, 16, 4],
			"rotation": {"angle": 0, "axis": "y", "origin": [5, 15.5, 4]},
			"faces": {
				"north": {"uv": [4, 3, 5, 4], "rotation": 270, "texture": "#4"},
				"east": {"uv": [5, 3, 4, 4], "texture": "#4"},
				"south": {"uv": [4, 3, 5, 4], "rotation": 90, "texture": "#4"},
				"west": {"uv": [4, 3, 5, 4], "texture": "#4"},
				"up": {"uv": [4, 3, 5, 4], "rotation": 90, "texture": "#4"},
				"down": {"uv": [4, 4, 5, 3], "rotation": 270, "texture": "#4"}
			}
		},
		{
			"name": "s",
			"from": [10.5, 15, 6],
			"to": [11.5, 16, 6],
			"rotation": {"angle": 0, "axis": "y", "origin": [11, 15.5, 6]},
			"faces": {
				"north": {"uv": [10, 5, 11, 6], "rotation": 270, "texture": "#4"},
				"east": {"uv": [11, 5, 10, 6], "texture": "#4"},
				"south": {"uv": [10, 5, 11, 6], "rotation": 90, "texture": "#4"},
				"west": {"uv": [10, 5, 11, 6], "texture": "#4"},
				"up": {"uv": [10, 5, 11, 6], "rotation": 90, "texture": "#4"},
				"down": {"uv": [10, 6, 11, 5], "rotation": 270, "texture": "#4"}
			}
		},
		{
			"name": "s",
			"from": [12.5, 15, 13],
			"to": [13.5, 16, 13],
			"rotation": {"angle": 0, "axis": "y", "origin": [13, 15.5, 13]},
			"faces": {
				"north": {"uv": [12, 12, 13, 13], "rotation": 90, "texture": "#4"},
				"east": {"uv": [12, 12, 13, 13], "texture": "#4"},
				"south": {"uv": [12, 12, 13, 13], "rotation": 270, "texture": "#4"},
				"west": {"uv": [13, 12, 12, 13], "texture": "#4"},
				"up": {"uv": [12, 12, 13, 13], "rotation": 270, "texture": "#4"},
				"down": {"uv": [12, 13, 13, 12], "rotation": 90, "texture": "#4"}
			}
		},
		{
			"name": "s",
			"from": [8, 15, 4.5],
			"to": [8, 16, 5.5],
			"rotation": {"angle": 0, "axis": "x", "origin": [8, 23, 8.5]},
			"faces": {
				"north": {"uv": [8, 4, 7, 5], "texture": "#4"},
				"east": {"uv": [7, 4, 8, 5], "rotation": 90, "texture": "#4"},
				"south": {"uv": [7, 4, 8, 5], "texture": "#4"},
				"west": {"uv": [7, 4, 8, 5], "rotation": 270, "texture": "#4"},
				"up": {"uv": [7, 4, 8, 5], "texture": "#4"},
				"down": {"uv": [7, 5, 8, 4], "texture": "#4"}
			}
		},
		{
			"name": "s",
			"from": [3, 15, 6.5],
			"to": [3, 16, 7.5],
			"rotation": {"angle": 0, "axis": "x", "origin": [8, 23, 8.5]},
			"faces": {
				"north": {"uv": [3, 6, 2, 7], "texture": "#4"},
				"east": {"uv": [2, 6, 3, 7], "rotation": 90, "texture": "#4"},
				"south": {"uv": [2, 6, 3, 7], "texture": "#4"},
				"west": {"uv": [2, 6, 3, 7], "rotation": 270, "texture": "#4"},
				"up": {"uv": [2, 6, 3, 7], "texture": "#4"},
				"down": {"uv": [2, 7, 3, 6], "texture": "#4"}
			}
		},
		{
			"name": "s",
			"from": [6, 15, 8.5],
			"to": [6, 16, 9.5],
			"rotation": {"angle": 0, "axis": "x", "origin": [8, 23, 8.5]},
			"faces": {
				"north": {"uv": [6, 8, 5, 9], "texture": "#4"},
				"east": {"uv": [5, 8, 6, 9], "rotation": 90, "texture": "#4"},
				"south": {"uv": [5, 8, 6, 9], "texture": "#4"},
				"west": {"uv": [5, 8, 6, 9], "rotation": 270, "texture": "#4"},
				"up": {"uv": [5, 8, 6, 9], "texture": "#4"},
				"down": {"uv": [5, 9, 6, 8], "texture": "#4"}
			}
		},
		{
			"name": "s",
			"from": [10, 15, 9.5],
			"to": [10, 16, 10.5],
			"rotation": {"angle": 0, "axis": "x", "origin": [8, 23, 8.5]},
			"faces": {
				"north": {"uv": [10, 9, 9, 10], "texture": "#4"},
				"east": {"uv": [9, 9, 10, 10], "rotation": 90, "texture": "#4"},
				"south": {"uv": [9, 9, 10, 10], "texture": "#4"},
				"west": {"uv": [9, 9, 10, 10], "rotation": 270, "texture": "#4"},
				"up": {"uv": [9, 9, 10, 10], "texture": "#4"},
				"down": {"uv": [9, 10, 10, 9], "texture": "#4"}
			}
		},
		{
			"name": "s",
			"from": [13, 15, 9.5],
			"to": [13, 16, 10.5],
			"rotation": {"angle": 0, "axis": "x", "origin": [8, 23, 8.5]},
			"faces": {
				"north": {"uv": [13, 9, 12, 10], "texture": "#4"},
				"east": {"uv": [12, 9, 13, 10], "rotation": 90, "texture": "#4"},
				"south": {"uv": [12, 9, 13, 10], "texture": "#4"},
				"west": {"uv": [12, 9, 13, 10], "rotation": 270, "texture": "#4"},
				"up": {"uv": [12, 9, 13, 10], "texture": "#4"},
				"down": {"uv": [12, 10, 13, 9], "texture": "#4"}
			}
		},
		{
			"name": "s",
			"from": [7, 15, 12.5],
			"to": [7, 16, 13.5],
			"rotation": {"angle": 0, "axis": "x", "origin": [8, 23, 8.5]},
			"faces": {
				"north": {"uv": [7, 12, 6, 13], "texture": "#4"},
				"east": {"uv": [6, 12, 7, 13], "rotation": 90, "texture": "#4"},
				"south": {"uv": [6, 12, 7, 13], "texture": "#4"},
				"west": {"uv": [6, 12, 7, 13], "rotation": 270, "texture": "#4"},
				"up": {"uv": [6, 12, 7, 13], "texture": "#4"},
				"down": {"uv": [6, 13, 7, 12], "texture": "#4"}
			}
		},
		{
			"name": "s",
			"from": [5.5, 0.1, 15],
			"to": [5.5, 1.1, 16],
			"rotation": {"angle": 0, "axis": "x", "origin": [9.1, 6, 15.5]},
			"faces": {
				"north": {"uv": [6, 2, 5, 1], "texture": "#3"},
				"east": {"uv": [6, 1, 5, 2], "rotation": 180, "texture": "#3"},
				"south": {"uv": [6, 1, 5, 2], "rotation": 180, "texture": "#3"},
				"west": {"uv": [6, 1, 5, 2], "rotation": 180, "texture": "#3"},
				"up": {"uv": [5, 2, 6, 1], "texture": "#3"},
				"down": {"uv": [6, 2, 5, 1], "rotation": 180, "texture": "#3"}
			}
		},
		{
			"name": "s",
			"from": [14.5, 0.1, 15],
			"to": [14.5, 1.1, 16],
			"rotation": {"angle": 0, "axis": "x", "origin": [9.1, 6, 15.5]},
			"faces": {
				"north": {"uv": [15, 2, 14, 1], "texture": "#3"},
				"east": {"uv": [15, 1, 14, 2], "rotation": 180, "texture": "#3"},
				"south": {"uv": [15, 1, 14, 2], "rotation": 180, "texture": "#3"},
				"west": {"uv": [15, 1, 14, 2], "rotation": 180, "texture": "#3"},
				"up": {"uv": [14, 2, 15, 1], "texture": "#3"},
				"down": {"uv": [15, 2, 14, 1], "rotation": 180, "texture": "#3"}
			}
		},
		{
			"name": "s",
			"from": [1.5, 1.1, 15],
			"to": [1.5, 2.1, 16],
			"rotation": {"angle": 0, "axis": "x", "origin": [9.1, 6, 15.5]},
			"faces": {
				"north": {"uv": [2, 3, 1, 2], "texture": "#3"},
				"east": {"uv": [2, 2, 1, 3], "rotation": 180, "texture": "#3"},
				"south": {"uv": [2, 2, 1, 3], "rotation": 180, "texture": "#3"},
				"west": {"uv": [2, 2, 1, 3], "rotation": 180, "texture": "#3"},
				"up": {"uv": [1, 3, 2, 2], "texture": "#3"},
				"down": {"uv": [2, 3, 1, 2], "rotation": 180, "texture": "#3"}
			}
		},
		{
			"name": "s",
			"from": [10.5, 2.1, 15],
			"to": [10.5, 3.1, 16],
			"rotation": {"angle": 0, "axis": "x", "origin": [9.1, 6, 15.5]},
			"faces": {
				"north": {"uv": [11, 4, 10, 3], "texture": "#3"},
				"east": {"uv": [11, 3, 10, 4], "rotation": 180, "texture": "#3"},
				"south": {"uv": [11, 3, 10, 4], "rotation": 180, "texture": "#3"},
				"west": {"uv": [11, 3, 10, 4], "rotation": 180, "texture": "#3"},
				"up": {"uv": [10, 4, 11, 3], "texture": "#3"},
				"down": {"uv": [11, 4, 10, 3], "rotation": 180, "texture": "#3"}
			}
		},
		{
			"name": "s",
			"from": [14.5, 4.1, 15],
			"to": [14.5, 5.1, 16],
			"rotation": {"angle": 0, "axis": "x", "origin": [9.1, 6, 15.5]},
			"faces": {
				"north": {"uv": [15, 6, 14, 5], "texture": "#3"},
				"east": {"uv": [15, 5, 14, 6], "rotation": 180, "texture": "#3"},
				"south": {"uv": [15, 5, 14, 6], "rotation": 180, "texture": "#3"},
				"west": {"uv": [15, 5, 14, 6], "rotation": 180, "texture": "#3"},
				"up": {"uv": [14, 6, 15, 5], "texture": "#3"},
				"down": {"uv": [15, 6, 14, 5], "rotation": 180, "texture": "#3"}
			}
		},
		{
			"name": "s",
			"from": [7.5, 5.1, 15],
			"to": [7.5, 6.1, 16],
			"rotation": {"angle": 0, "axis": "x", "origin": [9.1, 6, 15.5]},
			"faces": {
				"north": {"uv": [8, 7, 7, 6], "texture": "#3"},
				"east": {"uv": [8, 6, 7, 7], "rotation": 180, "texture": "#3"},
				"south": {"uv": [8, 6, 7, 7], "rotation": 180, "texture": "#3"},
				"west": {"uv": [8, 6, 7, 7], "rotation": 180, "texture": "#3"},
				"up": {"uv": [7, 7, 8, 6], "texture": "#3"},
				"down": {"uv": [8, 7, 7, 6], "rotation": 180, "texture": "#3"}
			}
		},
		{
			"name": "s",
			"from": [5.5, 9.1, 15],
			"to": [5.5, 10.1, 16],
			"rotation": {"angle": 0, "axis": "x", "origin": [9.1, 6, 15.5]},
			"faces": {
				"north": {"uv": [6, 11, 5, 10], "texture": "#3"},
				"east": {"uv": [6, 10, 5, 11], "rotation": 180, "texture": "#3"},
				"south": {"uv": [6, 10, 5, 11], "rotation": 180, "texture": "#3"},
				"west": {"uv": [6, 10, 5, 11], "rotation": 180, "texture": "#3"},
				"up": {"uv": [5, 11, 6, 10], "texture": "#3"},
				"down": {"uv": [6, 11, 5, 10], "rotation": 180, "texture": "#3"}
			}
		},
		{
			"name": "s",
			"from": [14.5, 9.1, 15],
			"to": [14.5, 10.1, 16],
			"rotation": {"angle": 0, "axis": "x", "origin": [9.1, 6, 15.5]},
			"faces": {
				"north": {"uv": [15, 11, 14, 10], "texture": "#3"},
				"east": {"uv": [15, 10, 14, 11], "rotation": 180, "texture": "#3"},
				"south": {"uv": [15, 10, 14, 11], "rotation": 180, "texture": "#3"},
				"west": {"uv": [15, 10, 14, 11], "rotation": 180, "texture": "#3"},
				"up": {"uv": [14, 11, 15, 10], "texture": "#3"},
				"down": {"uv": [15, 11, 14, 10], "rotation": 180, "texture": "#3"}
			}
		},
		{
			"name": "s",
			"from": [1.5, 11.1, 15],
			"to": [1.5, 12.1, 16],
			"rotation": {"angle": 0, "axis": "x", "origin": [9.1, 6, 15.5]},
			"faces": {
				"north": {"uv": [2, 13, 1, 12], "texture": "#3"},
				"east": {"uv": [2, 12, 1, 13], "rotation": 180, "texture": "#3"},
				"south": {"uv": [2, 12, 1, 13], "rotation": 180, "texture": "#3"},
				"west": {"uv": [2, 12, 1, 13], "rotation": 180, "texture": "#3"},
				"up": {"uv": [1, 13, 2, 12], "texture": "#3"},
				"down": {"uv": [2, 13, 1, 12], "rotation": 180, "texture": "#3"}
			}
		},
		{
			"name": "s",
			"from": [10.5, 13.1, 15],
			"to": [10.5, 14.1, 16],
			"rotation": {"angle": 0, "axis": "x", "origin": [9.1, 6, 15.5]},
			"faces": {
				"north": {"uv": [11, 15, 10, 14], "texture": "#3"},
				"east": {"uv": [11, 14, 10, 15], "rotation": 180, "texture": "#3"},
				"south": {"uv": [11, 14, 10, 15], "rotation": 180, "texture": "#3"},
				"west": {"uv": [11, 14, 10, 15], "rotation": 180, "texture": "#3"},
				"up": {"uv": [10, 15, 11, 14], "texture": "#3"},
				"down": {"uv": [11, 15, 10, 14], "rotation": 180, "texture": "#3"}
			}
		},
		{
			"name": "s",
			"from": [10.5, 0.1, 0],
			"to": [10.5, 1.1, 1],
			"rotation": {"angle": 0, "axis": "x", "origin": [6.9, 6, 0.5]},
			"faces": {
				"north": {"uv": [6, 1, 5, 2], "rotation": 180, "texture": "#3"},
				"east": {"uv": [6, 1, 5, 2], "rotation": 180, "texture": "#3"},
				"south": {"uv": [6, 2, 5, 1], "texture": "#3"},
				"west": {"uv": [6, 1, 5, 2], "rotation": 180, "texture": "#3"},
				"up": {"uv": [6, 1, 5, 2], "texture": "#3"},
				"down": {"uv": [5, 1, 6, 2], "rotation": 180, "texture": "#3"}
			}
		},
		{
			"name": "s",
			"from": [1.5, 0.1, 0],
			"to": [1.5, 1.1, 1],
			"rotation": {"angle": 0, "axis": "x", "origin": [6.9, 6, 0.5]},
			"faces": {
				"north": {"uv": [15, 1, 14, 2], "rotation": 180, "texture": "#3"},
				"east": {"uv": [15, 1, 14, 2], "rotation": 180, "texture": "#3"},
				"south": {"uv": [15, 2, 14, 1], "texture": "#3"},
				"west": {"uv": [15, 1, 14, 2], "rotation": 180, "texture": "#3"},
				"up": {"uv": [15, 1, 14, 2], "texture": "#3"},
				"down": {"uv": [14, 1, 15, 2], "rotation": 180, "texture": "#3"}
			}
		},
		{
			"name": "s",
			"from": [14.5, 1.1, 0],
			"to": [14.5, 2.1, 1],
			"rotation": {"angle": 0, "axis": "x", "origin": [6.9, 6, 0.5]},
			"faces": {
				"north": {"uv": [2, 2, 1, 3], "rotation": 180, "texture": "#3"},
				"east": {"uv": [2, 2, 1, 3], "rotation": 180, "texture": "#3"},
				"south": {"uv": [2, 3, 1, 2], "texture": "#3"},
				"west": {"uv": [2, 2, 1, 3], "rotation": 180, "texture": "#3"},
				"up": {"uv": [2, 2, 1, 3], "texture": "#3"},
				"down": {"uv": [1, 2, 2, 3], "rotation": 180, "texture": "#3"}
			}
		},
		{
			"name": "s",
			"from": [5.5, 2.1, 0],
			"to": [5.5, 3.1, 1],
			"rotation": {"angle": 0, "axis": "x", "origin": [6.9, 6, 0.5]},
			"faces": {
				"north": {"uv": [11, 3, 10, 4], "rotation": 180, "texture": "#3"},
				"east": {"uv": [11, 3, 10, 4], "rotation": 180, "texture": "#3"},
				"south": {"uv": [11, 4, 10, 3], "texture": "#3"},
				"west": {"uv": [11, 3, 10, 4], "rotation": 180, "texture": "#3"},
				"up": {"uv": [11, 3, 10, 4], "texture": "#3"},
				"down": {"uv": [10, 3, 11, 4], "rotation": 180, "texture": "#3"}
			}
		},
		{
			"name": "s",
			"from": [1.5, 4.1, 0],
			"to": [1.5, 5.1, 1],
			"rotation": {"angle": 0, "axis": "x", "origin": [6.9, 6, 0.5]},
			"faces": {
				"north": {"uv": [15, 5, 14, 6], "rotation": 180, "texture": "#3"},
				"east": {"uv": [15, 5, 14, 6], "rotation": 180, "texture": "#3"},
				"south": {"uv": [15, 6, 14, 5], "texture": "#3"},
				"west": {"uv": [15, 5, 14, 6], "rotation": 180, "texture": "#3"},
				"up": {"uv": [15, 5, 14, 6], "texture": "#3"},
				"down": {"uv": [14, 5, 15, 6], "rotation": 180, "texture": "#3"}
			}
		},
		{
			"name": "s",
			"from": [8.5, 5.1, 0],
			"to": [8.5, 6.1, 1],
			"rotation": {"angle": 0, "axis": "x", "origin": [6.9, 6, 0.5]},
			"faces": {
				"north": {"uv": [8, 6, 7, 7], "rotation": 180, "texture": "#3"},
				"east": {"uv": [8, 6, 7, 7], "rotation": 180, "texture": "#3"},
				"south": {"uv": [8, 7, 7, 6], "texture": "#3"},
				"west": {"uv": [8, 6, 7, 7], "rotation": 180, "texture": "#3"},
				"up": {"uv": [8, 6, 7, 7], "texture": "#3"},
				"down": {"uv": [7, 6, 8, 7], "rotation": 180, "texture": "#3"}
			}
		},
		{
			"name": "s",
			"from": [10.5, 9.1, 0],
			"to": [10.5, 10.1, 1],
			"rotation": {"angle": 0, "axis": "x", "origin": [6.9, 6, 0.5]},
			"faces": {
				"north": {"uv": [6, 10, 5, 11], "rotation": 180, "texture": "#3"},
				"east": {"uv": [6, 10, 5, 11], "rotation": 180, "texture": "#3"},
				"south": {"uv": [6, 11, 5, 10], "texture": "#3"},
				"west": {"uv": [6, 10, 5, 11], "rotation": 180, "texture": "#3"},
				"up": {"uv": [6, 10, 5, 11], "texture": "#3"},
				"down": {"uv": [5, 10, 6, 11], "rotation": 180, "texture": "#3"}
			}
		},
		{
			"name": "s",
			"from": [1.5, 9.1, 0],
			"to": [1.5, 10.1, 1],
			"rotation": {"angle": 0, "axis": "x", "origin": [6.9, 6, 0.5]},
			"faces": {
				"north": {"uv": [15, 10, 14, 11], "rotation": 180, "texture": "#3"},
				"east": {"uv": [15, 10, 14, 11], "rotation": 180, "texture": "#3"},
				"south": {"uv": [15, 11, 14, 10], "texture": "#3"},
				"west": {"uv": [15, 10, 14, 11], "rotation": 180, "texture": "#3"},
				"up": {"uv": [15, 10, 14, 11], "texture": "#3"},
				"down": {"uv": [14, 10, 15, 11], "rotation": 180, "texture": "#3"}
			}
		},
		{
			"name": "s",
			"from": [14.5, 11.1, 0],
			"to": [14.5, 12.1, 1],
			"rotation": {"angle": 0, "axis": "x", "origin": [6.9, 6, 0.5]},
			"faces": {
				"north": {"uv": [2, 12, 1, 13], "rotation": 180, "texture": "#3"},
				"east": {"uv": [2, 12, 1, 13], "rotation": 180, "texture": "#3"},
				"south": {"uv": [2, 13, 1, 12], "texture": "#3"},
				"west": {"uv": [2, 12, 1, 13], "rotation": 180, "texture": "#3"},
				"up": {"uv": [2, 12, 1, 13], "texture": "#3"},
				"down": {"uv": [1, 12, 2, 13], "rotation": 180, "texture": "#3"}
			}
		},
		{
			"name": "s",
			"from": [5.5, 13.1, 0],
			"to": [5.5, 14.1, 1],
			"rotation": {"angle": 0, "axis": "x", "origin": [6.9, 6, 0.5]},
			"faces": {
				"north": {"uv": [11, 14, 10, 15], "rotation": 180, "texture": "#3"},
				"east": {"uv": [11, 14, 10, 15], "rotation": 180, "texture": "#3"},
				"south": {"uv": [11, 15, 10, 14], "texture": "#3"},
				"west": {"uv": [11, 14, 10, 15], "rotation": 180, "texture": "#3"},
				"up": {"uv": [11, 14, 10, 15], "texture": "#3"},
				"down": {"uv": [10, 14, 11, 15], "rotation": 180, "texture": "#3"}
			}
		},
		{
			"name": "s",
			"from": [15, 0.1, 10.5],
			"to": [16, 1.1, 10.5],
			"rotation": {"angle": 0, "axis": "y", "origin": [8, 6, 7.4]},
			"faces": {
				"north": {"uv": [6, 1, 5, 2], "rotation": 180, "texture": "#3"},
				"east": {"uv": [6, 1, 5, 2], "rotation": 180, "texture": "#3"},
				"south": {"uv": [6, 1, 5, 2], "rotation": 180, "texture": "#3"},
				"west": {"uv": [6, 2, 5, 1], "texture": "#3"},
				"up": {"uv": [6, 1, 5, 2], "rotation": 90, "texture": "#3"},
				"down": {"uv": [5, 1, 6, 2], "rotation": 90, "texture": "#3"}
			}
		},
		{
			"name": "s",
			"from": [15, 0.1, 1.5],
			"to": [16, 1.1, 1.5],
			"rotation": {"angle": 0, "axis": "y", "origin": [8, 6, 7.4]},
			"faces": {
				"north": {"uv": [15, 1, 14, 2], "rotation": 180, "texture": "#3"},
				"east": {"uv": [15, 1, 14, 2], "rotation": 180, "texture": "#3"},
				"south": {"uv": [15, 1, 14, 2], "rotation": 180, "texture": "#3"},
				"west": {"uv": [15, 2, 14, 1], "texture": "#3"},
				"up": {"uv": [15, 1, 14, 2], "rotation": 90, "texture": "#3"},
				"down": {"uv": [14, 1, 15, 2], "rotation": 90, "texture": "#3"}
			}
		},
		{
			"name": "s",
			"from": [15, 1.1, 14.5],
			"to": [16, 2.1, 14.5],
			"rotation": {"angle": 0, "axis": "y", "origin": [8, 6, 7.4]},
			"faces": {
				"north": {"uv": [2, 2, 1, 3], "rotation": 180, "texture": "#3"},
				"east": {"uv": [2, 2, 1, 3], "rotation": 180, "texture": "#3"},
				"south": {"uv": [2, 2, 1, 3], "rotation": 180, "texture": "#3"},
				"west": {"uv": [2, 3, 1, 2], "texture": "#3"},
				"up": {"uv": [2, 2, 1, 3], "rotation": 90, "texture": "#3"},
				"down": {"uv": [1, 2, 2, 3], "rotation": 90, "texture": "#3"}
			}
		},
		{
			"name": "s",
			"from": [15, 2.1, 5.5],
			"to": [16, 3.1, 5.5],
			"rotation": {"angle": 0, "axis": "y", "origin": [8, 6, 7.4]},
			"faces": {
				"north": {"uv": [11, 3, 10, 4], "rotation": 180, "texture": "#3"},
				"east": {"uv": [11, 3, 10, 4], "rotation": 180, "texture": "#3"},
				"south": {"uv": [11, 3, 10, 4], "rotation": 180, "texture": "#3"},
				"west": {"uv": [11, 4, 10, 3], "texture": "#3"},
				"up": {"uv": [11, 3, 10, 4], "rotation": 90, "texture": "#3"},
				"down": {"uv": [10, 3, 11, 4], "rotation": 90, "texture": "#3"}
			}
		},
		{
			"name": "s",
			"from": [15, 4.1, 1.5],
			"to": [16, 5.1, 1.5],
			"rotation": {"angle": 0, "axis": "y", "origin": [8, 6, 7.4]},
			"faces": {
				"north": {"uv": [15, 5, 14, 6], "rotation": 180, "texture": "#3"},
				"east": {"uv": [15, 5, 14, 6], "rotation": 180, "texture": "#3"},
				"south": {"uv": [15, 5, 14, 6], "rotation": 180, "texture": "#3"},
				"west": {"uv": [15, 6, 14, 5], "texture": "#3"},
				"up": {"uv": [15, 5, 14, 6], "rotation": 90, "texture": "#3"},
				"down": {"uv": [14, 5, 15, 6], "rotation": 90, "texture": "#3"}
			}
		},
		{
			"name": "s",
			"from": [15, 5.1, 8.5],
			"to": [16, 6.1, 8.5],
			"rotation": {"angle": 0, "axis": "y", "origin": [8, 6, 7.4]},
			"faces": {
				"north": {"uv": [8, 6, 7, 7], "rotation": 180, "texture": "#3"},
				"east": {"uv": [8, 6, 7, 7], "rotation": 180, "texture": "#3"},
				"south": {"uv": [8, 6, 7, 7], "rotation": 180, "texture": "#3"},
				"west": {"uv": [8, 7, 7, 6], "texture": "#3"},
				"up": {"uv": [8, 6, 7, 7], "rotation": 90, "texture": "#3"},
				"down": {"uv": [7, 6, 8, 7], "rotation": 90, "texture": "#3"}
			}
		},
		{
			"name": "s",
			"from": [15, 9.1, 10.5],
			"to": [16, 10.1, 10.5],
			"rotation": {"angle": 0, "axis": "y", "origin": [8, 6, 7.4]},
			"faces": {
				"north": {"uv": [6, 10, 5, 11], "rotation": 180, "texture": "#3"},
				"east": {"uv": [6, 10, 5, 11], "rotation": 180, "texture": "#3"},
				"south": {"uv": [6, 10, 5, 11], "rotation": 180, "texture": "#3"},
				"west": {"uv": [6, 11, 5, 10], "texture": "#3"},
				"up": {"uv": [6, 10, 5, 11], "rotation": 90, "texture": "#3"},
				"down": {"uv": [5, 10, 6, 11], "rotation": 90, "texture": "#3"}
			}
		},
		{
			"name": "s",
			"from": [15, 9.1, 1.5],
			"to": [16, 10.1, 1.5],
			"rotation": {"angle": 0, "axis": "y", "origin": [8, 6, 7.4]},
			"faces": {
				"north": {"uv": [15, 10, 14, 11], "rotation": 180, "texture": "#3"},
				"east": {"uv": [15, 10, 14, 11], "rotation": 180, "texture": "#3"},
				"south": {"uv": [15, 10, 14, 11], "rotation": 180, "texture": "#3"},
				"west": {"uv": [15, 11, 14, 10], "texture": "#3"},
				"up": {"uv": [15, 10, 14, 11], "rotation": 90, "texture": "#3"},
				"down": {"uv": [14, 10, 15, 11], "rotation": 90, "texture": "#3"}
			}
		},
		{
			"name": "s",
			"from": [15, 11.1, 14.5],
			"to": [16, 12.1, 14.5],
			"rotation": {"angle": 0, "axis": "y", "origin": [8, 6, 7.4]},
			"faces": {
				"north": {"uv": [2, 12, 1, 13], "rotation": 180, "texture": "#3"},
				"east": {"uv": [2, 12, 1, 13], "rotation": 180, "texture": "#3"},
				"south": {"uv": [2, 12, 1, 13], "rotation": 180, "texture": "#3"},
				"west": {"uv": [2, 13, 1, 12], "texture": "#3"},
				"up": {"uv": [2, 12, 1, 13], "rotation": 90, "texture": "#3"},
				"down": {"uv": [1, 12, 2, 13], "rotation": 90, "texture": "#3"}
			}
		},
		{
			"name": "s",
			"from": [15, 13.1, 5.5],
			"to": [16, 14.1, 5.5],
			"rotation": {"angle": 0, "axis": "y", "origin": [8, 6, 7.4]},
			"faces": {
				"north": {"uv": [11, 14, 10, 15], "rotation": 180, "texture": "#3"},
				"east": {"uv": [11, 14, 10, 15], "rotation": 180, "texture": "#3"},
				"south": {"uv": [11, 14, 10, 15], "rotation": 180, "texture": "#3"},
				"west": {"uv": [11, 15, 10, 14], "texture": "#3"},
				"up": {"uv": [11, 14, 10, 15], "rotation": 90, "texture": "#3"},
				"down": {"uv": [10, 14, 11, 15], "rotation": 90, "texture": "#3"}
			}
		},
		{
			"name": "s",
			"from": [0, 0.1, 5.5],
			"to": [1, 1.1, 5.5],
			"rotation": {"angle": 0, "axis": "y", "origin": [8, 6, 8.6]},
			"faces": {
				"north": {"uv": [6, 1, 5, 2], "rotation": 180, "texture": "#3"},
				"east": {"uv": [6, 2, 5, 1], "texture": "#3"},
				"south": {"uv": [6, 1, 5, 2], "rotation": 180, "texture": "#3"},
				"west": {"uv": [6, 1, 5, 2], "rotation": 180, "texture": "#3"},
				"up": {"uv": [5, 2, 6, 1], "rotation": 90, "texture": "#3"},
				"down": {"uv": [6, 2, 5, 1], "rotation": 90, "texture": "#3"}
			}
		},
		{
			"name": "s",
			"from": [0, 0.1, 14.5],
			"to": [1, 1.1, 14.5],
			"rotation": {"angle": 0, "axis": "y", "origin": [8, 6, 8.6]},
			"faces": {
				"north": {"uv": [15, 1, 14, 2], "rotation": 180, "texture": "#3"},
				"east": {"uv": [15, 2, 14, 1], "texture": "#3"},
				"south": {"uv": [15, 1, 14, 2], "rotation": 180, "texture": "#3"},
				"west": {"uv": [15, 1, 14, 2], "rotation": 180, "texture": "#3"},
				"up": {"uv": [14, 2, 15, 1], "rotation": 90, "texture": "#3"},
				"down": {"uv": [15, 2, 14, 1], "rotation": 90, "texture": "#3"}
			}
		},
		{
			"name": "s",
			"from": [0, 1.1, 1.5],
			"to": [1, 2.1, 1.5],
			"rotation": {"angle": 0, "axis": "y", "origin": [8, 6, 8.6]},
			"faces": {
				"north": {"uv": [2, 2, 1, 3], "rotation": 180, "texture": "#3"},
				"east": {"uv": [2, 3, 1, 2], "texture": "#3"},
				"south": {"uv": [2, 2, 1, 3], "rotation": 180, "texture": "#3"},
				"west": {"uv": [2, 2, 1, 3], "rotation": 180, "texture": "#3"},
				"up": {"uv": [1, 3, 2, 2], "rotation": 90, "texture": "#3"},
				"down": {"uv": [2, 3, 1, 2], "rotation": 90, "texture": "#3"}
			}
		},
		{
			"name": "s",
			"from": [0, 2.1, 10.5],
			"to": [1, 3.1, 10.5],
			"rotation": {"angle": 0, "axis": "y", "origin": [8, 6, 8.6]},
			"faces": {
				"north": {"uv": [11, 3, 10, 4], "rotation": 180, "texture": "#3"},
				"east": {"uv": [11, 4, 10, 3], "texture": "#3"},
				"south": {"uv": [11, 3, 10, 4], "rotation": 180, "texture": "#3"},
				"west": {"uv": [11, 3, 10, 4], "rotation": 180, "texture": "#3"},
				"up": {"uv": [10, 4, 11, 3], "rotation": 90, "texture": "#3"},
				"down": {"uv": [11, 4, 10, 3], "rotation": 90, "texture": "#3"}
			}
		},
		{
			"name": "s",
			"from": [0, 4.1, 14.5],
			"to": [1, 5.1, 14.5],
			"rotation": {"angle": 0, "axis": "y", "origin": [8, 6, 8.6]},
			"faces": {
				"north": {"uv": [15, 5, 14, 6], "rotation": 180, "texture": "#3"},
				"east": {"uv": [15, 6, 14, 5], "texture": "#3"},
				"south": {"uv": [15, 5, 14, 6], "rotation": 180, "texture": "#3"},
				"west": {"uv": [15, 5, 14, 6], "rotation": 180, "texture": "#3"},
				"up": {"uv": [14, 6, 15, 5], "rotation": 90, "texture": "#3"},
				"down": {"uv": [15, 6, 14, 5], "rotation": 90, "texture": "#3"}
			}
		},
		{
			"name": "s",
			"from": [0, 5.1, 7.5],
			"to": [1, 6.1, 7.5],
			"rotation": {"angle": 0, "axis": "y", "origin": [8, 6, 8.6]},
			"faces": {
				"north": {"uv": [8, 6, 7, 7], "rotation": 180, "texture": "#3"},
				"east": {"uv": [8, 7, 7, 6], "texture": "#3"},
				"south": {"uv": [8, 6, 7, 7], "rotation": 180, "texture": "#3"},
				"west": {"uv": [8, 6, 7, 7], "rotation": 180, "texture": "#3"},
				"up": {"uv": [7, 7, 8, 6], "rotation": 90, "texture": "#3"},
				"down": {"uv": [8, 7, 7, 6], "rotation": 90, "texture": "#3"}
			}
		},
		{
			"name": "s",
			"from": [0, 9.1, 5.5],
			"to": [1, 10.1, 5.5],
			"rotation": {"angle": 0, "axis": "y", "origin": [8, 6, 8.6]},
			"faces": {
				"north": {"uv": [6, 10, 5, 11], "rotation": 180, "texture": "#3"},
				"east": {"uv": [6, 11, 5, 10], "texture": "#3"},
				"south": {"uv": [6, 10, 5, 11], "rotation": 180, "texture": "#3"},
				"west": {"uv": [6, 10, 5, 11], "rotation": 180, "texture": "#3"},
				"up": {"uv": [5, 11, 6, 10], "rotation": 90, "texture": "#3"},
				"down": {"uv": [6, 11, 5, 10], "rotation": 90, "texture": "#3"}
			}
		},
		{
			"name": "s",
			"from": [0, 9.1, 14.5],
			"to": [1, 10.1, 14.5],
			"rotation": {"angle": 0, "axis": "y", "origin": [8, 6, 8.6]},
			"faces": {
				"north": {"uv": [15, 10, 14, 11], "rotation": 180, "texture": "#3"},
				"east": {"uv": [15, 11, 14, 10], "texture": "#3"},
				"south": {"uv": [15, 10, 14, 11], "rotation": 180, "texture": "#3"},
				"west": {"uv": [15, 10, 14, 11], "rotation": 180, "texture": "#3"},
				"up": {"uv": [14, 11, 15, 10], "rotation": 90, "texture": "#3"},
				"down": {"uv": [15, 11, 14, 10], "rotation": 90, "texture": "#3"}
			}
		},
		{
			"name": "s",
			"from": [0, 11.1, 1.5],
			"to": [1, 12.1, 1.5],
			"rotation": {"angle": 0, "axis": "y", "origin": [8, 6, 8.6]},
			"faces": {
				"north": {"uv": [2, 12, 1, 13], "rotation": 180, "texture": "#3"},
				"east": {"uv": [2, 13, 1, 12], "texture": "#3"},
				"south": {"uv": [2, 12, 1, 13], "rotation": 180, "texture": "#3"},
				"west": {"uv": [2, 12, 1, 13], "rotation": 180, "texture": "#3"},
				"up": {"uv": [1, 13, 2, 12], "rotation": 90, "texture": "#3"},
				"down": {"uv": [2, 13, 1, 12], "rotation": 90, "texture": "#3"}
			}
		},
		{
			"name": "s",
			"from": [0, 13.1, 10.5],
			"to": [1, 14.1, 10.5],
			"rotation": {"angle": 0, "axis": "y", "origin": [8, 6, 8.6]},
			"faces": {
				"north": {"uv": [11, 14, 10, 15], "rotation": 180, "texture": "#3"},
				"east": {"uv": [11, 15, 10, 14], "texture": "#3"},
				"south": {"uv": [11, 14, 10, 15], "rotation": 180, "texture": "#3"},
				"west": {"uv": [11, 14, 10, 15], "rotation": 180, "texture": "#3"},
				"up": {"uv": [10, 15, 11, 14], "rotation": 90, "texture": "#3"},
				"down": {"uv": [11, 15, 10, 14], "rotation": 90, "texture": "#3"}
			}
		},
		{
			"from": [14.2, 9.5, 6],
			"to": [14.2, 13.5, 10],
			"rotation": {"angle": -22.5, "axis": "z", "origin": [15.5, 8, 7.5]},
			"faces": {
				"north": {"uv": [6, 2, 10, 6], "texture": "#5"},
				"east": {"uv": [6, 2, 10, 6], "texture": "#5"},
				"south": {"uv": [6, 2, 10, 6], "texture": "#5"},
				"west": {"uv": [6, 2, 10, 6], "texture": "#5"},
				"up": {"uv": [6, 2, 10, 6], "texture": "#5"},
				"down": {"uv": [6, 2, 10, 6], "texture": "#5"}
			}
		},
		{
			"from": [14.2, 8, 7.25],
			"to": [14.2, 12, 11.25],
			"rotation": {"angle": 22.5, "axis": "y", "origin": [15.5, 10.5, 5.75]},
			"faces": {
				"north": {"uv": [2, 6, 6, 10], "texture": "#5"},
				"east": {"uv": [2, 6, 6, 10], "texture": "#5"},
				"south": {"uv": [2, 6, 6, 10], "texture": "#5"},
				"west": {"uv": [2, 6, 6, 10], "texture": "#5"},
				"up": {"uv": [2, 6, 6, 10], "texture": "#5"},
				"down": {"uv": [2, 6, 6, 10], "texture": "#5"}
			}
		},
		{
			"from": [16.7, 6.5, 6],
			"to": [16.7, 10.5, 10],
			"rotation": {"angle": 22.5, "axis": "z", "origin": [15.5, 6, 7.5]},
			"faces": {
				"north": {"uv": [6, 10, 10, 14], "texture": "#5"},
				"east": {"uv": [6, 10, 10, 14], "texture": "#5"},
				"south": {"uv": [6, 10, 10, 14], "texture": "#5"},
				"west": {"uv": [6, 10, 10, 14], "texture": "#5"},
				"up": {"uv": [6, 10, 10, 14], "texture": "#5"},
				"down": {"uv": [6, 10, 10, 14], "texture": "#5"}
			}
		},
		{
			"from": [16.7, 8, 4.25],
			"to": [16.7, 12, 8.25],
			"rotation": {"angle": -22.5, "axis": "y", "origin": [15.5, 10.5, 3.75]},
			"faces": {
				"north": {"uv": [10, 6, 14, 10], "texture": "#5"},
				"east": {"uv": [10, 6, 14, 10], "texture": "#5"},
				"south": {"uv": [10, 6, 14, 10], "texture": "#5"},
				"west": {"uv": [10, 6, 14, 10], "texture": "#5"},
				"up": {"uv": [10, 6, 14, 10], "texture": "#5"},
				"down": {"uv": [10, 6, 14, 10], "texture": "#5"}
			}
		},
		{
			"from": [15, 9.25, 7],
			"to": [16, 11.25, 9],
			"rotation": {"angle": 0, "axis": "x", "origin": [8, 7, 8]},
			"faces": {
				"north": {"uv": [9, 7, 10, 9], "texture": "#5"},
				"east": {"uv": [7, 7, 9, 9], "texture": "#5"},
				"south": {"uv": [6, 7, 7, 9], "texture": "#5"},
				"west": {"uv": [7, 7, 9, 9], "texture": "#5"},
				"up": {"uv": [7, 6, 9, 7], "texture": "#5"},
				"down": {"uv": [7, 9, 9, 10], "texture": "#5"}
			}
		}
	],
	"display": {
		"thirdperson_righthand": {
			"rotation": [75, 45, 0],
			"translation": [0, 2.5, 0],
			"scale": [0.375, 0.375, 0.375]
		},
		"thirdperson_lefthand": {
			"rotation": [75, 45, 0],
			"translation": [0, 2.5, 0],
			"scale": [0.375, 0.375, 0.375]
		},
		"firstperson_righthand": {
			"rotation": [0, 45, 0],
			"scale": [0.4, 0.4, 0.4]
		},
		"firstperson_lefthand": {
			"rotation": [0, 225, 0],
			"scale": [0.4, 0.4, 0.4]
		},
		"ground": {
			"translation": [0, 3, 0],
			"scale": [0.25, 0.25, 0.25]
		},
		"gui": {
			"rotation": [30, 225, 0],
			"scale": [0.625, 0.625, 0.625]
		},
		"fixed": {
			"scale": [0.5, 0.5, 0.5]
		}
	},
	"groups": [0,
		{
			"name": "spikes",
			"origin": [8, 8, 8],
			"children": [
				{
					"name": "top",
					"origin": [8, 8, 8],
					"children": [1, 2, 3, 4, 5, 6, 7, 8, 9, 10]
				},
				{
					"name": "side",
					"origin": [8, 8, 8],
					"children": [11, 12, 13, 14, 15, 16, 17, 18, 19, 20]
				},
				{
					"name": "side",
					"origin": [8, 8, 8],
					"children": [21, 22, 23, 24, 25, 26, 27, 28, 29, 30]
				},
				{
					"name": "side",
					"origin": [8, 8, 8],
					"children": [31, 32, 33, 34, 35, 36, 37, 38, 39, 40]
				},
				{
					"name": "side",
					"origin": [8, 8, 8],
					"children": [41, 42, 43, 44, 45, 46, 47, 48, 49, 50]
				}
			]
		},
		{
			"name": "flower1",
			"origin": [8, 8, 8],
			"children": [51, 52, 53, 54, 55]
		}
	]
}