{
	"credit": "Made with Blockbench",
	"textures": {
		"1": "block/itemframe",
		"particle": "block/itemframe"
	},
	"elements": [
		{
			"name": "itemframe_0",
			"from": [7, 6.1, 15.25],
			"to": [8, 7, 16],
			"faces": {
				"north": {"uv": [7, 6, 8, 7], "rotation": 180, "texture": "#1"},
				"east": {"uv": [7, 6, 8, 7], "rotation": 180, "texture": "#1"},
				"south": {"uv": [7, 7, 8, 6], "texture": "#1"},
				"west": {"uv": [7, 6, 8, 7], "rotation": 180, "texture": "#1"},
				"up": {"uv": [7, 6, 8, 7], "texture": "#1"},
				"down": {"uv": [8, 6, 7, 7], "rotation": 180, "texture": "#1"}
			}
		},
		{
			"name": "itemframe_1",
			"from": [8, 6.1, 15.25],
			"to": [9, 7, 16],
			"faces": {
				"north": {"uv": [8, 6, 9, 7], "rotation": 180, "texture": "#1"},
				"east": {"uv": [8, 6, 9, 7], "rotation": 180, "texture": "#1"},
				"south": {"uv": [8, 7, 9, 6], "texture": "#1"},
				"west": {"uv": [8, 6, 9, 7], "rotation": 180, "texture": "#1"},
				"up": {"uv": [8, 6, 9, 7], "texture": "#1"},
				"down": {"uv": [9, 6, 8, 7], "rotation": 180, "texture": "#1"}
			}
		},
		{
			"name": "itemframe_2",
			"from": [6.1, 7, 15.25],
			"to": [7, 8, 16],
			"faces": {
				"north": {"uv": [6, 7, 7, 8], "rotation": 180, "texture": "#1"},
				"east": {"uv": [6, 7, 7, 8], "rotation": 180, "texture": "#1"},
				"south": {"uv": [6, 8, 7, 7], "texture": "#1"},
				"west": {"uv": [6, 7, 7, 8], "rotation": 180, "texture": "#1"},
				"up": {"uv": [6, 7, 7, 8], "texture": "#1"},
				"down": {"uv": [7, 7, 6, 8], "rotation": 180, "texture": "#1"}
			}
		},
		{
			"name": "itemframe_3",
			"from": [7, 7, 15.25],
			"to": [8, 8, 16],
			"faces": {
				"north": {"uv": [7, 7, 8, 8], "rotation": 180, "texture": "#1"},
				"east": {"uv": [7, 7, 8, 8], "rotation": 180, "texture": "#1"},
				"south": {"uv": [7, 8, 8, 7], "texture": "#1"},
				"west": {"uv": [7, 7, 8, 8], "rotation": 180, "texture": "#1"},
				"up": {"uv": [7, 7, 8, 8], "texture": "#1"},
				"down": {"uv": [8, 7, 7, 8], "rotation": 180, "texture": "#1"}
			}
		},
		{
			"name": "itemframe_4",
			"from": [8, 7, 15.25],
			"to": [9, 8, 16],
			"faces": {
				"north": {"uv": [8, 7, 9, 8], "rotation": 180, "texture": "#1"},
				"east": {"uv": [8, 7, 9, 8], "rotation": 180, "texture": "#1"},
				"south": {"uv": [8, 8, 9, 7], "texture": "#1"},
				"west": {"uv": [8, 7, 9, 8], "rotation": 180, "texture": "#1"},
				"up": {"uv": [8, 7, 9, 8], "texture": "#1"},
				"down": {"uv": [9, 7, 8, 8], "rotation": 180, "texture": "#1"}
			}
		},
		{
			"name": "itemframe_5",
			"from": [9, 7, 15.25],
			"to": [9.9, 8, 16],
			"faces": {
				"north": {"uv": [9, 7, 10, 8], "rotation": 180, "texture": "#1"},
				"east": {"uv": [9, 7, 10, 8], "rotation": 180, "texture": "#1"},
				"south": {"uv": [9, 8, 10, 7], "texture": "#1"},
				"west": {"uv": [9, 7, 10, 8], "rotation": 180, "texture": "#1"},
				"up": {"uv": [9, 7, 10, 8], "texture": "#1"},
				"down": {"uv": [10, 7, 9, 8], "rotation": 180, "texture": "#1"}
			}
		},
		{
			"name": "itemframe_6",
			"from": [6.1, 8, 15.25],
			"to": [7, 9, 16],
			"faces": {
				"north": {"uv": [6, 8, 7, 9], "rotation": 180, "texture": "#1"},
				"east": {"uv": [6, 8, 7, 9], "rotation": 180, "texture": "#1"},
				"south": {"uv": [6, 9, 7, 8], "texture": "#1"},
				"west": {"uv": [6, 8, 7, 9], "rotation": 180, "texture": "#1"},
				"up": {"uv": [6, 8, 7, 9], "texture": "#1"},
				"down": {"uv": [7, 8, 6, 9], "rotation": 180, "texture": "#1"}
			}
		},
		{
			"name": "itemframe_7",
			"from": [7, 8, 15.25],
			"to": [8, 9, 16],
			"faces": {
				"north": {"uv": [7, 8, 8, 9], "rotation": 180, "texture": "#1"},
				"east": {"uv": [7, 8, 8, 9], "rotation": 180, "texture": "#1"},
				"south": {"uv": [7, 9, 8, 8], "texture": "#1"},
				"west": {"uv": [7, 8, 8, 9], "rotation": 180, "texture": "#1"},
				"up": {"uv": [7, 8, 8, 9], "texture": "#1"},
				"down": {"uv": [8, 8, 7, 9], "rotation": 180, "texture": "#1"}
			}
		},
		{
			"name": "itemframe_8",
			"from": [8, 8, 15.25],
			"to": [9, 9, 16],
			"faces": {
				"north": {"uv": [8, 8, 9, 9], "rotation": 180, "texture": "#1"},
				"east": {"uv": [8, 8, 9, 9], "rotation": 180, "texture": "#1"},
				"south": {"uv": [8, 9, 9, 8], "texture": "#1"},
				"west": {"uv": [8, 8, 9, 9], "rotation": 180, "texture": "#1"},
				"up": {"uv": [8, 8, 9, 9], "texture": "#1"},
				"down": {"uv": [9, 8, 8, 9], "rotation": 180, "texture": "#1"}
			}
		},
		{
			"name": "itemframe_9",
			"from": [9, 8, 15.25],
			"to": [9.9, 9, 16],
			"faces": {
				"north": {"uv": [9, 8, 10, 9], "rotation": 180, "texture": "#1"},
				"east": {"uv": [9, 8, 10, 9], "rotation": 180, "texture": "#1"},
				"south": {"uv": [9, 9, 10, 8], "texture": "#1"},
				"west": {"uv": [9, 8, 10, 9], "rotation": 180, "texture": "#1"},
				"up": {"uv": [9, 8, 10, 9], "texture": "#1"},
				"down": {"uv": [10, 8, 9, 9], "rotation": 180, "texture": "#1"}
			}
		},
		{
			"name": "itemframe_10",
			"from": [7, 9, 15.25],
			"to": [8, 9.9, 16],
			"faces": {
				"north": {"uv": [7, 9, 8, 10], "rotation": 180, "texture": "#1"},
				"east": {"uv": [7, 9, 8, 10], "rotation": 180, "texture": "#1"},
				"south": {"uv": [7, 10, 8, 9], "texture": "#1"},
				"west": {"uv": [7, 9, 8, 10], "rotation": 180, "texture": "#1"},
				"up": {"uv": [7, 9, 8, 10], "texture": "#1"},
				"down": {"uv": [8, 9, 7, 10], "rotation": 180, "texture": "#1"}
			}
		},
		{
			"name": "itemframe_11",
			"from": [8, 9, 15.25],
			"to": [9, 9.9, 16],
			"faces": {
				"north": {"uv": [8, 9, 9, 10], "rotation": 180, "texture": "#1"},
				"east": {"uv": [8, 9, 9, 10], "rotation": 180, "texture": "#1"},
				"south": {"uv": [8, 10, 9, 9], "texture": "#1"},
				"west": {"uv": [8, 9, 9, 10], "rotation": 180, "texture": "#1"},
				"up": {"uv": [8, 9, 9, 10], "texture": "#1"},
				"down": {"uv": [9, 9, 8, 10], "rotation": 180, "texture": "#1"}
			}
		}
	],
	"groups": [
		{
			"name": "itemframe",
			"origin": [8, 8, 8],
			"children": [0, 1, 2, 3, 4, 5, 6, 7, 8, 9, 10, 11]
		}
	]
}