{"parent":"block/block",
    "textures": {
        "particle": "#all"
    },

"elements": [ 
{
    "from": [ 0, 0, 0 ],
    "to": [ 16, 16, 16 ],
    "faces": {
        "down":  { "uv": [ 16, 16, 0, 0 ], "texture": "#all", "tintindex": 0, "cullface": "down" },
        "up":    { "uv": [ 0, 0, 16, 16 ], "texture": "#all", "tintindex": 0, "cullface": "up" },
        "north": { "uv": [ 0, 0, 16, 16 ], "texture": "#all", "tintindex": 0, "cullface": "north" },
        "south": { "uv": [ 0, 0, 16, 16 ], "texture": "#all", "tintindex": 0, "cullface": "south" },
        "west":  { "uv": [ 0, 0, 16, 16 ], "texture": "#all", "tintindex": 0, "cullface": "west" },
        "east":  { "uv": [ 0, 0, 16, 16 ], "texture": "#all", "tintindex": 0, "cullface": "east" }
    }
},
{
    "from": [ 14, -8, -7 ],
    "to": [ 14, 24, 25 ],
    "shade": false,
    "rotation": { "origin": [ 14.125, -8, -6.8125 ], "axis": "y", "angle": -22.5 },
    "faces": {
        "west":  { "uv": [ 0, 0, 16, 16 ], "texture": "#bushy", "tintindex": 0 },
        "east":  { "uv": [ 0, 0, 16, 16 ], "texture": "#bushy", "tintindex": 0 }
    }
},
{
    "from": [ -7, -8, 2 ],
    "to": [ 25, 24, 2 ],
    "shade": false,
    "rotation": { "origin": [ -6.8125, -8, 1.875 ], "axis": "y", "angle": -22.5 },
    "faces": {
        "north": { "uv": [ 0, 0, 16, 16 ], "texture": "#bushy", "tintindex": 0 },
        "south": { "uv": [ 0, 0, 16, 16 ], "texture": "#bushy", "tintindex": 0 }
    }
}
]
}
