{
	"credit": "Made with Blockbench",
	"ambientocclusion": false,
	"textures": {
		"0": "block/redstone/lever/Handle",
		"1": "block/redstone/lever/redoff",
		"2": "block/redstone/lever/Base",
		"particle": "block/redstone/lever/Base"
	},
	"elements": [
		{
			"from": [3, 1.65, 9.25],
			"to": [13, 3.15, 10.75],
			"rotation": {"angle": -22.5, "axis": "x", "origin": [8, 8.25, 8]},
			"faces": {
				"north": {"uv": [10.5, 0, 5.5, 0.5], "texture": "#0"},
				"east": {"uv": [5.5, 0.5, 6, 1], "rotation": 270, "texture": "#0"},
				"south": {"uv": [5.5, 0.5, 0.5, 0], "rotation": 180, "texture": "#0"},
				"west": {"uv": [0, 0.5, 0.5, 1], "rotation": 90, "texture": "#0"},
				"up": {"uv": [6, 0.5, 11, 1], "rotation": 180, "texture": "#0"},
				"down": {"uv": [0.5, 0.5, 5.5, 1], "texture": "#0"}
			}
		},
		{
			"name": "red",
			"from": [5.5, 1, 4],
			"to": [10.5, 2, 12],
			"rotation": {"angle": 0, "axis": "y", "origin": [8, 8.25, 8]},
			"faces": {
				"north": {"uv": [6.5, 4, 4, 4.5], "texture": "#1"},
				"east": {"uv": [10.5, 4, 6.5, 4.5], "texture": "#1"},
				"south": {"uv": [13, 4, 10.5, 4.5], "texture": "#1"},
				"west": {"uv": [4, 4, 0, 4.5], "texture": "#1"},
				"up": {"uv": [6.5, 0, 4, 4], "rotation": 180, "texture": "#1"},
				"down": {"uv": [9, 4, 6.5, 0], "rotation": 180, "texture": "#1"}
			}
		},
		{
			"from": [3.5, 0, 3],
			"to": [12.5, 1, 13],
			"faces": {
				"north": {"uv": [2.5, 2.5, 4.75, 2.75], "texture": "#2"},
				"east": {"uv": [0, 2.5, 2.5, 2.75], "texture": "#2"},
				"south": {"uv": [7.25, 2.5, 9.5, 2.75], "texture": "#2"},
				"west": {"uv": [4.75, 2.5, 7.25, 2.75], "texture": "#2"},
				"up": {"uv": [4.75, 2.5, 2.5, 0], "texture": "#2"},
				"down": {"uv": [7, 0, 4.75, 2.5], "texture": "#2", "cullface": "down"}
			}
		},
		{
			"from": [3.5, 1, 7],
			"to": [5.5, 3, 9],
			"rotation": {"angle": 0, "axis": "y", "origin": [8, 8.25, 8]},
			"faces": {
				"north": {"uv": [0.5, 0.5, 1, 1], "texture": "#2"},
				"east": {"uv": [0, 0.5, 0.5, 1], "texture": "#2"},
				"south": {"uv": [1.5, 0.5, 2, 1], "texture": "#2"},
				"west": {"uv": [1, 0.5, 1.5, 1], "texture": "#2"},
				"up": {"uv": [1, 0.5, 0.5, 0], "texture": "#2"},
				"down": {"uv": [1.5, 0, 1, 0.5], "texture": "#2"}
			}
		},
		{
			"from": [10.5, 1, 7],
			"to": [12.5, 3, 9],
			"rotation": {"angle": 0, "axis": "y", "origin": [15, 8.25, 8]},
			"faces": {
				"north": {"uv": [0.5, 0.5, 1, 1], "texture": "#2"},
				"east": {"uv": [0, 0.5, 0.5, 1], "texture": "#2"},
				"south": {"uv": [1.5, 0.5, 2, 1], "texture": "#2"},
				"west": {"uv": [1, 0.5, 1.5, 1], "texture": "#2"},
				"up": {"uv": [1, 0.5, 0.5, 0], "texture": "#2"},
				"down": {"uv": [1.5, 0, 1, 0.5], "texture": "#2"}
			}
		},
		{
			"from": [11, 1.4, 6],
			"to": [12, 3.4, 11],
			"rotation": {"angle": -22.5, "axis": "x", "origin": [8, 8.25, 8]},
			"faces": {
				"north": {"uv": [2.75, 4, 3, 4.5], "rotation": 180, "texture": "#2"},
				"east": {"uv": [0, 4, 1.25, 4.5], "rotation": 180, "texture": "#2"},
				"south": {"uv": [1.25, 4, 1.5, 4.5], "rotation": 180, "texture": "#2"},
				"west": {"uv": [1.5, 4, 2.75, 4.5], "rotation": 180, "texture": "#2"},
				"up": {"uv": [1.75, 2.75, 1.5, 4], "texture": "#2"},
				"down": {"uv": [1.75, 4.25, 1.5, 3], "texture": "#2"}
			}
		},
		{
			"from": [4, 1.4, 6],
			"to": [5, 3.4, 11],
			"rotation": {"angle": -22.5, "axis": "x", "origin": [8, 8.25, 8]},
			"faces": {
				"north": {"uv": [2.75, 4, 3, 4.5], "rotation": 180, "texture": "#2"},
				"east": {"uv": [0, 4, 1.25, 4.5], "rotation": 180, "texture": "#2"},
				"south": {"uv": [1.25, 4, 1.5, 4.5], "rotation": 180, "texture": "#2"},
				"west": {"uv": [1.5, 4, 2.75, 4.5], "rotation": 180, "texture": "#2"},
				"up": {"uv": [1.75, 2.75, 1.5, 4], "texture": "#2"},
				"down": {"uv": [1.75, 4.25, 1.5, 3], "texture": "#2"}
			}
		}
	],
	"display": {
		"thirdperson_righthand": {
			"rotation": [90, 180, -90],
			"translation": [-4.25, -1.75, -2.25],
			"scale": [0.55, 0.55, 0.55]
		},
		"thirdperson_lefthand": {
			"rotation": [90, 180, -90],
			"translation": [-4.25, -1.75, -2.25],
			"scale": [0.55, 0.55, 0.55]
		},
		"firstperson_righthand": {
			"rotation": [-90, 45, 90],
			"translation": [3, 3, -4.25],
			"scale": [0.9, 0.9, 0.9]
		},
		"firstperson_lefthand": {
			"rotation": [-90, 45, 90],
			"translation": [3, 3, -4.25],
			"scale": [0.9, 0.9, 0.9]
		},
		"ground": {
			"translation": [0, 2, 0],
			"scale": [0.5, 0.5, 0.5]
		},
		"gui": {
			"rotation": [39, 135, 0],
			"translation": [0, 5, 0]
		},
		"head": {
			"translation": [0, 14.25, 0]
		},
		"fixed": {
			"rotation": [-90, 180, 0],
			"translation": [0, 0, -8]
		}
	},
	"groups": [
		{
			"name": "lever_on",
			"origin": [8, 8, 8],
			"children": [
				{
					"name": "lever",
					"origin": [8, 8, 8],
					"children": [
						{
							"name": "base",
							"origin": [8, 8, 8],
							"children": [
								{
									"name": "handle",
									"origin": [8, 2, 8],
									"children": [0]
								}
							]
						}, 1, 2, 3, 4, 5, 6]
				}
			]
		}
	]
}