{
	"credit": "Made with Blockbench",
	"ambientocclusion": false,
	"textures": {
		"0": "block/nether_wart_stage2",
		"particle": "block/nether_wart_stage2"
	},
	"elements": [
		{
			"from": [12, 8, 10],
			"to": [12, 14, 13],
			"rotation": {"angle": 0, "axis": "y", "origin": [8, 8, 15]},
			"faces": {
				"north": {"uv": [7, 9, 8.5, 12], "texture": "#0"},
				"east": {"uv": [7, 9, 8.5, 12], "texture": "#0"},
				"south": {"uv": [7, 9, 8.5, 12], "texture": "#0"},
				"west": {"uv": [7, 9, 8.5, 12], "texture": "#0"},
				"up": {"uv": [7, 9, 8.5, 12], "texture": "#0"},
				"down": {"uv": [7, 9, 8.5, 12], "texture": "#0"}
			}
		},
		{
			"from": [4, 0, 2],
			"to": [4, 10, 6],
			"rotation": {"angle": 0, "axis": "y", "origin": [4, 10, 3.5]},
			"faces": {
				"north": {"uv": [3, 11, 5, 16], "texture": "#0"},
				"east": {"uv": [3, 11, 5, 16], "texture": "#0"},
				"south": {"uv": [3, 11, 5, 16], "texture": "#0"},
				"west": {"uv": [3, 11, 5, 16], "texture": "#0"},
				"up": {"uv": [3, 11, 5, 16], "texture": "#0"},
				"down": {"uv": [3, 11, 5, 16], "texture": "#0"}
			}
		},
		{
			"from": [2, 0, 4],
			"to": [6, 10, 4],
			"rotation": {"angle": 0, "axis": "y", "origin": [3.5, 10, 4]},
			"faces": {
				"north": {"uv": [3, 11, 5, 16], "texture": "#0"},
				"east": {"uv": [3, 11, 5, 16], "texture": "#0"},
				"south": {"uv": [3, 11, 5, 16], "texture": "#0"},
				"west": {"uv": [3, 11, 5, 16], "texture": "#0"},
				"up": {"uv": [3, 11, 5, 16], "rotation": 270, "texture": "#0"},
				"down": {"uv": [3, 11, 5, 16], "rotation": 90, "texture": "#0"}
			}
		},
		{
			"from": [4, 10, 1],
			"to": [4, 14, 5],
			"rotation": {"angle": 0, "axis": "y", "origin": [4, 10, 3.5]},
			"faces": {
				"north": {"uv": [2.5, 9, 4.5, 11], "texture": "#0"},
				"east": {"uv": [2.5, 9, 4.5, 11], "texture": "#0"},
				"south": {"uv": [2.5, 9, 4.5, 11], "texture": "#0"},
				"west": {"uv": [2.5, 9, 4.5, 11], "texture": "#0"},
				"up": {"uv": [2.5, 9, 4.5, 11], "texture": "#0"},
				"down": {"uv": [2.5, 9, 4.5, 11], "texture": "#0"}
			}
		},
		{
			"from": [1, 10, 4],
			"to": [5, 14, 4],
			"rotation": {"angle": 0, "axis": "y", "origin": [3.5, 10, 4]},
			"faces": {
				"north": {"uv": [2.5, 9, 4.5, 11], "texture": "#0"},
				"east": {"uv": [2.5, 9, 4.5, 11], "texture": "#0"},
				"south": {"uv": [2.5, 9, 4.5, 11], "texture": "#0"},
				"west": {"uv": [2.5, 9, 4.5, 11], "texture": "#0"},
				"up": {"uv": [2.5, 9, 4.5, 11], "texture": "#0"},
				"down": {"uv": [2.5, 9, 4.5, 11], "texture": "#0"}
			}
		},
		{
			"from": [7, 0, 8],
			"to": [10, 12, 8],
			"rotation": {"angle": 0, "axis": "y", "origin": [9, 11.75, 8]},
			"faces": {
				"north": {"uv": [9.5, 10, 11, 16], "texture": "#0"},
				"east": {"uv": [9.5, 10, 11, 16], "texture": "#0"},
				"south": {"uv": [9.5, 10, 11, 16], "texture": "#0"},
				"west": {"uv": [9.5, 10, 11, 16], "texture": "#0"},
				"up": {"uv": [9.5, 10, 11, 16], "rotation": 90, "texture": "#0"},
				"down": {"uv": [9.5, 10, 11, 16], "rotation": 270, "texture": "#0"}
			}
		},
		{
			"from": [9, 0, 7],
			"to": [9, 12, 10],
			"rotation": {"angle": 0, "axis": "y", "origin": [9, 11.75, 8]},
			"faces": {
				"north": {"uv": [9.5, 10, 11, 16], "texture": "#0"},
				"east": {"uv": [9.5, 10, 11, 16], "texture": "#0"},
				"south": {"uv": [9.5, 10, 11, 16], "texture": "#0"},
				"west": {"uv": [9.5, 10, 11, 16], "texture": "#0"},
				"up": {"uv": [9.5, 10, 11, 16], "texture": "#0"},
				"down": {"uv": [9.5, 10, 11, 16], "texture": "#0"}
			}
		},
		{
			"from": [8, 12, 8],
			"to": [11, 18, 8],
			"rotation": {"angle": 0, "axis": "y", "origin": [9, 11.75, 8]},
			"faces": {
				"north": {"uv": [9, 7, 10.5, 10], "texture": "#0"},
				"east": {"uv": [9, 7, 10.5, 10], "texture": "#0"},
				"south": {"uv": [9, 7, 10.5, 10], "texture": "#0"},
				"west": {"uv": [9, 7, 10.5, 10], "texture": "#0"},
				"up": {"uv": [9, 7, 10.5, 10], "texture": "#0"},
				"down": {"uv": [9, 7, 10.5, 10], "texture": "#0"}
			}
		},
		{
			"from": [9, 12, 6],
			"to": [9, 18, 9],
			"rotation": {"angle": 0, "axis": "y", "origin": [9, 11.75, 8]},
			"faces": {
				"north": {"uv": [9, 7, 10.5, 10], "texture": "#0"},
				"east": {"uv": [9, 7, 10.5, 10], "texture": "#0"},
				"south": {"uv": [9, 7, 10.5, 10], "texture": "#0"},
				"west": {"uv": [9, 7, 10.5, 10], "texture": "#0"},
				"up": {"uv": [9, 7, 10.5, 10], "texture": "#0"},
				"down": {"uv": [9, 7, 10.5, 10], "texture": "#0"}
			}
		},
		{
			"from": [9, 18, 4],
			"to": [9, 25, 11],
			"rotation": {"angle": 0, "axis": "y", "origin": [9, 11.75, 8]},
			"faces": {
				"north": {"uv": [12.5, 3.5, 16, 7], "texture": "#0"},
				"east": {"uv": [12.5, 3.5, 16, 7], "texture": "#0"},
				"south": {"uv": [12.5, 3.5, 16, 7], "texture": "#0"},
				"west": {"uv": [12.5, 3.5, 16, 7], "texture": "#0"},
				"up": {"uv": [12.5, 3.5, 16, 7], "texture": "#0"},
				"down": {"uv": [12.5, 3.5, 16, 7], "texture": "#0"}
			}
		},
		{
			"from": [6, 18, 8],
			"to": [13, 25, 8],
			"rotation": {"angle": 0, "axis": "y", "origin": [9, 21.5, 7.5]},
			"faces": {
				"north": {"uv": [12.5, 3.5, 16, 7], "texture": "#0"},
				"east": {"uv": [12.5, 3.5, 16, 7], "texture": "#0"},
				"south": {"uv": [12.5, 3.5, 16, 7], "texture": "#0"},
				"west": {"uv": [12.5, 3.5, 16, 7], "texture": "#0"},
				"up": {"uv": [12.5, 3.5, 16, 7], "rotation": 270, "texture": "#0"},
				"down": {"uv": [12.5, 3.5, 16, 7], "rotation": 90, "texture": "#0"}
			}
		},
		{
			"from": [10, 0, 4],
			"to": [14, 9, 4],
			"rotation": {"angle": 0, "axis": "y", "origin": [11, 9, 4]},
			"faces": {
				"north": {"uv": [5.5, 11.5, 7.5, 16], "texture": "#0"},
				"east": {"uv": [5.5, 11.5, 7.5, 16], "texture": "#0"},
				"south": {"uv": [5.5, 11.5, 7.5, 16], "texture": "#0"},
				"west": {"uv": [5.5, 11.5, 7.5, 16], "texture": "#0"},
				"up": {"uv": [5.5, 11.5, 7.5, 16], "texture": "#0"},
				"down": {"uv": [5.5, 11.5, 7.5, 16], "texture": "#0"}
			}
		},
		{
			"from": [11, 0, 1],
			"to": [11, 9, 5],
			"rotation": {"angle": 0, "axis": "y", "origin": [11, 9, 4]},
			"faces": {
				"north": {"uv": [5.5, 11.5, 7.5, 16], "texture": "#0"},
				"east": {"uv": [5.5, 11.5, 7.5, 16], "texture": "#0"},
				"south": {"uv": [5.5, 11.5, 7.5, 16], "texture": "#0"},
				"west": {"uv": [5.5, 11.5, 7.5, 16], "texture": "#0"},
				"up": {"uv": [5.5, 11.5, 7.5, 16], "rotation": 90, "texture": "#0"},
				"down": {"uv": [5.5, 11.5, 7.5, 16], "rotation": 270, "texture": "#0"}
			}
		},
		{
			"from": [9, 9, 4],
			"to": [13, 15, 4],
			"rotation": {"angle": 0, "axis": "y", "origin": [11, 9, 4]},
			"faces": {
				"north": {"uv": [5, 8.5, 7, 11.5], "texture": "#0"},
				"east": {"uv": [5, 8.5, 7, 11.5], "texture": "#0"},
				"south": {"uv": [5, 8.5, 7, 11.5], "texture": "#0"},
				"west": {"uv": [5, 8.5, 7, 11.5], "texture": "#0"},
				"up": {"uv": [5, 8.5, 7, 11.5], "texture": "#0"},
				"down": {"uv": [5, 8.5, 7, 11.5], "texture": "#0"}
			}
		},
		{
			"from": [11, 9, 2],
			"to": [11, 15, 6],
			"rotation": {"angle": 0, "axis": "y", "origin": [11, 9, 4]},
			"faces": {
				"north": {"uv": [5, 8.5, 7, 11.5], "texture": "#0"},
				"east": {"uv": [5, 8.5, 7, 11.5], "texture": "#0"},
				"south": {"uv": [5, 8.5, 7, 11.5], "texture": "#0"},
				"west": {"uv": [5, 8.5, 7, 11.5], "texture": "#0"},
				"up": {"uv": [5, 8.5, 7, 11.5], "rotation": 90, "texture": "#0"},
				"down": {"uv": [5, 8.5, 7, 11.5], "rotation": 270, "texture": "#0"}
			}
		},
		{
			"from": [3, 0, 12],
			"to": [7, 12, 12],
			"rotation": {"angle": 0, "axis": "y", "origin": [7, 8, 7]},
			"faces": {
				"north": {"uv": [0, 10, 2, 16], "texture": "#0"},
				"east": {"uv": [0, 0, 0, 12], "texture": "#missing"},
				"south": {"uv": [0, 10, 2, 16], "texture": "#0"},
				"west": {"uv": [0, 0, 0, 12], "texture": "#missing"},
				"up": {"uv": [0, 0, 4, 0], "texture": "#missing"},
				"down": {"uv": [0, 0, 4, 0], "texture": "#missing"}
			}
		},
		{
			"from": [5, 0, 10],
			"to": [5, 12, 14],
			"rotation": {"angle": 0, "axis": "y", "origin": [5, 10.5, 12.5]},
			"faces": {
				"north": {"uv": [0, 0, 0, 12], "texture": "#missing"},
				"east": {"uv": [0, 10, 2, 16], "texture": "#0"},
				"south": {"uv": [0, 0, 0, 12], "texture": "#missing"},
				"west": {"uv": [0, 10, 2, 16], "texture": "#0"},
				"up": {"uv": [0, 0, 4, 0], "rotation": 90, "texture": "#missing"},
				"down": {"uv": [0, 0, 4, 0], "rotation": 270, "texture": "#missing"}
			}
		},
		{
			"from": [4, 14, 0],
			"to": [4, 21, 7],
			"rotation": {"angle": 0, "axis": "y", "origin": [3, 12.5, 4.5]},
			"faces": {
				"north": {"uv": [0, 0, 0, 6], "texture": "#missing"},
				"east": {"uv": [12.5, 0, 16, 3.5], "texture": "#0"},
				"south": {"uv": [0, 0, 0, 6], "texture": "#missing"},
				"west": {"uv": [12.5, 0, 16, 3.5], "texture": "#0"},
				"up": {"uv": [0, 0, 4, 0], "rotation": 90, "texture": "#missing"},
				"down": {"uv": [0, 0, 4, 0], "rotation": 270, "texture": "#missing"}
			}
		},
		{
			"from": [12, 14, 8],
			"to": [12, 21, 15],
			"rotation": {"angle": 0, "axis": "y", "origin": [23, 10.5, 12.5]},
			"faces": {
				"north": {"uv": [0, 0, 0, 6], "texture": "#missing"},
				"east": {"uv": [12.5, 0, 16, 3.5], "texture": "#0"},
				"south": {"uv": [0, 0, 0, 6], "texture": "#missing"},
				"west": {"uv": [12.5, 0, 16, 3.5], "texture": "#0"},
				"up": {"uv": [0, 0, 4, 0], "rotation": 90, "texture": "#missing"},
				"down": {"uv": [0, 0, 4, 0], "rotation": 270, "texture": "#missing"}
			}
		},
		{
			"from": [0, 14, 4],
			"to": [7, 21, 4],
			"rotation": {"angle": 0, "axis": "y", "origin": [3, 17.5, 4.5]},
			"faces": {
				"north": {"uv": [12.5, 0, 16, 3.5], "texture": "#0"},
				"east": {"uv": [0, 0, 0, 6], "texture": "#missing"},
				"south": {"uv": [12.5, 0, 16, 3.5], "texture": "#0"},
				"west": {"uv": [0, 0, 0, 6], "texture": "#missing"},
				"up": {"uv": [0, 0, 4, 0], "texture": "#missing"},
				"down": {"uv": [0, 0, 4, 0], "texture": "#missing"}
			}
		},
		{
			"from": [1, 12, 12],
			"to": [9, 20, 12],
			"rotation": {"angle": 0, "axis": "y", "origin": [3, 17.5, 4.5]},
			"faces": {
				"north": {"uv": [12, 7, 16, 11], "texture": "#0"},
				"east": {"uv": [12, 7, 16, 11], "texture": "#0"},
				"south": {"uv": [12, 7, 16, 11], "texture": "#0"},
				"west": {"uv": [12, 7, 16, 11], "texture": "#0"},
				"up": {"uv": [12, 7, 16, 11], "texture": "#0"},
				"down": {"uv": [12, 7, 16, 11], "texture": "#0"}
			}
		},
		{
			"from": [7, 15, 4],
			"to": [15, 23, 4],
			"rotation": {"angle": 0, "axis": "y", "origin": [9, 20.5, -3.5]},
			"faces": {
				"north": {"uv": [12, 7, 16, 11], "texture": "#0"},
				"east": {"uv": [12, 7, 16, 11], "texture": "#0"},
				"south": {"uv": [12, 7, 16, 11], "texture": "#0"},
				"west": {"uv": [12, 7, 16, 11], "texture": "#0"},
				"up": {"uv": [12, 7, 16, 11], "texture": "#0"},
				"down": {"uv": [12, 7, 16, 11], "texture": "#0"}
			}
		},
		{
			"from": [5, 12, 8],
			"to": [5, 20, 16],
			"rotation": {"angle": 0, "axis": "y", "origin": [5, 16, 12]},
			"faces": {
				"north": {"uv": [12, 7, 16, 11], "texture": "#0"},
				"east": {"uv": [12, 7, 16, 11], "texture": "#0"},
				"south": {"uv": [12, 7, 16, 11], "texture": "#0"},
				"west": {"uv": [12, 7, 16, 11], "texture": "#0"},
				"up": {"uv": [12, 7, 16, 11], "texture": "#0"},
				"down": {"uv": [12, 7, 16, 11], "texture": "#0"}
			}
		},
		{
			"from": [11, 15, 0],
			"to": [11, 23, 8],
			"rotation": {"angle": 0, "axis": "y", "origin": [11, 19, 4]},
			"faces": {
				"north": {"uv": [12, 7, 16, 11], "texture": "#0"},
				"east": {"uv": [12, 7, 16, 11], "texture": "#0"},
				"south": {"uv": [12, 7, 16, 11], "texture": "#0"},
				"west": {"uv": [12, 7, 16, 11], "texture": "#0"},
				"up": {"uv": [12, 7, 16, 11], "texture": "#0"},
				"down": {"uv": [12, 7, 16, 11], "texture": "#0"}
			}
		},
		{
			"from": [8, 14, 11],
			"to": [15, 21, 11],
			"rotation": {"angle": 0, "axis": "y", "origin": [23, 15.5, 12.5]},
			"faces": {
				"north": {"uv": [12.5, 0, 16, 3.5], "texture": "#0"},
				"east": {"uv": [0, 0, 0, 6], "texture": "#missing"},
				"south": {"uv": [12.5, 0, 16, 3.5], "texture": "#0"},
				"west": {"uv": [0, 0, 0, 6], "texture": "#missing"},
				"up": {"uv": [0, 0, 4, 0], "texture": "#missing"},
				"down": {"uv": [0, 0, 4, 0], "texture": "#missing"}
			}
		},
		{
			"from": [11, 0, 11],
			"to": [14, 8, 11],
			"rotation": {"angle": 0, "axis": "y", "origin": [8, 8, 7]},
			"faces": {
				"north": {"uv": [7.5, 12, 9, 16], "texture": "#0"},
				"east": {"uv": [7.5, 12, 9, 16], "texture": "#0"},
				"south": {"uv": [7.5, 12, 9, 16], "texture": "#0"},
				"west": {"uv": [7.5, 12, 9, 16], "texture": "#0"},
				"up": {"uv": [7.5, 12, 9, 16], "texture": "#0"},
				"down": {"uv": [7.5, 12, 9, 16], "texture": "#0"}
			}
		},
		{
			"from": [12, 0, 9],
			"to": [12, 8, 12],
			"rotation": {"angle": 0, "axis": "y", "origin": [8, 8, 15]},
			"faces": {
				"north": {"uv": [7.5, 12, 9, 16], "texture": "#0"},
				"east": {"uv": [7.5, 12, 9, 16], "texture": "#0"},
				"south": {"uv": [7.5, 12, 9, 16], "texture": "#0"},
				"west": {"uv": [7.5, 12, 9, 16], "texture": "#0"},
				"up": {"uv": [7.5, 12, 9, 16], "rotation": 270, "texture": "#0"},
				"down": {"uv": [7.5, 12, 9, 16], "rotation": 90, "texture": "#0"}
			}
		},
		{
			"from": [10, 8, 11],
			"to": [13, 14, 11],
			"rotation": {"angle": 0, "axis": "y", "origin": [8, 8, 7]},
			"faces": {
				"north": {"uv": [7, 9, 8.5, 12], "texture": "#0"},
				"east": {"uv": [7, 9, 8.5, 12], "texture": "#0"},
				"south": {"uv": [7, 9, 8.5, 12], "texture": "#0"},
				"west": {"uv": [7, 9, 8.5, 12], "texture": "#0"},
				"up": {"uv": [7, 9, 8.5, 12], "texture": "#0"},
				"down": {"uv": [7, 9, 8.5, 12], "texture": "#0"}
			}
		},
		{
			"from": [8, 0, 0],
			"to": [8, 12, 16],
			"rotation": {"angle": -45, "axis": "y", "origin": [8, 6, 8]},
			"faces": {
				"north": {"uv": [0, 0, 8, 6], "texture": "#0"},
				"east": {"uv": [0, 0, 8, 6], "texture": "#0"},
				"south": {"uv": [0, 0, 8, 6], "texture": "#0"},
				"west": {"uv": [0, 0, 8, 6], "texture": "#0"},
				"up": {"uv": [0, 0, 8, 6], "texture": "#0"},
				"down": {"uv": [0, 0, 8, 6], "texture": "#0"}
			}
		},
		{
			"from": [0, 0, 8],
			"to": [16, 12, 8],
			"rotation": {"angle": 0, "axis": "y", "origin": [8, 6, 8]},
			"faces": {
				"north": {"uv": [0, 0, 8, 6], "texture": "#0"},
				"east": {"uv": [0, 0, 8, 6], "texture": "#0"},
				"south": {"uv": [0, 0, 8, 6], "texture": "#0"},
				"west": {"uv": [0, 0, 8, 6], "texture": "#0"},
				"up": {"uv": [0, 0, 8, 6], "rotation": 90, "texture": "#0"},
				"down": {"uv": [0, 0, 8, 6], "rotation": 270, "texture": "#0"}
			}
		},
		{
			"from": [0, 0, 8],
			"to": [16, 12, 8],
			"rotation": {"angle": -45, "axis": "y", "origin": [8, 6, 8]},
			"faces": {
				"north": {"uv": [0, 0, 8, 6], "texture": "#0"},
				"east": {"uv": [0, 0, 8, 6], "texture": "#0"},
				"south": {"uv": [0, 0, 8, 6], "texture": "#0"},
				"west": {"uv": [0, 0, 8, 6], "texture": "#0"},
				"up": {"uv": [0, 0, 8, 6], "rotation": 90, "texture": "#0"},
				"down": {"uv": [0, 0, 8, 6], "rotation": 270, "texture": "#0"}
			}
		},
		{
			"from": [8, 0, 0],
			"to": [8, 12, 16],
			"rotation": {"angle": 0, "axis": "y", "origin": [8, 6, 8]},
			"faces": {
				"north": {"uv": [0, 0, 8, 6], "texture": "#0"},
				"east": {"uv": [0, 0, 8, 6], "texture": "#0"},
				"south": {"uv": [0, 0, 8, 6], "texture": "#0"},
				"west": {"uv": [0, 0, 8, 6], "texture": "#0"},
				"up": {"uv": [0, 0, 8, 6], "rotation": 180, "texture": "#0"},
				"down": {"uv": [0, 0, 8, 6], "rotation": 180, "texture": "#0"}
			}
		}
	],
	"display": {
		"thirdperson_righthand": {
			"rotation": [75, 45, 0],
			"translation": [0, 2.5, 0],
			"scale": [0.375, 0.375, 0.375]
		},
		"thirdperson_lefthand": {
			"rotation": [75, 45, 0],
			"translation": [0, 2.5, 0],
			"scale": [0.375, 0.375, 0.375]
		},
		"firstperson_righthand": {
			"rotation": [0, 45, 0],
			"scale": [0.4, 0.4, 0.4]
		},
		"firstperson_lefthand": {
			"rotation": [0, 225, 0],
			"scale": [0.4, 0.4, 0.4]
		},
		"ground": {
			"translation": [0, 3, 0],
			"scale": [0.25, 0.25, 0.25]
		},
		"gui": {
			"rotation": [30, 225, 0],
			"translation": [0, -1, 0],
			"scale": [0.625, 0.625, 0.625]
		},
		"head": {
			"translation": [0, 14.25, 0]
		},
		"fixed": {
			"scale": [0.5, 0.5, 0.5]
		}
	},
	"groups": [
		{
			"name": "group",
			"origin": [8, 8, 7],
			"children": [0, 1, 2, 3, 4, 5, 6, 7, 8, 9, 10, 11, 12, 13, 14, 15, 16, 17, 18, 19, 20, 21, 22, 23, 24, 25, 26, 27]
		}, 28, 29, 30, 31]
}