{
	"credit": "Made with Blockbench",
	"ambientocclusion": false,
	"textures": {
		"0": "block/nether_wart_stage1",
		"particle": "block/nether_wart_stage1"
	},
	"elements": [
		{
			"from": [4, 0, 2],
			"to": [4, 8, 6],
			"rotation": {"angle": 0, "axis": "y", "origin": [4, 10, 3.5]},
			"faces": {
				"north": {"uv": [3, 12, 5, 16], "texture": "#0"},
				"east": {"uv": [3, 12, 5, 16], "texture": "#0"},
				"south": {"uv": [3, 12, 5, 16], "texture": "#0"},
				"west": {"uv": [3, 12, 5, 16], "texture": "#0"},
				"up": {"uv": [3, 12, 5, 16], "texture": "#0"},
				"down": {"uv": [3, 12, 5, 16], "texture": "#0"}
			}
		},
		{
			"from": [2, 0, 4],
			"to": [6, 8, 4],
			"rotation": {"angle": 0, "axis": "y", "origin": [3.5, 10, 4]},
			"faces": {
				"north": {"uv": [3, 12, 5, 16], "texture": "#0"},
				"east": {"uv": [3, 12, 5, 16], "texture": "#0"},
				"south": {"uv": [3, 12, 5, 16], "texture": "#0"},
				"west": {"uv": [3, 12, 5, 16], "texture": "#0"},
				"up": {"uv": [3, 12, 5, 16], "texture": "#0"},
				"down": {"uv": [3, 12, 5, 16], "texture": "#0"}
			}
		},
		{
			"from": [7, 0, 8],
			"to": [10, 12, 8],
			"rotation": {"angle": 0, "axis": "y", "origin": [9, 11.75, 8]},
			"faces": {
				"north": {"uv": [9.5, 10, 11, 16], "texture": "#0"},
				"east": {"uv": [9.5, 10, 11, 16], "texture": "#0"},
				"south": {"uv": [9.5, 10, 11, 16], "texture": "#0"},
				"west": {"uv": [9.5, 10, 11, 16], "texture": "#0"},
				"up": {"uv": [9.5, 10, 11, 16], "rotation": 90, "texture": "#0"},
				"down": {"uv": [9.5, 10, 11, 16], "rotation": 270, "texture": "#0"}
			}
		},
		{
			"from": [9, 0, 7],
			"to": [9, 12, 10],
			"rotation": {"angle": 0, "axis": "y", "origin": [9, 11.75, 8]},
			"faces": {
				"north": {"uv": [9.5, 10, 11, 16], "texture": "#0"},
				"east": {"uv": [9.5, 10, 11, 16], "texture": "#0"},
				"south": {"uv": [9.5, 10, 11, 16], "texture": "#0"},
				"west": {"uv": [9.5, 10, 11, 16], "texture": "#0"},
				"up": {"uv": [9.5, 10, 11, 16], "texture": "#0"},
				"down": {"uv": [9.5, 10, 11, 16], "texture": "#0"}
			}
		},
		{
			"from": [9, 12, 5],
			"to": [9, 19, 12],
			"rotation": {"angle": 0, "axis": "y", "origin": [9, 5.75, 8]},
			"faces": {
				"north": {"uv": [12.5, 3.5, 16, 7], "texture": "#0"},
				"east": {"uv": [12.5, 3.5, 16, 7], "texture": "#0"},
				"south": {"uv": [12.5, 3.5, 16, 7], "texture": "#0"},
				"west": {"uv": [12.5, 3.5, 16, 7], "texture": "#0"},
				"up": {"uv": [12.5, 3.5, 16, 7], "texture": "#0"},
				"down": {"uv": [12.5, 3.5, 16, 7], "texture": "#0"}
			}
		},
		{
			"from": [5, 12, 8],
			"to": [12, 19, 8],
			"rotation": {"angle": 0, "axis": "y", "origin": [9, 15.5, 7.5]},
			"faces": {
				"north": {"uv": [12.5, 3.5, 16, 7], "texture": "#0"},
				"east": {"uv": [12.5, 3.5, 16, 7], "texture": "#0"},
				"south": {"uv": [12.5, 3.5, 16, 7], "texture": "#0"},
				"west": {"uv": [12.5, 3.5, 16, 7], "texture": "#0"},
				"up": {"uv": [12.5, 3.5, 16, 7], "rotation": 270, "texture": "#0"},
				"down": {"uv": [12.5, 3.5, 16, 7], "rotation": 90, "texture": "#0"}
			}
		},
		{
			"from": [10, 0, 3],
			"to": [13, 9, 3],
			"rotation": {"angle": 0, "axis": "y", "origin": [12, 9, 3]},
			"faces": {
				"north": {"uv": [5.5, 11.5, 7, 16], "texture": "#0"},
				"east": {"uv": [5.5, 11.5, 7, 16], "texture": "#0"},
				"south": {"uv": [5.5, 11.5, 7, 16], "texture": "#0"},
				"west": {"uv": [5.5, 11.5, 7, 16], "texture": "#0"},
				"up": {"uv": [5.5, 11.5, 7, 16], "texture": "#0"},
				"down": {"uv": [5.5, 11.5, 7, 16], "texture": "#0"}
			}
		},
		{
			"from": [12, 0, 2],
			"to": [12, 9, 5],
			"rotation": {"angle": 0, "axis": "y", "origin": [12, 9, 3]},
			"faces": {
				"north": {"uv": [5.5, 11.5, 7, 16], "texture": "#0"},
				"east": {"uv": [5.5, 11.5, 7, 16], "texture": "#0"},
				"south": {"uv": [5.5, 11.5, 7, 16], "texture": "#0"},
				"west": {"uv": [5.5, 11.5, 7, 16], "texture": "#0"},
				"up": {"uv": [5.5, 11.5, 7, 16], "texture": "#0"},
				"down": {"uv": [5.5, 11.5, 7, 16], "texture": "#0"}
			}
		},
		{
			"from": [3, 0, 12],
			"to": [7, 6, 12],
			"rotation": {"angle": 0, "axis": "y", "origin": [7, 8, 7]},
			"faces": {
				"north": {"uv": [0, 13, 2, 16], "texture": "#0"},
				"east": {"uv": [0, 13, 2, 16], "texture": "#0"},
				"south": {"uv": [0, 13, 2, 16], "texture": "#0"},
				"west": {"uv": [0, 13, 2, 16], "texture": "#0"},
				"up": {"uv": [0, 13, 2, 16], "texture": "#0"},
				"down": {"uv": [0, 13, 2, 16], "texture": "#0"}
			}
		},
		{
			"from": [5, 0, 10],
			"to": [5, 6, 14],
			"rotation": {"angle": 0, "axis": "y", "origin": [5, 10.5, 12.5]},
			"faces": {
				"north": {"uv": [0, 13, 2, 16], "texture": "#0"},
				"east": {"uv": [0, 13, 2, 16], "texture": "#0"},
				"south": {"uv": [0, 13, 2, 16], "texture": "#0"},
				"west": {"uv": [0, 13, 2, 16], "texture": "#0"},
				"up": {"uv": [0, 13, 2, 16], "texture": "#0"},
				"down": {"uv": [0, 13, 2, 16], "texture": "#0"}
			}
		},
		{
			"from": [4, 8, 0],
			"to": [4, 15, 7],
			"rotation": {"angle": 0, "axis": "y", "origin": [3, 6.5, 4.5]},
			"faces": {
				"north": {"uv": [0, 0, 0, 6], "texture": "#missing"},
				"east": {"uv": [12.5, 0, 16, 3.5], "texture": "#0"},
				"south": {"uv": [0, 0, 0, 6], "texture": "#missing"},
				"west": {"uv": [12.5, 0, 16, 3.5], "texture": "#0"},
				"up": {"uv": [0, 0, 4, 0], "rotation": 90, "texture": "#missing"},
				"down": {"uv": [0, 0, 4, 0], "rotation": 270, "texture": "#missing"}
			}
		},
		{
			"from": [12, 8, 7],
			"to": [12, 15, 14],
			"rotation": {"angle": 0, "axis": "y", "origin": [23, 4.5, 12.5]},
			"faces": {
				"north": {"uv": [0, 0, 0, 6], "texture": "#missing"},
				"east": {"uv": [12.5, 0, 16, 3.5], "texture": "#0"},
				"south": {"uv": [0, 0, 0, 6], "texture": "#missing"},
				"west": {"uv": [12.5, 0, 16, 3.5], "texture": "#0"},
				"up": {"uv": [0, 0, 4, 0], "rotation": 90, "texture": "#missing"},
				"down": {"uv": [0, 0, 4, 0], "rotation": 270, "texture": "#missing"}
			}
		},
		{
			"from": [0, 8, 4],
			"to": [7, 15, 4],
			"rotation": {"angle": 0, "axis": "y", "origin": [3, 11.5, 4.5]},
			"faces": {
				"north": {"uv": [12.5, 0, 16, 3.5], "texture": "#0"},
				"east": {"uv": [0, 0, 0, 6], "texture": "#missing"},
				"south": {"uv": [12.5, 0, 16, 3.5], "texture": "#0"},
				"west": {"uv": [0, 0, 0, 6], "texture": "#missing"},
				"up": {"uv": [0, 0, 4, 0], "texture": "#missing"},
				"down": {"uv": [0, 0, 4, 0], "texture": "#missing"}
			}
		},
		{
			"from": [1, 6, 12],
			"to": [9, 14, 12],
			"rotation": {"angle": 0, "axis": "y", "origin": [3, 11.5, 4.5]},
			"faces": {
				"north": {"uv": [12, 7, 16, 11], "texture": "#0"},
				"east": {"uv": [12, 7, 16, 11], "texture": "#0"},
				"south": {"uv": [12, 7, 16, 11], "texture": "#0"},
				"west": {"uv": [12, 7, 16, 11], "texture": "#0"},
				"up": {"uv": [12, 7, 16, 11], "texture": "#0"},
				"down": {"uv": [12, 7, 16, 11], "texture": "#0"}
			}
		},
		{
			"from": [8, 9, 3],
			"to": [16, 17, 3],
			"rotation": {"angle": 0, "axis": "y", "origin": [10, 14.5, -4.5]},
			"faces": {
				"north": {"uv": [12, 7, 16, 11], "texture": "#0"},
				"east": {"uv": [12, 7, 16, 11], "texture": "#0"},
				"south": {"uv": [12, 7, 16, 11], "texture": "#0"},
				"west": {"uv": [12, 7, 16, 11], "texture": "#0"},
				"up": {"uv": [12, 7, 16, 11], "texture": "#0"},
				"down": {"uv": [12, 7, 16, 11], "texture": "#0"}
			}
		},
		{
			"from": [5, 6, 8],
			"to": [5, 14, 16],
			"rotation": {"angle": 0, "axis": "y", "origin": [5, 10, 12]},
			"faces": {
				"north": {"uv": [12, 7, 16, 11], "texture": "#0"},
				"east": {"uv": [12, 7, 16, 11], "texture": "#0"},
				"south": {"uv": [12, 7, 16, 11], "texture": "#0"},
				"west": {"uv": [12, 7, 16, 11], "texture": "#0"},
				"up": {"uv": [12, 7, 16, 11], "texture": "#0"},
				"down": {"uv": [12, 7, 16, 11], "texture": "#0"}
			}
		},
		{
			"from": [12, 9, -1],
			"to": [12, 17, 7],
			"rotation": {"angle": 0, "axis": "y", "origin": [12, 13, 3]},
			"faces": {
				"north": {"uv": [12, 7, 16, 11], "texture": "#0"},
				"east": {"uv": [12, 7, 16, 11], "texture": "#0"},
				"south": {"uv": [12, 7, 16, 11], "texture": "#0"},
				"west": {"uv": [12, 7, 16, 11], "texture": "#0"},
				"up": {"uv": [12, 7, 16, 11], "texture": "#0"},
				"down": {"uv": [12, 7, 16, 11], "texture": "#0"}
			}
		},
		{
			"from": [9, 8, 11],
			"to": [16, 15, 11],
			"rotation": {"angle": 0, "axis": "y", "origin": [23, 9.5, 12.5]},
			"faces": {
				"north": {"uv": [12.5, 0, 16, 3.5], "texture": "#0"},
				"east": {"uv": [0, 0, 0, 6], "texture": "#missing"},
				"south": {"uv": [12.5, 0, 16, 3.5], "texture": "#0"},
				"west": {"uv": [0, 0, 0, 6], "texture": "#missing"},
				"up": {"uv": [0, 0, 4, 0], "texture": "#missing"},
				"down": {"uv": [0, 0, 4, 0], "texture": "#missing"}
			}
		},
		{
			"from": [11, 0, 11],
			"to": [14, 8, 11],
			"rotation": {"angle": 0, "axis": "y", "origin": [8, 8, 7]},
			"faces": {
				"north": {"uv": [7.5, 12, 9, 16], "texture": "#0"},
				"east": {"uv": [7.5, 12, 9, 16], "texture": "#0"},
				"south": {"uv": [7.5, 12, 9, 16], "texture": "#0"},
				"west": {"uv": [7.5, 12, 9, 16], "texture": "#0"},
				"up": {"uv": [7.5, 12, 9, 16], "texture": "#0"},
				"down": {"uv": [7.5, 12, 9, 16], "texture": "#0"}
			}
		},
		{
			"from": [12, 0, 9],
			"to": [12, 8, 12],
			"rotation": {"angle": 0, "axis": "y", "origin": [8, 8, 15]},
			"faces": {
				"north": {"uv": [7.5, 12, 9, 16], "texture": "#0"},
				"east": {"uv": [7.5, 12, 9, 16], "texture": "#0"},
				"south": {"uv": [7.5, 12, 9, 16], "texture": "#0"},
				"west": {"uv": [7.5, 12, 9, 16], "texture": "#0"},
				"up": {"uv": [7.5, 12, 9, 16], "rotation": 270, "texture": "#0"},
				"down": {"uv": [7.5, 12, 9, 16], "rotation": 90, "texture": "#0"}
			}
		},
		{
			"from": [8, 0, 0],
			"to": [8, 12, 16],
			"rotation": {"angle": -45, "axis": "y", "origin": [8, 6, 8]},
			"faces": {
				"north": {"uv": [0, 0, 8, 6], "texture": "#0"},
				"east": {"uv": [0, 0, 8, 6], "texture": "#0"},
				"south": {"uv": [0, 0, 8, 6], "texture": "#0"},
				"west": {"uv": [0, 0, 8, 6], "texture": "#0"},
				"up": {"uv": [0, 0, 8, 6], "texture": "#0"},
				"down": {"uv": [0, 0, 8, 6], "texture": "#0"}
			}
		},
		{
			"from": [0, 0, 8],
			"to": [16, 12, 8],
			"rotation": {"angle": 0, "axis": "y", "origin": [8, 6, 8]},
			"faces": {
				"north": {"uv": [0, 0, 8, 6], "texture": "#0"},
				"east": {"uv": [0, 0, 8, 6], "texture": "#0"},
				"south": {"uv": [0, 0, 8, 6], "texture": "#0"},
				"west": {"uv": [0, 0, 8, 6], "texture": "#0"},
				"up": {"uv": [0, 0, 8, 6], "rotation": 90, "texture": "#0"},
				"down": {"uv": [0, 0, 8, 6], "rotation": 270, "texture": "#0"}
			}
		},
		{
			"from": [0, 0, 8],
			"to": [16, 12, 8],
			"rotation": {"angle": -45, "axis": "y", "origin": [8, 6, 8]},
			"faces": {
				"north": {"uv": [0, 0, 8, 6], "texture": "#0"},
				"east": {"uv": [0, 0, 8, 6], "texture": "#0"},
				"south": {"uv": [0, 0, 8, 6], "texture": "#0"},
				"west": {"uv": [0, 0, 8, 6], "texture": "#0"},
				"up": {"uv": [0, 0, 8, 6], "rotation": 90, "texture": "#0"},
				"down": {"uv": [0, 0, 8, 6], "rotation": 270, "texture": "#0"}
			}
		},
		{
			"from": [8, 0, 0],
			"to": [8, 12, 16],
			"rotation": {"angle": 0, "axis": "y", "origin": [8, 6, 8]},
			"faces": {
				"north": {"uv": [0, 0, 8, 6], "texture": "#0"},
				"east": {"uv": [0, 0, 8, 6], "texture": "#0"},
				"south": {"uv": [0, 0, 8, 6], "texture": "#0"},
				"west": {"uv": [0, 0, 8, 6], "texture": "#0"},
				"up": {"uv": [0, 0, 8, 6], "rotation": 180, "texture": "#0"},
				"down": {"uv": [0, 0, 8, 6], "rotation": 180, "texture": "#0"}
			}
		}
	],
	"display": {
		"thirdperson_righthand": {
			"rotation": [75, 45, 0],
			"translation": [0, 2.5, 0],
			"scale": [0.375, 0.375, 0.375]
		},
		"thirdperson_lefthand": {
			"rotation": [75, 45, 0],
			"translation": [0, 2.5, 0],
			"scale": [0.375, 0.375, 0.375]
		},
		"firstperson_righthand": {
			"rotation": [0, 45, 0],
			"scale": [0.4, 0.4, 0.4]
		},
		"firstperson_lefthand": {
			"rotation": [0, 225, 0],
			"scale": [0.4, 0.4, 0.4]
		},
		"ground": {
			"translation": [0, 3, 0],
			"scale": [0.25, 0.25, 0.25]
		},
		"gui": {
			"rotation": [30, 225, 0],
			"translation": [0, -1, 0],
			"scale": [0.625, 0.625, 0.625]
		},
		"head": {
			"translation": [0, 14.25, 0]
		},
		"fixed": {
			"scale": [0.5, 0.5, 0.5]
		}
	},
	"groups": [
		{
			"name": "group",
			"origin": [8, 8, 7],
			"children": [0, 1, 2, 3, 4, 5, 6, 7, 8, 9, 10, 11, 12, 13, 14, 15, 16, 17, 18, 19]
		}, 20, 21, 22, 23]
}