{
	"credit": "Made with Blockbench",
	"textures": {
		"1": "block/oak_trapdoor",
		"particle": "block/oak_trapdoor"
	},
	"elements": [
		{
			"name": "oak_trapdoor_0",
			"from": [15, 15, 13],
			"to": [16, 16, 16],
			"faces": {
				"north": {"uv": [0, 0, 1, 1], "texture": "#1"},
				"east": {"uv": [0, 0, 1, 1], "texture": "#1"},
				"south": {"uv": [0, 1, 1, 0], "rotation": 180, "texture": "#1"},
				"west": {"uv": [0, 0, 1, 1], "texture": "#1"},
				"up": {"uv": [1, 0, 0, 1], "texture": "#1"},
				"down": {"uv": [0, 0, 1, 1], "rotation": 180, "texture": "#1"}
			}
		},
		{
			"name": "oak_trapdoor_1",
			"from": [14, 15, 13],
			"to": [15, 16, 16],
			"faces": {
				"north": {"uv": [1, 0, 2, 1], "texture": "#1"},
				"east": {"uv": [1, 0, 2, 1], "texture": "#1"},
				"south": {"uv": [1, 1, 2, 0], "rotation": 180, "texture": "#1"},
				"west": {"uv": [1, 0, 2, 1], "texture": "#1"},
				"up": {"uv": [2, 0, 1, 1], "texture": "#1"},
				"down": {"uv": [1, 0, 2, 1], "rotation": 180, "texture": "#1"}
			}
		},
		{
			"name": "oak_trapdoor_2",
			"from": [13, 15, 13],
			"to": [14, 16, 16],
			"faces": {
				"north": {"uv": [2, 0, 3, 1], "texture": "#1"},
				"east": {"uv": [2, 0, 3, 1], "texture": "#1"},
				"south": {"uv": [2, 1, 3, 0], "rotation": 180, "texture": "#1"},
				"west": {"uv": [2, 0, 3, 1], "texture": "#1"},
				"up": {"uv": [3, 0, 2, 1], "texture": "#1"},
				"down": {"uv": [2, 0, 3, 1], "rotation": 180, "texture": "#1"}
			}
		},
		{
			"name": "oak_trapdoor_3",
			"from": [12, 15, 13],
			"to": [13, 16, 16],
			"faces": {
				"north": {"uv": [3, 0, 4, 1], "texture": "#1"},
				"east": {"uv": [3, 0, 4, 1], "texture": "#1"},
				"south": {"uv": [3, 1, 4, 0], "rotation": 180, "texture": "#1"},
				"west": {"uv": [3, 0, 4, 1], "texture": "#1"},
				"up": {"uv": [4, 0, 3, 1], "texture": "#1"},
				"down": {"uv": [3, 0, 4, 1], "rotation": 180, "texture": "#1"}
			}
		},
		{
			"name": "oak_trapdoor_4",
			"from": [11, 15, 13],
			"to": [12, 16, 16],
			"faces": {
				"north": {"uv": [4, 0, 5, 1], "texture": "#1"},
				"east": {"uv": [4, 0, 5, 1], "texture": "#1"},
				"south": {"uv": [4, 1, 5, 0], "rotation": 180, "texture": "#1"},
				"west": {"uv": [4, 0, 5, 1], "texture": "#1"},
				"up": {"uv": [5, 0, 4, 1], "texture": "#1"},
				"down": {"uv": [4, 0, 5, 1], "rotation": 180, "texture": "#1"}
			}
		},
		{
			"name": "oak_trapdoor_5",
			"from": [10, 15, 13],
			"to": [11, 16, 16],
			"faces": {
				"north": {"uv": [5, 0, 6, 1], "texture": "#1"},
				"east": {"uv": [5, 0, 6, 1], "texture": "#1"},
				"south": {"uv": [5, 1, 6, 0], "rotation": 180, "texture": "#1"},
				"west": {"uv": [5, 0, 6, 1], "texture": "#1"},
				"up": {"uv": [6, 0, 5, 1], "texture": "#1"},
				"down": {"uv": [5, 0, 6, 1], "rotation": 180, "texture": "#1"}
			}
		},
		{
			"name": "oak_trapdoor_6",
			"from": [9, 15, 13],
			"to": [10, 16, 16],
			"faces": {
				"north": {"uv": [6, 0, 7, 1], "texture": "#1"},
				"east": {"uv": [6, 0, 7, 1], "texture": "#1"},
				"south": {"uv": [6, 1, 7, 0], "rotation": 180, "texture": "#1"},
				"west": {"uv": [6, 0, 7, 1], "texture": "#1"},
				"up": {"uv": [7, 0, 6, 1], "texture": "#1"},
				"down": {"uv": [6, 0, 7, 1], "rotation": 180, "texture": "#1"}
			}
		},
		{
			"name": "oak_trapdoor_7",
			"from": [8, 15, 13],
			"to": [9, 16, 16],
			"faces": {
				"north": {"uv": [7, 0, 8, 1], "texture": "#1"},
				"east": {"uv": [7, 0, 8, 1], "texture": "#1"},
				"south": {"uv": [7, 1, 8, 0], "rotation": 180, "texture": "#1"},
				"west": {"uv": [7, 0, 8, 1], "texture": "#1"},
				"up": {"uv": [8, 0, 7, 1], "texture": "#1"},
				"down": {"uv": [7, 0, 8, 1], "rotation": 180, "texture": "#1"}
			}
		},
		{
			"name": "oak_trapdoor_8",
			"from": [7, 15, 13],
			"to": [8, 16, 16],
			"faces": {
				"north": {"uv": [8, 0, 9, 1], "texture": "#1"},
				"east": {"uv": [8, 0, 9, 1], "texture": "#1"},
				"south": {"uv": [8, 1, 9, 0], "rotation": 180, "texture": "#1"},
				"west": {"uv": [8, 0, 9, 1], "texture": "#1"},
				"up": {"uv": [9, 0, 8, 1], "texture": "#1"},
				"down": {"uv": [8, 0, 9, 1], "rotation": 180, "texture": "#1"}
			}
		},
		{
			"name": "oak_trapdoor_9",
			"from": [6, 15, 13],
			"to": [7, 16, 16],
			"faces": {
				"north": {"uv": [9, 0, 10, 1], "texture": "#1"},
				"east": {"uv": [9, 0, 10, 1], "texture": "#1"},
				"south": {"uv": [9, 1, 10, 0], "rotation": 180, "texture": "#1"},
				"west": {"uv": [9, 0, 10, 1], "texture": "#1"},
				"up": {"uv": [10, 0, 9, 1], "texture": "#1"},
				"down": {"uv": [9, 0, 10, 1], "rotation": 180, "texture": "#1"}
			}
		},
		{
			"name": "oak_trapdoor_10",
			"from": [5, 15, 13],
			"to": [6, 16, 16],
			"faces": {
				"north": {"uv": [10, 0, 11, 1], "texture": "#1"},
				"east": {"uv": [10, 0, 11, 1], "texture": "#1"},
				"south": {"uv": [10, 1, 11, 0], "rotation": 180, "texture": "#1"},
				"west": {"uv": [10, 0, 11, 1], "texture": "#1"},
				"up": {"uv": [11, 0, 10, 1], "texture": "#1"},
				"down": {"uv": [10, 0, 11, 1], "rotation": 180, "texture": "#1"}
			}
		},
		{
			"name": "oak_trapdoor_11",
			"from": [4, 15, 13],
			"to": [5, 16, 16],
			"faces": {
				"north": {"uv": [11, 0, 12, 1], "texture": "#1"},
				"east": {"uv": [11, 0, 12, 1], "texture": "#1"},
				"south": {"uv": [11, 1, 12, 0], "rotation": 180, "texture": "#1"},
				"west": {"uv": [11, 0, 12, 1], "texture": "#1"},
				"up": {"uv": [12, 0, 11, 1], "texture": "#1"},
				"down": {"uv": [11, 0, 12, 1], "rotation": 180, "texture": "#1"}
			}
		},
		{
			"name": "oak_trapdoor_12",
			"from": [3, 15, 13],
			"to": [4, 16, 16],
			"faces": {
				"north": {"uv": [12, 0, 13, 1], "texture": "#1"},
				"east": {"uv": [12, 0, 13, 1], "texture": "#1"},
				"south": {"uv": [12, 1, 13, 0], "rotation": 180, "texture": "#1"},
				"west": {"uv": [12, 0, 13, 1], "texture": "#1"},
				"up": {"uv": [13, 0, 12, 1], "texture": "#1"},
				"down": {"uv": [12, 0, 13, 1], "rotation": 180, "texture": "#1"}
			}
		},
		{
			"name": "oak_trapdoor_13",
			"from": [2, 15, 13],
			"to": [3, 16, 16],
			"faces": {
				"north": {"uv": [13, 0, 14, 1], "texture": "#1"},
				"east": {"uv": [13, 0, 14, 1], "texture": "#1"},
				"south": {"uv": [13, 1, 14, 0], "rotation": 180, "texture": "#1"},
				"west": {"uv": [13, 0, 14, 1], "texture": "#1"},
				"up": {"uv": [14, 0, 13, 1], "texture": "#1"},
				"down": {"uv": [13, 0, 14, 1], "rotation": 180, "texture": "#1"}
			}
		},
		{
			"name": "oak_trapdoor_14",
			"from": [1, 15, 13],
			"to": [2, 16, 16],
			"faces": {
				"north": {"uv": [14, 0, 15, 1], "texture": "#1"},
				"east": {"uv": [14, 0, 15, 1], "texture": "#1"},
				"south": {"uv": [14, 1, 15, 0], "rotation": 180, "texture": "#1"},
				"west": {"uv": [14, 0, 15, 1], "texture": "#1"},
				"up": {"uv": [15, 0, 14, 1], "texture": "#1"},
				"down": {"uv": [14, 0, 15, 1], "rotation": 180, "texture": "#1"}
			}
		},
		{
			"name": "oak_trapdoor_15",
			"from": [0, 15, 13],
			"to": [1, 16, 16],
			"faces": {
				"north": {"uv": [15, 0, 16, 1], "texture": "#1"},
				"east": {"uv": [15, 0, 16, 1], "texture": "#1"},
				"south": {"uv": [15, 1, 16, 0], "rotation": 180, "texture": "#1"},
				"west": {"uv": [15, 0, 16, 1], "texture": "#1"},
				"up": {"uv": [16, 0, 15, 1], "texture": "#1"},
				"down": {"uv": [15, 0, 16, 1], "rotation": 180, "texture": "#1"}
			}
		},
		{
			"name": "oak_trapdoor_16",
			"from": [15, 14, 13],
			"to": [16, 15, 16],
			"faces": {
				"north": {"uv": [0, 1, 1, 2], "texture": "#1"},
				"east": {"uv": [0, 1, 1, 2], "texture": "#1"},
				"south": {"uv": [0, 2, 1, 1], "rotation": 180, "texture": "#1"},
				"west": {"uv": [0, 1, 1, 2], "texture": "#1"},
				"up": {"uv": [1, 1, 0, 2], "texture": "#1"},
				"down": {"uv": [0, 1, 1, 2], "rotation": 180, "texture": "#1"}
			}
		},
		{
			"name": "oak_trapdoor_17",
			"from": [14, 14, 13],
			"to": [15, 15, 16],
			"faces": {
				"north": {"uv": [1, 1, 2, 2], "texture": "#1"},
				"east": {"uv": [1, 1, 2, 2], "texture": "#1"},
				"south": {"uv": [1, 2, 2, 1], "rotation": 180, "texture": "#1"},
				"west": {"uv": [1, 1, 2, 2], "texture": "#1"},
				"up": {"uv": [2, 1, 1, 2], "texture": "#1"},
				"down": {"uv": [1, 1, 2, 2], "rotation": 180, "texture": "#1"}
			}
		},
		{
			"name": "oak_trapdoor_18",
			"from": [13, 14, 13],
			"to": [14, 15, 16],
			"faces": {
				"north": {"uv": [2, 1, 3, 2], "texture": "#1"},
				"east": {"uv": [2, 1, 3, 2], "texture": "#1"},
				"south": {"uv": [2, 2, 3, 1], "rotation": 180, "texture": "#1"},
				"west": {"uv": [2, 1, 3, 2], "texture": "#1"},
				"up": {"uv": [3, 1, 2, 2], "texture": "#1"},
				"down": {"uv": [2, 1, 3, 2], "rotation": 180, "texture": "#1"}
			}
		},
		{
			"name": "oak_trapdoor_19",
			"from": [12, 14, 13],
			"to": [13, 15, 16],
			"faces": {
				"north": {"uv": [3, 1, 4, 2], "texture": "#1"},
				"east": {"uv": [3, 1, 4, 2], "texture": "#1"},
				"south": {"uv": [3, 2, 4, 1], "rotation": 180, "texture": "#1"},
				"west": {"uv": [3, 1, 4, 2], "texture": "#1"},
				"up": {"uv": [4, 1, 3, 2], "texture": "#1"},
				"down": {"uv": [3, 1, 4, 2], "rotation": 180, "texture": "#1"}
			}
		},
		{
			"name": "oak_trapdoor_20",
			"from": [11, 14, 13],
			"to": [12, 15, 16],
			"faces": {
				"north": {"uv": [4, 1, 5, 2], "texture": "#1"},
				"east": {"uv": [4, 1, 5, 2], "texture": "#1"},
				"south": {"uv": [4, 2, 5, 1], "rotation": 180, "texture": "#1"},
				"west": {"uv": [4, 1, 5, 2], "texture": "#1"},
				"up": {"uv": [5, 1, 4, 2], "texture": "#1"},
				"down": {"uv": [4, 1, 5, 2], "rotation": 180, "texture": "#1"}
			}
		},
		{
			"name": "oak_trapdoor_21",
			"from": [10, 14, 13],
			"to": [11, 15, 16],
			"faces": {
				"north": {"uv": [5, 1, 6, 2], "texture": "#1"},
				"east": {"uv": [5, 1, 6, 2], "texture": "#1"},
				"south": {"uv": [5, 2, 6, 1], "rotation": 180, "texture": "#1"},
				"west": {"uv": [5, 1, 6, 2], "texture": "#1"},
				"up": {"uv": [6, 1, 5, 2], "texture": "#1"},
				"down": {"uv": [5, 1, 6, 2], "rotation": 180, "texture": "#1"}
			}
		},
		{
			"name": "oak_trapdoor_22",
			"from": [9, 14, 13],
			"to": [10, 15, 16],
			"faces": {
				"north": {"uv": [6, 1, 7, 2], "texture": "#1"},
				"east": {"uv": [6, 1, 7, 2], "texture": "#1"},
				"south": {"uv": [6, 2, 7, 1], "rotation": 180, "texture": "#1"},
				"west": {"uv": [6, 1, 7, 2], "texture": "#1"},
				"up": {"uv": [7, 1, 6, 2], "texture": "#1"},
				"down": {"uv": [6, 1, 7, 2], "rotation": 180, "texture": "#1"}
			}
		},
		{
			"name": "oak_trapdoor_23",
			"from": [8, 14, 13],
			"to": [9, 15, 16],
			"faces": {
				"north": {"uv": [7, 1, 8, 2], "texture": "#1"},
				"east": {"uv": [7, 1, 8, 2], "texture": "#1"},
				"south": {"uv": [7, 2, 8, 1], "rotation": 180, "texture": "#1"},
				"west": {"uv": [7, 1, 8, 2], "texture": "#1"},
				"up": {"uv": [8, 1, 7, 2], "texture": "#1"},
				"down": {"uv": [7, 1, 8, 2], "rotation": 180, "texture": "#1"}
			}
		},
		{
			"name": "oak_trapdoor_24",
			"from": [7, 14, 13],
			"to": [8, 15, 16],
			"faces": {
				"north": {"uv": [8, 1, 9, 2], "texture": "#1"},
				"east": {"uv": [8, 1, 9, 2], "texture": "#1"},
				"south": {"uv": [8, 2, 9, 1], "rotation": 180, "texture": "#1"},
				"west": {"uv": [8, 1, 9, 2], "texture": "#1"},
				"up": {"uv": [9, 1, 8, 2], "texture": "#1"},
				"down": {"uv": [8, 1, 9, 2], "rotation": 180, "texture": "#1"}
			}
		},
		{
			"name": "oak_trapdoor_25",
			"from": [6, 14, 13],
			"to": [7, 15, 16],
			"faces": {
				"north": {"uv": [9, 1, 10, 2], "texture": "#1"},
				"east": {"uv": [9, 1, 10, 2], "texture": "#1"},
				"south": {"uv": [9, 2, 10, 1], "rotation": 180, "texture": "#1"},
				"west": {"uv": [9, 1, 10, 2], "texture": "#1"},
				"up": {"uv": [10, 1, 9, 2], "texture": "#1"},
				"down": {"uv": [9, 1, 10, 2], "rotation": 180, "texture": "#1"}
			}
		},
		{
			"name": "oak_trapdoor_26",
			"from": [5, 14, 13],
			"to": [6, 15, 16],
			"faces": {
				"north": {"uv": [10, 1, 11, 2], "texture": "#1"},
				"east": {"uv": [10, 1, 11, 2], "texture": "#1"},
				"south": {"uv": [10, 2, 11, 1], "rotation": 180, "texture": "#1"},
				"west": {"uv": [10, 1, 11, 2], "texture": "#1"},
				"up": {"uv": [11, 1, 10, 2], "texture": "#1"},
				"down": {"uv": [10, 1, 11, 2], "rotation": 180, "texture": "#1"}
			}
		},
		{
			"name": "oak_trapdoor_27",
			"from": [4, 14, 13],
			"to": [5, 15, 16],
			"faces": {
				"north": {"uv": [11, 1, 12, 2], "texture": "#1"},
				"east": {"uv": [11, 1, 12, 2], "texture": "#1"},
				"south": {"uv": [11, 2, 12, 1], "rotation": 180, "texture": "#1"},
				"west": {"uv": [11, 1, 12, 2], "texture": "#1"},
				"up": {"uv": [12, 1, 11, 2], "texture": "#1"},
				"down": {"uv": [11, 1, 12, 2], "rotation": 180, "texture": "#1"}
			}
		},
		{
			"name": "oak_trapdoor_28",
			"from": [3, 14, 13],
			"to": [4, 15, 16],
			"faces": {
				"north": {"uv": [12, 1, 13, 2], "texture": "#1"},
				"east": {"uv": [12, 1, 13, 2], "texture": "#1"},
				"south": {"uv": [12, 2, 13, 1], "rotation": 180, "texture": "#1"},
				"west": {"uv": [12, 1, 13, 2], "texture": "#1"},
				"up": {"uv": [13, 1, 12, 2], "texture": "#1"},
				"down": {"uv": [12, 1, 13, 2], "rotation": 180, "texture": "#1"}
			}
		},
		{
			"name": "oak_trapdoor_29",
			"from": [2, 14, 13],
			"to": [3, 15, 16],
			"faces": {
				"north": {"uv": [13, 1, 14, 2], "texture": "#1"},
				"east": {"uv": [13, 1, 14, 2], "texture": "#1"},
				"south": {"uv": [13, 2, 14, 1], "rotation": 180, "texture": "#1"},
				"west": {"uv": [13, 1, 14, 2], "texture": "#1"},
				"up": {"uv": [14, 1, 13, 2], "texture": "#1"},
				"down": {"uv": [13, 1, 14, 2], "rotation": 180, "texture": "#1"}
			}
		},
		{
			"name": "oak_trapdoor_30",
			"from": [1, 14, 13],
			"to": [2, 15, 16],
			"faces": {
				"north": {"uv": [14, 1, 15, 2], "texture": "#1"},
				"east": {"uv": [14, 1, 15, 2], "texture": "#1"},
				"south": {"uv": [14, 2, 15, 1], "rotation": 180, "texture": "#1"},
				"west": {"uv": [14, 1, 15, 2], "texture": "#1"},
				"up": {"uv": [15, 1, 14, 2], "texture": "#1"},
				"down": {"uv": [14, 1, 15, 2], "rotation": 180, "texture": "#1"}
			}
		},
		{
			"name": "oak_trapdoor_31",
			"from": [0, 14, 13],
			"to": [1, 15, 16],
			"faces": {
				"north": {"uv": [15, 1, 16, 2], "texture": "#1"},
				"east": {"uv": [15, 1, 16, 2], "texture": "#1"},
				"south": {"uv": [15, 2, 16, 1], "rotation": 180, "texture": "#1"},
				"west": {"uv": [15, 1, 16, 2], "texture": "#1"},
				"up": {"uv": [16, 1, 15, 2], "texture": "#1"},
				"down": {"uv": [15, 1, 16, 2], "rotation": 180, "texture": "#1"}
			}
		},
		{
			"name": "oak_trapdoor_32",
			"from": [15, 13, 13],
			"to": [16, 14, 16],
			"faces": {
				"north": {"uv": [0, 2, 1, 3], "texture": "#1"},
				"east": {"uv": [0, 2, 1, 3], "texture": "#1"},
				"south": {"uv": [0, 3, 1, 2], "rotation": 180, "texture": "#1"},
				"west": {"uv": [0, 2, 1, 3], "texture": "#1"},
				"up": {"uv": [1, 2, 0, 3], "texture": "#1"},
				"down": {"uv": [0, 2, 1, 3], "rotation": 180, "texture": "#1"}
			}
		},
		{
			"name": "oak_trapdoor_33",
			"from": [14, 13, 13],
			"to": [15, 14, 16],
			"faces": {
				"north": {"uv": [1, 2, 2, 3], "texture": "#1"},
				"east": {"uv": [1, 2, 2, 3], "texture": "#1"},
				"south": {"uv": [1, 3, 2, 2], "rotation": 180, "texture": "#1"},
				"west": {"uv": [1, 2, 2, 3], "texture": "#1"},
				"up": {"uv": [2, 2, 1, 3], "texture": "#1"},
				"down": {"uv": [1, 2, 2, 3], "rotation": 180, "texture": "#1"}
			}
		},
		{
			"name": "oak_trapdoor_34",
			"from": [13, 13, 13],
			"to": [14, 14, 16],
			"faces": {
				"north": {"uv": [2, 2, 3, 3], "texture": "#1"},
				"east": {"uv": [2, 2, 3, 3], "texture": "#1"},
				"south": {"uv": [2, 3, 3, 2], "rotation": 180, "texture": "#1"},
				"west": {"uv": [2, 2, 3, 3], "texture": "#1"},
				"up": {"uv": [3, 2, 2, 3], "texture": "#1"},
				"down": {"uv": [2, 2, 3, 3], "rotation": 180, "texture": "#1"}
			}
		},
		{
			"name": "oak_trapdoor_35",
			"from": [12, 13, 13],
			"to": [13, 14, 16],
			"faces": {
				"north": {"uv": [3, 2, 4, 3], "texture": "#1"},
				"east": {"uv": [3, 2, 4, 3], "texture": "#1"},
				"south": {"uv": [3, 3, 4, 2], "rotation": 180, "texture": "#1"},
				"west": {"uv": [3, 2, 4, 3], "texture": "#1"},
				"up": {"uv": [4, 2, 3, 3], "texture": "#1"},
				"down": {"uv": [3, 2, 4, 3], "rotation": 180, "texture": "#1"}
			}
		},
		{
			"name": "oak_trapdoor_36",
			"from": [11, 13, 13],
			"to": [12, 14, 16],
			"faces": {
				"north": {"uv": [4, 2, 5, 3], "texture": "#1"},
				"east": {"uv": [4, 2, 5, 3], "texture": "#1"},
				"south": {"uv": [4, 3, 5, 2], "rotation": 180, "texture": "#1"},
				"west": {"uv": [4, 2, 5, 3], "texture": "#1"},
				"up": {"uv": [5, 2, 4, 3], "texture": "#1"},
				"down": {"uv": [4, 2, 5, 3], "rotation": 180, "texture": "#1"}
			}
		},
		{
			"name": "oak_trapdoor_37",
			"from": [10, 13, 13],
			"to": [11, 14, 16],
			"faces": {
				"north": {"uv": [5, 2, 6, 3], "texture": "#1"},
				"east": {"uv": [5, 2, 6, 3], "texture": "#1"},
				"south": {"uv": [5, 3, 6, 2], "rotation": 180, "texture": "#1"},
				"west": {"uv": [5, 2, 6, 3], "texture": "#1"},
				"up": {"uv": [6, 2, 5, 3], "texture": "#1"},
				"down": {"uv": [5, 2, 6, 3], "rotation": 180, "texture": "#1"}
			}
		},
		{
			"name": "oak_trapdoor_38",
			"from": [9, 13, 13],
			"to": [10, 14, 16],
			"faces": {
				"north": {"uv": [6, 2, 7, 3], "texture": "#1"},
				"east": {"uv": [6, 2, 7, 3], "texture": "#1"},
				"south": {"uv": [6, 3, 7, 2], "rotation": 180, "texture": "#1"},
				"west": {"uv": [6, 2, 7, 3], "texture": "#1"},
				"up": {"uv": [7, 2, 6, 3], "texture": "#1"},
				"down": {"uv": [6, 2, 7, 3], "rotation": 180, "texture": "#1"}
			}
		},
		{
			"name": "oak_trapdoor_39",
			"from": [8, 13, 13],
			"to": [9, 14, 16],
			"faces": {
				"north": {"uv": [7, 2, 8, 3], "texture": "#1"},
				"east": {"uv": [7, 2, 8, 3], "texture": "#1"},
				"south": {"uv": [7, 3, 8, 2], "rotation": 180, "texture": "#1"},
				"west": {"uv": [7, 2, 8, 3], "texture": "#1"},
				"up": {"uv": [8, 2, 7, 3], "texture": "#1"},
				"down": {"uv": [7, 2, 8, 3], "rotation": 180, "texture": "#1"}
			}
		},
		{
			"name": "oak_trapdoor_40",
			"from": [7, 13, 13],
			"to": [8, 14, 16],
			"faces": {
				"north": {"uv": [8, 2, 9, 3], "texture": "#1"},
				"east": {"uv": [8, 2, 9, 3], "texture": "#1"},
				"south": {"uv": [8, 3, 9, 2], "rotation": 180, "texture": "#1"},
				"west": {"uv": [8, 2, 9, 3], "texture": "#1"},
				"up": {"uv": [9, 2, 8, 3], "texture": "#1"},
				"down": {"uv": [8, 2, 9, 3], "rotation": 180, "texture": "#1"}
			}
		},
		{
			"name": "oak_trapdoor_41",
			"from": [6, 13, 13],
			"to": [7, 14, 16],
			"faces": {
				"north": {"uv": [9, 2, 10, 3], "texture": "#1"},
				"east": {"uv": [9, 2, 10, 3], "texture": "#1"},
				"south": {"uv": [9, 3, 10, 2], "rotation": 180, "texture": "#1"},
				"west": {"uv": [9, 2, 10, 3], "texture": "#1"},
				"up": {"uv": [10, 2, 9, 3], "texture": "#1"},
				"down": {"uv": [9, 2, 10, 3], "rotation": 180, "texture": "#1"}
			}
		},
		{
			"name": "oak_trapdoor_42",
			"from": [5, 13, 13],
			"to": [6, 14, 16],
			"faces": {
				"north": {"uv": [10, 2, 11, 3], "texture": "#1"},
				"east": {"uv": [10, 2, 11, 3], "texture": "#1"},
				"south": {"uv": [10, 3, 11, 2], "rotation": 180, "texture": "#1"},
				"west": {"uv": [10, 2, 11, 3], "texture": "#1"},
				"up": {"uv": [11, 2, 10, 3], "texture": "#1"},
				"down": {"uv": [10, 2, 11, 3], "rotation": 180, "texture": "#1"}
			}
		},
		{
			"name": "oak_trapdoor_43",
			"from": [4, 13, 13],
			"to": [5, 14, 16],
			"faces": {
				"north": {"uv": [11, 2, 12, 3], "texture": "#1"},
				"east": {"uv": [11, 2, 12, 3], "texture": "#1"},
				"south": {"uv": [11, 3, 12, 2], "rotation": 180, "texture": "#1"},
				"west": {"uv": [11, 2, 12, 3], "texture": "#1"},
				"up": {"uv": [12, 2, 11, 3], "texture": "#1"},
				"down": {"uv": [11, 2, 12, 3], "rotation": 180, "texture": "#1"}
			}
		},
		{
			"name": "oak_trapdoor_44",
			"from": [3, 13, 13],
			"to": [4, 14, 16],
			"faces": {
				"north": {"uv": [12, 2, 13, 3], "texture": "#1"},
				"east": {"uv": [12, 2, 13, 3], "texture": "#1"},
				"south": {"uv": [12, 3, 13, 2], "rotation": 180, "texture": "#1"},
				"west": {"uv": [12, 2, 13, 3], "texture": "#1"},
				"up": {"uv": [13, 2, 12, 3], "texture": "#1"},
				"down": {"uv": [12, 2, 13, 3], "rotation": 180, "texture": "#1"}
			}
		},
		{
			"name": "oak_trapdoor_45",
			"from": [2, 13, 13],
			"to": [3, 14, 16],
			"faces": {
				"north": {"uv": [13, 2, 14, 3], "texture": "#1"},
				"east": {"uv": [13, 2, 14, 3], "texture": "#1"},
				"south": {"uv": [13, 3, 14, 2], "rotation": 180, "texture": "#1"},
				"west": {"uv": [13, 2, 14, 3], "texture": "#1"},
				"up": {"uv": [14, 2, 13, 3], "texture": "#1"},
				"down": {"uv": [13, 2, 14, 3], "rotation": 180, "texture": "#1"}
			}
		},
		{
			"name": "oak_trapdoor_46",
			"from": [1, 13, 13],
			"to": [2, 14, 16],
			"faces": {
				"north": {"uv": [14, 2, 15, 3], "texture": "#1"},
				"east": {"uv": [14, 2, 15, 3], "texture": "#1"},
				"south": {"uv": [14, 3, 15, 2], "rotation": 180, "texture": "#1"},
				"west": {"uv": [14, 2, 15, 3], "texture": "#1"},
				"up": {"uv": [15, 2, 14, 3], "texture": "#1"},
				"down": {"uv": [14, 2, 15, 3], "rotation": 180, "texture": "#1"}
			}
		},
		{
			"name": "oak_trapdoor_47",
			"from": [0, 13, 13],
			"to": [1, 14, 16],
			"faces": {
				"north": {"uv": [15, 2, 16, 3], "texture": "#1"},
				"east": {"uv": [15, 2, 16, 3], "texture": "#1"},
				"south": {"uv": [15, 3, 16, 2], "rotation": 180, "texture": "#1"},
				"west": {"uv": [15, 2, 16, 3], "texture": "#1"},
				"up": {"uv": [16, 2, 15, 3], "texture": "#1"},
				"down": {"uv": [15, 2, 16, 3], "rotation": 180, "texture": "#1"}
			}
		},
		{
			"name": "oak_trapdoor_48",
			"from": [15, 12, 13],
			"to": [16, 13, 16],
			"faces": {
				"north": {"uv": [0, 3, 1, 4], "texture": "#1"},
				"east": {"uv": [0, 3, 1, 4], "texture": "#1"},
				"south": {"uv": [0, 4, 1, 3], "rotation": 180, "texture": "#1"},
				"west": {"uv": [0, 3, 1, 4], "texture": "#1"},
				"up": {"uv": [1, 3, 0, 4], "texture": "#1"},
				"down": {"uv": [0, 3, 1, 4], "rotation": 180, "texture": "#1"}
			}
		},
		{
			"name": "oak_trapdoor_49",
			"from": [14, 12, 13],
			"to": [15, 13, 16],
			"faces": {
				"north": {"uv": [1, 3, 2, 4], "texture": "#1"},
				"east": {"uv": [1, 3, 2, 4], "texture": "#1"},
				"south": {"uv": [1, 4, 2, 3], "rotation": 180, "texture": "#1"},
				"west": {"uv": [1, 3, 2, 4], "texture": "#1"},
				"up": {"uv": [2, 3, 1, 4], "texture": "#1"},
				"down": {"uv": [1, 3, 2, 4], "rotation": 180, "texture": "#1"}
			}
		},
		{
			"name": "oak_trapdoor_50",
			"from": [13, 12, 13],
			"to": [14, 13, 16],
			"faces": {
				"north": {"uv": [2, 3, 3, 4], "texture": "#1"},
				"east": {"uv": [2, 3, 3, 4], "texture": "#1"},
				"south": {"uv": [2, 4, 3, 3], "rotation": 180, "texture": "#1"},
				"west": {"uv": [2, 3, 3, 4], "texture": "#1"},
				"up": {"uv": [3, 3, 2, 4], "texture": "#1"},
				"down": {"uv": [2, 3, 3, 4], "rotation": 180, "texture": "#1"}
			}
		},
		{
			"name": "oak_trapdoor_51",
			"from": [12, 12, 13.75],
			"to": [13, 13, 15.25],
			"faces": {
				"north": {"uv": [3, 3, 4, 4], "texture": "#1"},
				"east": {"uv": [3, 3, 4, 4], "texture": "#1"},
				"south": {"uv": [3, 4, 4, 3], "rotation": 180, "texture": "#1"},
				"west": {"uv": [3, 3, 4, 4], "texture": "#1"},
				"up": {"uv": [4, 3, 3, 4], "texture": "#1"},
				"down": {"uv": [3, 3, 4, 4], "rotation": 180, "texture": "#1"}
			}
		},
		{
			"name": "oak_trapdoor_52",
			"from": [11, 12, 13.75],
			"to": [12, 13, 15.25],
			"faces": {
				"north": {"uv": [4, 3, 5, 4], "texture": "#1"},
				"east": {"uv": [4, 3, 5, 4], "texture": "#1"},
				"south": {"uv": [4, 4, 5, 3], "rotation": 180, "texture": "#1"},
				"west": {"uv": [4, 3, 5, 4], "texture": "#1"},
				"up": {"uv": [5, 3, 4, 4], "texture": "#1"},
				"down": {"uv": [4, 3, 5, 4], "rotation": 180, "texture": "#1"}
			}
		},
		{
			"name": "oak_trapdoor_53",
			"from": [10, 12, 13.75],
			"to": [11, 13, 15.25],
			"faces": {
				"north": {"uv": [5, 3, 6, 4], "texture": "#1"},
				"east": {"uv": [5, 3, 6, 4], "texture": "#1"},
				"south": {"uv": [5, 4, 6, 3], "rotation": 180, "texture": "#1"},
				"west": {"uv": [5, 3, 6, 4], "texture": "#1"},
				"up": {"uv": [6, 3, 5, 4], "texture": "#1"},
				"down": {"uv": [5, 3, 6, 4], "rotation": 180, "texture": "#1"}
			}
		},
		{
			"name": "oak_trapdoor_54",
			"from": [9, 12, 13.75],
			"to": [10, 13, 15.25],
			"faces": {
				"north": {"uv": [6, 3, 7, 4], "texture": "#1"},
				"east": {"uv": [6, 3, 7, 4], "texture": "#1"},
				"south": {"uv": [6, 4, 7, 3], "rotation": 180, "texture": "#1"},
				"west": {"uv": [6, 3, 7, 4], "texture": "#1"},
				"up": {"uv": [7, 3, 6, 4], "texture": "#1"},
				"down": {"uv": [6, 3, 7, 4], "rotation": 180, "texture": "#1"}
			}
		},
		{
			"name": "oak_trapdoor_55",
			"from": [8, 12, 13.75],
			"to": [9, 13, 15.25],
			"faces": {
				"north": {"uv": [7, 3, 8, 4], "texture": "#1"},
				"east": {"uv": [7, 3, 8, 4], "texture": "#1"},
				"south": {"uv": [7, 4, 8, 3], "rotation": 180, "texture": "#1"},
				"west": {"uv": [7, 3, 8, 4], "texture": "#1"},
				"up": {"uv": [8, 3, 7, 4], "texture": "#1"},
				"down": {"uv": [7, 3, 8, 4], "rotation": 180, "texture": "#1"}
			}
		},
		{
			"name": "oak_trapdoor_56",
			"from": [7, 12, 13.75],
			"to": [8, 13, 15.25],
			"faces": {
				"north": {"uv": [8, 3, 9, 4], "texture": "#1"},
				"east": {"uv": [8, 3, 9, 4], "texture": "#1"},
				"south": {"uv": [8, 4, 9, 3], "rotation": 180, "texture": "#1"},
				"west": {"uv": [8, 3, 9, 4], "texture": "#1"},
				"up": {"uv": [9, 3, 8, 4], "texture": "#1"},
				"down": {"uv": [8, 3, 9, 4], "rotation": 180, "texture": "#1"}
			}
		},
		{
			"name": "oak_trapdoor_57",
			"from": [6, 12, 13.75],
			"to": [7, 13, 15.25],
			"faces": {
				"north": {"uv": [9, 3, 10, 4], "texture": "#1"},
				"east": {"uv": [9, 3, 10, 4], "texture": "#1"},
				"south": {"uv": [9, 4, 10, 3], "rotation": 180, "texture": "#1"},
				"west": {"uv": [9, 3, 10, 4], "texture": "#1"},
				"up": {"uv": [10, 3, 9, 4], "texture": "#1"},
				"down": {"uv": [9, 3, 10, 4], "rotation": 180, "texture": "#1"}
			}
		},
		{
			"name": "oak_trapdoor_58",
			"from": [5, 12, 13.75],
			"to": [6, 13, 15.25],
			"faces": {
				"north": {"uv": [10, 3, 11, 4], "texture": "#1"},
				"east": {"uv": [10, 3, 11, 4], "texture": "#1"},
				"south": {"uv": [10, 4, 11, 3], "rotation": 180, "texture": "#1"},
				"west": {"uv": [10, 3, 11, 4], "texture": "#1"},
				"up": {"uv": [11, 3, 10, 4], "texture": "#1"},
				"down": {"uv": [10, 3, 11, 4], "rotation": 180, "texture": "#1"}
			}
		},
		{
			"name": "oak_trapdoor_59",
			"from": [4, 12, 13.75],
			"to": [5, 13, 15.25],
			"faces": {
				"north": {"uv": [11, 3, 12, 4], "texture": "#1"},
				"east": {"uv": [11, 3, 12, 4], "texture": "#1"},
				"south": {"uv": [11, 4, 12, 3], "rotation": 180, "texture": "#1"},
				"west": {"uv": [11, 3, 12, 4], "texture": "#1"},
				"up": {"uv": [12, 3, 11, 4], "texture": "#1"},
				"down": {"uv": [11, 3, 12, 4], "rotation": 180, "texture": "#1"}
			}
		},
		{
			"name": "oak_trapdoor_60",
			"from": [3, 12, 13.75],
			"to": [4, 13, 15.25],
			"faces": {
				"north": {"uv": [12, 3, 13, 4], "texture": "#1"},
				"east": {"uv": [12, 3, 13, 4], "texture": "#1"},
				"south": {"uv": [12, 4, 13, 3], "rotation": 180, "texture": "#1"},
				"west": {"uv": [12, 3, 13, 4], "texture": "#1"},
				"up": {"uv": [13, 3, 12, 4], "texture": "#1"},
				"down": {"uv": [12, 3, 13, 4], "rotation": 180, "texture": "#1"}
			}
		},
		{
			"name": "oak_trapdoor_61",
			"from": [2, 12, 13],
			"to": [3, 13, 16],
			"faces": {
				"north": {"uv": [13, 3, 14, 4], "texture": "#1"},
				"east": {"uv": [13, 3, 14, 4], "texture": "#1"},
				"south": {"uv": [13, 4, 14, 3], "rotation": 180, "texture": "#1"},
				"west": {"uv": [13, 3, 14, 4], "texture": "#1"},
				"up": {"uv": [14, 3, 13, 4], "texture": "#1"},
				"down": {"uv": [13, 3, 14, 4], "rotation": 180, "texture": "#1"}
			}
		},
		{
			"name": "oak_trapdoor_62",
			"from": [1, 12, 13],
			"to": [2, 13, 16],
			"faces": {
				"north": {"uv": [14, 3, 15, 4], "texture": "#1"},
				"east": {"uv": [14, 3, 15, 4], "texture": "#1"},
				"south": {"uv": [14, 4, 15, 3], "rotation": 180, "texture": "#1"},
				"west": {"uv": [14, 3, 15, 4], "texture": "#1"},
				"up": {"uv": [15, 3, 14, 4], "texture": "#1"},
				"down": {"uv": [14, 3, 15, 4], "rotation": 180, "texture": "#1"}
			}
		},
		{
			"name": "oak_trapdoor_63",
			"from": [0, 12, 13],
			"to": [1, 13, 16],
			"faces": {
				"north": {"uv": [15, 3, 16, 4], "texture": "#1"},
				"east": {"uv": [15, 3, 16, 4], "texture": "#1"},
				"south": {"uv": [15, 4, 16, 3], "rotation": 180, "texture": "#1"},
				"west": {"uv": [15, 3, 16, 4], "texture": "#1"},
				"up": {"uv": [16, 3, 15, 4], "texture": "#1"},
				"down": {"uv": [15, 3, 16, 4], "rotation": 180, "texture": "#1"}
			}
		},
		{
			"name": "oak_trapdoor_64",
			"from": [15, 11, 13],
			"to": [16, 12, 16],
			"faces": {
				"north": {"uv": [0, 4, 1, 5], "texture": "#1"},
				"east": {"uv": [0, 4, 1, 5], "texture": "#1"},
				"south": {"uv": [0, 5, 1, 4], "rotation": 180, "texture": "#1"},
				"west": {"uv": [0, 4, 1, 5], "texture": "#1"},
				"up": {"uv": [1, 4, 0, 5], "texture": "#1"},
				"down": {"uv": [0, 4, 1, 5], "rotation": 180, "texture": "#1"}
			}
		},
		{
			"name": "oak_trapdoor_65",
			"from": [14, 11, 13],
			"to": [15, 12, 16],
			"faces": {
				"north": {"uv": [1, 4, 2, 5], "texture": "#1"},
				"east": {"uv": [1, 4, 2, 5], "texture": "#1"},
				"south": {"uv": [1, 5, 2, 4], "rotation": 180, "texture": "#1"},
				"west": {"uv": [1, 4, 2, 5], "texture": "#1"},
				"up": {"uv": [2, 4, 1, 5], "texture": "#1"},
				"down": {"uv": [1, 4, 2, 5], "rotation": 180, "texture": "#1"}
			}
		},
		{
			"name": "oak_trapdoor_66",
			"from": [13, 11, 13],
			"to": [14, 12, 16],
			"faces": {
				"north": {"uv": [2, 4, 3, 5], "texture": "#1"},
				"east": {"uv": [2, 4, 3, 5], "texture": "#1"},
				"south": {"uv": [2, 5, 3, 4], "rotation": 180, "texture": "#1"},
				"west": {"uv": [2, 4, 3, 5], "texture": "#1"},
				"up": {"uv": [3, 4, 2, 5], "texture": "#1"},
				"down": {"uv": [2, 4, 3, 5], "rotation": 180, "texture": "#1"}
			}
		},
		{
			"name": "oak_trapdoor_67",
			"from": [12, 11, 13.75],
			"to": [13, 12, 15.25],
			"faces": {
				"north": {"uv": [3, 4, 4, 5], "texture": "#1"},
				"east": {"uv": [3, 4, 4, 5], "texture": "#1"},
				"south": {"uv": [3, 5, 4, 4], "rotation": 180, "texture": "#1"},
				"west": {"uv": [3, 4, 4, 5], "texture": "#1"},
				"up": {"uv": [4, 4, 3, 5], "texture": "#1"},
				"down": {"uv": [3, 4, 4, 5], "rotation": 180, "texture": "#1"}
			}
		},
		{
			"name": "oak_trapdoor_68",
			"from": [3, 11, 13.75],
			"to": [4, 12, 15.25],
			"faces": {
				"north": {"uv": [12, 4, 13, 5], "texture": "#1"},
				"east": {"uv": [12, 4, 13, 5], "texture": "#1"},
				"south": {"uv": [12, 5, 13, 4], "rotation": 180, "texture": "#1"},
				"west": {"uv": [12, 4, 13, 5], "texture": "#1"},
				"up": {"uv": [13, 4, 12, 5], "texture": "#1"},
				"down": {"uv": [12, 4, 13, 5], "rotation": 180, "texture": "#1"}
			}
		},
		{
			"name": "oak_trapdoor_69",
			"from": [2, 11, 13],
			"to": [3, 12, 16],
			"faces": {
				"north": {"uv": [13, 4, 14, 5], "texture": "#1"},
				"east": {"uv": [13, 4, 14, 5], "texture": "#1"},
				"south": {"uv": [13, 5, 14, 4], "rotation": 180, "texture": "#1"},
				"west": {"uv": [13, 4, 14, 5], "texture": "#1"},
				"up": {"uv": [14, 4, 13, 5], "texture": "#1"},
				"down": {"uv": [13, 4, 14, 5], "rotation": 180, "texture": "#1"}
			}
		},
		{
			"name": "oak_trapdoor_70",
			"from": [1, 11, 13],
			"to": [2, 12, 16],
			"faces": {
				"north": {"uv": [14, 4, 15, 5], "texture": "#1"},
				"east": {"uv": [14, 4, 15, 5], "texture": "#1"},
				"south": {"uv": [14, 5, 15, 4], "rotation": 180, "texture": "#1"},
				"west": {"uv": [14, 4, 15, 5], "texture": "#1"},
				"up": {"uv": [15, 4, 14, 5], "texture": "#1"},
				"down": {"uv": [14, 4, 15, 5], "rotation": 180, "texture": "#1"}
			}
		},
		{
			"name": "oak_trapdoor_71",
			"from": [0, 11, 13],
			"to": [1, 12, 16],
			"faces": {
				"north": {"uv": [15, 4, 16, 5], "texture": "#1"},
				"east": {"uv": [15, 4, 16, 5], "texture": "#1"},
				"south": {"uv": [15, 5, 16, 4], "rotation": 180, "texture": "#1"},
				"west": {"uv": [15, 4, 16, 5], "texture": "#1"},
				"up": {"uv": [16, 4, 15, 5], "texture": "#1"},
				"down": {"uv": [15, 4, 16, 5], "rotation": 180, "texture": "#1"}
			}
		},
		{
			"name": "oak_trapdoor_72",
			"from": [15, 10, 13],
			"to": [16, 11, 16],
			"faces": {
				"north": {"uv": [0, 5, 1, 6], "texture": "#1"},
				"east": {"uv": [0, 5, 1, 6], "texture": "#1"},
				"south": {"uv": [0, 6, 1, 5], "rotation": 180, "texture": "#1"},
				"west": {"uv": [0, 5, 1, 6], "texture": "#1"},
				"up": {"uv": [1, 5, 0, 6], "texture": "#1"},
				"down": {"uv": [0, 5, 1, 6], "rotation": 180, "texture": "#1"}
			}
		},
		{
			"name": "oak_trapdoor_73",
			"from": [14, 10, 13],
			"to": [15, 11, 16],
			"faces": {
				"north": {"uv": [1, 5, 2, 6], "texture": "#1"},
				"east": {"uv": [1, 5, 2, 6], "texture": "#1"},
				"south": {"uv": [1, 6, 2, 5], "rotation": 180, "texture": "#1"},
				"west": {"uv": [1, 5, 2, 6], "texture": "#1"},
				"up": {"uv": [2, 5, 1, 6], "texture": "#1"},
				"down": {"uv": [1, 5, 2, 6], "rotation": 180, "texture": "#1"}
			}
		},
		{
			"name": "oak_trapdoor_74",
			"from": [13, 10, 13],
			"to": [14, 11, 16],
			"faces": {
				"north": {"uv": [2, 5, 3, 6], "texture": "#1"},
				"east": {"uv": [2, 5, 3, 6], "texture": "#1"},
				"south": {"uv": [2, 6, 3, 5], "rotation": 180, "texture": "#1"},
				"west": {"uv": [2, 5, 3, 6], "texture": "#1"},
				"up": {"uv": [3, 5, 2, 6], "texture": "#1"},
				"down": {"uv": [2, 5, 3, 6], "rotation": 180, "texture": "#1"}
			}
		},
		{
			"name": "oak_trapdoor_75",
			"from": [12, 10, 13.75],
			"to": [13, 11, 15.25],
			"faces": {
				"north": {"uv": [3, 5, 4, 6], "texture": "#1"},
				"east": {"uv": [3, 5, 4, 6], "texture": "#1"},
				"south": {"uv": [3, 6, 4, 5], "rotation": 180, "texture": "#1"},
				"west": {"uv": [3, 5, 4, 6], "texture": "#1"},
				"up": {"uv": [4, 5, 3, 6], "texture": "#1"},
				"down": {"uv": [3, 5, 4, 6], "rotation": 180, "texture": "#1"}
			}
		},
		{
			"name": "oak_trapdoor_76",
			"from": [3, 10, 13.75],
			"to": [4, 11, 15.25],
			"faces": {
				"north": {"uv": [12, 5, 13, 6], "texture": "#1"},
				"east": {"uv": [12, 5, 13, 6], "texture": "#1"},
				"south": {"uv": [12, 6, 13, 5], "rotation": 180, "texture": "#1"},
				"west": {"uv": [12, 5, 13, 6], "texture": "#1"},
				"up": {"uv": [13, 5, 12, 6], "texture": "#1"},
				"down": {"uv": [12, 5, 13, 6], "rotation": 180, "texture": "#1"}
			}
		},
		{
			"name": "oak_trapdoor_77",
			"from": [2, 10, 13],
			"to": [3, 11, 16],
			"faces": {
				"north": {"uv": [13, 5, 14, 6], "texture": "#1"},
				"east": {"uv": [13, 5, 14, 6], "texture": "#1"},
				"south": {"uv": [13, 6, 14, 5], "rotation": 180, "texture": "#1"},
				"west": {"uv": [13, 5, 14, 6], "texture": "#1"},
				"up": {"uv": [14, 5, 13, 6], "texture": "#1"},
				"down": {"uv": [13, 5, 14, 6], "rotation": 180, "texture": "#1"}
			}
		},
		{
			"name": "oak_trapdoor_78",
			"from": [1, 10, 13],
			"to": [2, 11, 16],
			"faces": {
				"north": {"uv": [14, 5, 15, 6], "texture": "#1"},
				"east": {"uv": [14, 5, 15, 6], "texture": "#1"},
				"south": {"uv": [14, 6, 15, 5], "rotation": 180, "texture": "#1"},
				"west": {"uv": [14, 5, 15, 6], "texture": "#1"},
				"up": {"uv": [15, 5, 14, 6], "texture": "#1"},
				"down": {"uv": [14, 5, 15, 6], "rotation": 180, "texture": "#1"}
			}
		},
		{
			"name": "oak_trapdoor_79",
			"from": [0, 10, 13],
			"to": [1, 11, 16],
			"faces": {
				"north": {"uv": [15, 5, 16, 6], "texture": "#1"},
				"east": {"uv": [15, 5, 16, 6], "texture": "#1"},
				"south": {"uv": [15, 6, 16, 5], "rotation": 180, "texture": "#1"},
				"west": {"uv": [15, 5, 16, 6], "texture": "#1"},
				"up": {"uv": [16, 5, 15, 6], "texture": "#1"},
				"down": {"uv": [15, 5, 16, 6], "rotation": 180, "texture": "#1"}
			}
		},
		{
			"name": "oak_trapdoor_80",
			"from": [15, 9, 13],
			"to": [16, 10, 16],
			"faces": {
				"north": {"uv": [0, 6, 1, 7], "texture": "#1"},
				"east": {"uv": [0, 6, 1, 7], "texture": "#1"},
				"south": {"uv": [0, 7, 1, 6], "rotation": 180, "texture": "#1"},
				"west": {"uv": [0, 6, 1, 7], "texture": "#1"},
				"up": {"uv": [1, 6, 0, 7], "texture": "#1"},
				"down": {"uv": [0, 6, 1, 7], "rotation": 180, "texture": "#1"}
			}
		},
		{
			"name": "oak_trapdoor_81",
			"from": [14, 9, 13],
			"to": [15, 10, 16],
			"faces": {
				"north": {"uv": [1, 6, 2, 7], "texture": "#1"},
				"east": {"uv": [1, 6, 2, 7], "texture": "#1"},
				"south": {"uv": [1, 7, 2, 6], "rotation": 180, "texture": "#1"},
				"west": {"uv": [1, 6, 2, 7], "texture": "#1"},
				"up": {"uv": [2, 6, 1, 7], "texture": "#1"},
				"down": {"uv": [1, 6, 2, 7], "rotation": 180, "texture": "#1"}
			}
		},
		{
			"name": "oak_trapdoor_82",
			"from": [13, 9, 13],
			"to": [14, 10, 16],
			"faces": {
				"north": {"uv": [2, 6, 3, 7], "texture": "#1"},
				"east": {"uv": [2, 6, 3, 7], "texture": "#1"},
				"south": {"uv": [2, 7, 3, 6], "rotation": 180, "texture": "#1"},
				"west": {"uv": [2, 6, 3, 7], "texture": "#1"},
				"up": {"uv": [3, 6, 2, 7], "texture": "#1"},
				"down": {"uv": [2, 6, 3, 7], "rotation": 180, "texture": "#1"}
			}
		},
		{
			"name": "oak_trapdoor_83",
			"from": [12, 9, 13.75],
			"to": [13, 10, 15.25],
			"faces": {
				"north": {"uv": [3, 6, 4, 7], "texture": "#1"},
				"east": {"uv": [3, 6, 4, 7], "texture": "#1"},
				"south": {"uv": [3, 7, 4, 6], "rotation": 180, "texture": "#1"},
				"west": {"uv": [3, 6, 4, 7], "texture": "#1"},
				"up": {"uv": [4, 6, 3, 7], "texture": "#1"},
				"down": {"uv": [3, 6, 4, 7], "rotation": 180, "texture": "#1"}
			}
		},
		{
			"name": "oak_trapdoor_84",
			"from": [3, 9, 13.75],
			"to": [4, 10, 15.25],
			"faces": {
				"north": {"uv": [12, 6, 13, 7], "texture": "#1"},
				"east": {"uv": [12, 6, 13, 7], "texture": "#1"},
				"south": {"uv": [12, 7, 13, 6], "rotation": 180, "texture": "#1"},
				"west": {"uv": [12, 6, 13, 7], "texture": "#1"},
				"up": {"uv": [13, 6, 12, 7], "texture": "#1"},
				"down": {"uv": [12, 6, 13, 7], "rotation": 180, "texture": "#1"}
			}
		},
		{
			"name": "oak_trapdoor_85",
			"from": [2, 9, 13],
			"to": [3, 10, 16],
			"faces": {
				"north": {"uv": [13, 6, 14, 7], "texture": "#1"},
				"east": {"uv": [13, 6, 14, 7], "texture": "#1"},
				"south": {"uv": [13, 7, 14, 6], "rotation": 180, "texture": "#1"},
				"west": {"uv": [13, 6, 14, 7], "texture": "#1"},
				"up": {"uv": [14, 6, 13, 7], "texture": "#1"},
				"down": {"uv": [13, 6, 14, 7], "rotation": 180, "texture": "#1"}
			}
		},
		{
			"name": "oak_trapdoor_86",
			"from": [1, 9, 13],
			"to": [2, 10, 16],
			"faces": {
				"north": {"uv": [14, 6, 15, 7], "texture": "#1"},
				"east": {"uv": [14, 6, 15, 7], "texture": "#1"},
				"south": {"uv": [14, 7, 15, 6], "rotation": 180, "texture": "#1"},
				"west": {"uv": [14, 6, 15, 7], "texture": "#1"},
				"up": {"uv": [15, 6, 14, 7], "texture": "#1"},
				"down": {"uv": [14, 6, 15, 7], "rotation": 180, "texture": "#1"}
			}
		},
		{
			"name": "oak_trapdoor_87",
			"from": [0, 9, 13],
			"to": [1, 10, 16],
			"faces": {
				"north": {"uv": [15, 6, 16, 7], "texture": "#1"},
				"east": {"uv": [15, 6, 16, 7], "texture": "#1"},
				"south": {"uv": [15, 7, 16, 6], "rotation": 180, "texture": "#1"},
				"west": {"uv": [15, 6, 16, 7], "texture": "#1"},
				"up": {"uv": [16, 6, 15, 7], "texture": "#1"},
				"down": {"uv": [15, 6, 16, 7], "rotation": 180, "texture": "#1"}
			}
		},
		{
			"name": "oak_trapdoor_88",
			"from": [15, 8, 13],
			"to": [16, 9, 16],
			"faces": {
				"north": {"uv": [0, 7, 1, 8], "texture": "#1"},
				"east": {"uv": [0, 7, 1, 8], "texture": "#1"},
				"south": {"uv": [0, 8, 1, 7], "rotation": 180, "texture": "#1"},
				"west": {"uv": [0, 7, 1, 8], "texture": "#1"},
				"up": {"uv": [1, 7, 0, 8], "texture": "#1"},
				"down": {"uv": [0, 7, 1, 8], "rotation": 180, "texture": "#1"}
			}
		},
		{
			"name": "oak_trapdoor_89",
			"from": [14, 8, 13],
			"to": [15, 9, 16],
			"faces": {
				"north": {"uv": [1, 7, 2, 8], "texture": "#1"},
				"east": {"uv": [1, 7, 2, 8], "texture": "#1"},
				"south": {"uv": [1, 8, 2, 7], "rotation": 180, "texture": "#1"},
				"west": {"uv": [1, 7, 2, 8], "texture": "#1"},
				"up": {"uv": [2, 7, 1, 8], "texture": "#1"},
				"down": {"uv": [1, 7, 2, 8], "rotation": 180, "texture": "#1"}
			}
		},
		{
			"name": "oak_trapdoor_90",
			"from": [13, 8, 13],
			"to": [14, 9, 16],
			"faces": {
				"north": {"uv": [2, 7, 3, 8], "texture": "#1"},
				"east": {"uv": [2, 7, 3, 8], "texture": "#1"},
				"south": {"uv": [2, 8, 3, 7], "rotation": 180, "texture": "#1"},
				"west": {"uv": [2, 7, 3, 8], "texture": "#1"},
				"up": {"uv": [3, 7, 2, 8], "texture": "#1"},
				"down": {"uv": [2, 7, 3, 8], "rotation": 180, "texture": "#1"}
			}
		},
		{
			"name": "oak_trapdoor_91",
			"from": [12, 8, 13.75],
			"to": [13, 9, 15.25],
			"faces": {
				"north": {"uv": [3, 7, 4, 8], "texture": "#1"},
				"east": {"uv": [3, 7, 4, 8], "texture": "#1"},
				"south": {"uv": [3, 8, 4, 7], "rotation": 180, "texture": "#1"},
				"west": {"uv": [3, 7, 4, 8], "texture": "#1"},
				"up": {"uv": [4, 7, 3, 8], "texture": "#1"},
				"down": {"uv": [3, 7, 4, 8], "rotation": 180, "texture": "#1"}
			}
		},
		{
			"name": "oak_trapdoor_92",
			"from": [3, 8, 13.75],
			"to": [4, 9, 15.25],
			"faces": {
				"north": {"uv": [12, 7, 13, 8], "texture": "#1"},
				"east": {"uv": [12, 7, 13, 8], "texture": "#1"},
				"south": {"uv": [12, 8, 13, 7], "rotation": 180, "texture": "#1"},
				"west": {"uv": [12, 7, 13, 8], "texture": "#1"},
				"up": {"uv": [13, 7, 12, 8], "texture": "#1"},
				"down": {"uv": [12, 7, 13, 8], "rotation": 180, "texture": "#1"}
			}
		},
		{
			"name": "oak_trapdoor_93",
			"from": [2, 8, 13],
			"to": [3, 9, 16],
			"faces": {
				"north": {"uv": [13, 7, 14, 8], "texture": "#1"},
				"east": {"uv": [13, 7, 14, 8], "texture": "#1"},
				"south": {"uv": [13, 8, 14, 7], "rotation": 180, "texture": "#1"},
				"west": {"uv": [13, 7, 14, 8], "texture": "#1"},
				"up": {"uv": [14, 7, 13, 8], "texture": "#1"},
				"down": {"uv": [13, 7, 14, 8], "rotation": 180, "texture": "#1"}
			}
		},
		{
			"name": "oak_trapdoor_94",
			"from": [1, 8, 13],
			"to": [2, 9, 16],
			"faces": {
				"north": {"uv": [14, 7, 15, 8], "texture": "#1"},
				"east": {"uv": [14, 7, 15, 8], "texture": "#1"},
				"south": {"uv": [14, 8, 15, 7], "rotation": 180, "texture": "#1"},
				"west": {"uv": [14, 7, 15, 8], "texture": "#1"},
				"up": {"uv": [15, 7, 14, 8], "texture": "#1"},
				"down": {"uv": [14, 7, 15, 8], "rotation": 180, "texture": "#1"}
			}
		},
		{
			"name": "oak_trapdoor_95",
			"from": [0, 8, 13],
			"to": [1, 9, 16],
			"faces": {
				"north": {"uv": [15, 7, 16, 8], "texture": "#1"},
				"east": {"uv": [15, 7, 16, 8], "texture": "#1"},
				"south": {"uv": [15, 8, 16, 7], "rotation": 180, "texture": "#1"},
				"west": {"uv": [15, 7, 16, 8], "texture": "#1"},
				"up": {"uv": [16, 7, 15, 8], "texture": "#1"},
				"down": {"uv": [15, 7, 16, 8], "rotation": 180, "texture": "#1"}
			}
		},
		{
			"name": "oak_trapdoor_96",
			"from": [15, 7, 13],
			"to": [16, 8, 16],
			"faces": {
				"north": {"uv": [0, 8, 1, 9], "texture": "#1"},
				"east": {"uv": [0, 8, 1, 9], "texture": "#1"},
				"south": {"uv": [0, 9, 1, 8], "rotation": 180, "texture": "#1"},
				"west": {"uv": [0, 8, 1, 9], "texture": "#1"},
				"up": {"uv": [1, 8, 0, 9], "texture": "#1"},
				"down": {"uv": [0, 8, 1, 9], "rotation": 180, "texture": "#1"}
			}
		},
		{
			"name": "oak_trapdoor_97",
			"from": [14, 7, 13],
			"to": [15, 8, 16],
			"faces": {
				"north": {"uv": [1, 8, 2, 9], "texture": "#1"},
				"east": {"uv": [1, 8, 2, 9], "texture": "#1"},
				"south": {"uv": [1, 9, 2, 8], "rotation": 180, "texture": "#1"},
				"west": {"uv": [1, 8, 2, 9], "texture": "#1"},
				"up": {"uv": [2, 8, 1, 9], "texture": "#1"},
				"down": {"uv": [1, 8, 2, 9], "rotation": 180, "texture": "#1"}
			}
		},
		{
			"name": "oak_trapdoor_98",
			"from": [13, 7, 13],
			"to": [14, 8, 16],
			"faces": {
				"north": {"uv": [2, 8, 3, 9], "texture": "#1"},
				"east": {"uv": [2, 8, 3, 9], "texture": "#1"},
				"south": {"uv": [2, 9, 3, 8], "rotation": 180, "texture": "#1"},
				"west": {"uv": [2, 8, 3, 9], "texture": "#1"},
				"up": {"uv": [3, 8, 2, 9], "texture": "#1"},
				"down": {"uv": [2, 8, 3, 9], "rotation": 180, "texture": "#1"}
			}
		},
		{
			"name": "oak_trapdoor_99",
			"from": [12, 7, 13.75],
			"to": [13, 8, 15.25],
			"faces": {
				"north": {"uv": [3, 8, 4, 9], "texture": "#1"},
				"east": {"uv": [3, 8, 4, 9], "texture": "#1"},
				"south": {"uv": [3, 9, 4, 8], "rotation": 180, "texture": "#1"},
				"west": {"uv": [3, 8, 4, 9], "texture": "#1"},
				"up": {"uv": [4, 8, 3, 9], "texture": "#1"},
				"down": {"uv": [3, 8, 4, 9], "rotation": 180, "texture": "#1"}
			}
		},
		{
			"name": "oak_trapdoor_100",
			"from": [3, 7, 13.75],
			"to": [4, 8, 15.25],
			"faces": {
				"north": {"uv": [12, 8, 13, 9], "texture": "#1"},
				"east": {"uv": [12, 8, 13, 9], "texture": "#1"},
				"south": {"uv": [12, 9, 13, 8], "rotation": 180, "texture": "#1"},
				"west": {"uv": [12, 8, 13, 9], "texture": "#1"},
				"up": {"uv": [13, 8, 12, 9], "texture": "#1"},
				"down": {"uv": [12, 8, 13, 9], "rotation": 180, "texture": "#1"}
			}
		},
		{
			"name": "oak_trapdoor_101",
			"from": [2, 7, 13],
			"to": [3, 8, 16],
			"faces": {
				"north": {"uv": [13, 8, 14, 9], "texture": "#1"},
				"east": {"uv": [13, 8, 14, 9], "texture": "#1"},
				"south": {"uv": [13, 9, 14, 8], "rotation": 180, "texture": "#1"},
				"west": {"uv": [13, 8, 14, 9], "texture": "#1"},
				"up": {"uv": [14, 8, 13, 9], "texture": "#1"},
				"down": {"uv": [13, 8, 14, 9], "rotation": 180, "texture": "#1"}
			}
		},
		{
			"name": "oak_trapdoor_102",
			"from": [1, 7, 13],
			"to": [2, 8, 16],
			"faces": {
				"north": {"uv": [14, 8, 15, 9], "texture": "#1"},
				"east": {"uv": [14, 8, 15, 9], "texture": "#1"},
				"south": {"uv": [14, 9, 15, 8], "rotation": 180, "texture": "#1"},
				"west": {"uv": [14, 8, 15, 9], "texture": "#1"},
				"up": {"uv": [15, 8, 14, 9], "texture": "#1"},
				"down": {"uv": [14, 8, 15, 9], "rotation": 180, "texture": "#1"}
			}
		},
		{
			"name": "oak_trapdoor_103",
			"from": [0, 7, 13],
			"to": [1, 8, 16],
			"faces": {
				"north": {"uv": [15, 8, 16, 9], "texture": "#1"},
				"east": {"uv": [15, 8, 16, 9], "texture": "#1"},
				"south": {"uv": [15, 9, 16, 8], "rotation": 180, "texture": "#1"},
				"west": {"uv": [15, 8, 16, 9], "texture": "#1"},
				"up": {"uv": [16, 8, 15, 9], "texture": "#1"},
				"down": {"uv": [15, 8, 16, 9], "rotation": 180, "texture": "#1"}
			}
		},
		{
			"name": "oak_trapdoor_104",
			"from": [15, 6, 13],
			"to": [16, 7, 16],
			"faces": {
				"north": {"uv": [0, 9, 1, 10], "texture": "#1"},
				"east": {"uv": [0, 9, 1, 10], "texture": "#1"},
				"south": {"uv": [0, 10, 1, 9], "rotation": 180, "texture": "#1"},
				"west": {"uv": [0, 9, 1, 10], "texture": "#1"},
				"up": {"uv": [1, 9, 0, 10], "texture": "#1"},
				"down": {"uv": [0, 9, 1, 10], "rotation": 180, "texture": "#1"}
			}
		},
		{
			"name": "oak_trapdoor_105",
			"from": [14, 6, 13],
			"to": [15, 7, 16],
			"faces": {
				"north": {"uv": [1, 9, 2, 10], "texture": "#1"},
				"east": {"uv": [1, 9, 2, 10], "texture": "#1"},
				"south": {"uv": [1, 10, 2, 9], "rotation": 180, "texture": "#1"},
				"west": {"uv": [1, 9, 2, 10], "texture": "#1"},
				"up": {"uv": [2, 9, 1, 10], "texture": "#1"},
				"down": {"uv": [1, 9, 2, 10], "rotation": 180, "texture": "#1"}
			}
		},
		{
			"name": "oak_trapdoor_106",
			"from": [13, 6, 13],
			"to": [14, 7, 16],
			"faces": {
				"north": {"uv": [2, 9, 3, 10], "texture": "#1"},
				"east": {"uv": [2, 9, 3, 10], "texture": "#1"},
				"south": {"uv": [2, 10, 3, 9], "rotation": 180, "texture": "#1"},
				"west": {"uv": [2, 9, 3, 10], "texture": "#1"},
				"up": {"uv": [3, 9, 2, 10], "texture": "#1"},
				"down": {"uv": [2, 9, 3, 10], "rotation": 180, "texture": "#1"}
			}
		},
		{
			"name": "oak_trapdoor_107",
			"from": [12, 6, 13.75],
			"to": [13, 7, 15.25],
			"faces": {
				"north": {"uv": [3, 9, 4, 10], "texture": "#1"},
				"east": {"uv": [3, 9, 4, 10], "texture": "#1"},
				"south": {"uv": [3, 10, 4, 9], "rotation": 180, "texture": "#1"},
				"west": {"uv": [3, 9, 4, 10], "texture": "#1"},
				"up": {"uv": [4, 9, 3, 10], "texture": "#1"},
				"down": {"uv": [3, 9, 4, 10], "rotation": 180, "texture": "#1"}
			}
		},
		{
			"name": "oak_trapdoor_108",
			"from": [3, 6, 13.75],
			"to": [4, 7, 15.25],
			"faces": {
				"north": {"uv": [12, 9, 13, 10], "texture": "#1"},
				"east": {"uv": [12, 9, 13, 10], "texture": "#1"},
				"south": {"uv": [12, 10, 13, 9], "rotation": 180, "texture": "#1"},
				"west": {"uv": [12, 9, 13, 10], "texture": "#1"},
				"up": {"uv": [13, 9, 12, 10], "texture": "#1"},
				"down": {"uv": [12, 9, 13, 10], "rotation": 180, "texture": "#1"}
			}
		},
		{
			"name": "oak_trapdoor_109",
			"from": [2, 6, 13],
			"to": [3, 7, 16],
			"faces": {
				"north": {"uv": [13, 9, 14, 10], "texture": "#1"},
				"east": {"uv": [13, 9, 14, 10], "texture": "#1"},
				"south": {"uv": [13, 10, 14, 9], "rotation": 180, "texture": "#1"},
				"west": {"uv": [13, 9, 14, 10], "texture": "#1"},
				"up": {"uv": [14, 9, 13, 10], "texture": "#1"},
				"down": {"uv": [13, 9, 14, 10], "rotation": 180, "texture": "#1"}
			}
		},
		{
			"name": "oak_trapdoor_110",
			"from": [1, 6, 13],
			"to": [2, 7, 16],
			"faces": {
				"north": {"uv": [14, 9, 15, 10], "texture": "#1"},
				"east": {"uv": [14, 9, 15, 10], "texture": "#1"},
				"south": {"uv": [14, 10, 15, 9], "rotation": 180, "texture": "#1"},
				"west": {"uv": [14, 9, 15, 10], "texture": "#1"},
				"up": {"uv": [15, 9, 14, 10], "texture": "#1"},
				"down": {"uv": [14, 9, 15, 10], "rotation": 180, "texture": "#1"}
			}
		},
		{
			"name": "oak_trapdoor_111",
			"from": [0, 6, 13],
			"to": [1, 7, 16],
			"faces": {
				"north": {"uv": [15, 9, 16, 10], "texture": "#1"},
				"east": {"uv": [15, 9, 16, 10], "texture": "#1"},
				"south": {"uv": [15, 10, 16, 9], "rotation": 180, "texture": "#1"},
				"west": {"uv": [15, 9, 16, 10], "texture": "#1"},
				"up": {"uv": [16, 9, 15, 10], "texture": "#1"},
				"down": {"uv": [15, 9, 16, 10], "rotation": 180, "texture": "#1"}
			}
		},
		{
			"name": "oak_trapdoor_112",
			"from": [15, 5, 13],
			"to": [16, 6, 16],
			"faces": {
				"north": {"uv": [0, 10, 1, 11], "texture": "#1"},
				"east": {"uv": [0, 10, 1, 11], "texture": "#1"},
				"south": {"uv": [0, 11, 1, 10], "rotation": 180, "texture": "#1"},
				"west": {"uv": [0, 10, 1, 11], "texture": "#1"},
				"up": {"uv": [1, 10, 0, 11], "texture": "#1"},
				"down": {"uv": [0, 10, 1, 11], "rotation": 180, "texture": "#1"}
			}
		},
		{
			"name": "oak_trapdoor_113",
			"from": [14, 5, 13],
			"to": [15, 6, 16],
			"faces": {
				"north": {"uv": [1, 10, 2, 11], "texture": "#1"},
				"east": {"uv": [1, 10, 2, 11], "texture": "#1"},
				"south": {"uv": [1, 11, 2, 10], "rotation": 180, "texture": "#1"},
				"west": {"uv": [1, 10, 2, 11], "texture": "#1"},
				"up": {"uv": [2, 10, 1, 11], "texture": "#1"},
				"down": {"uv": [1, 10, 2, 11], "rotation": 180, "texture": "#1"}
			}
		},
		{
			"name": "oak_trapdoor_114",
			"from": [13, 5, 13],
			"to": [14, 6, 16],
			"faces": {
				"north": {"uv": [2, 10, 3, 11], "texture": "#1"},
				"east": {"uv": [2, 10, 3, 11], "texture": "#1"},
				"south": {"uv": [2, 11, 3, 10], "rotation": 180, "texture": "#1"},
				"west": {"uv": [2, 10, 3, 11], "texture": "#1"},
				"up": {"uv": [3, 10, 2, 11], "texture": "#1"},
				"down": {"uv": [2, 10, 3, 11], "rotation": 180, "texture": "#1"}
			}
		},
		{
			"name": "oak_trapdoor_115",
			"from": [12, 5, 13.75],
			"to": [13, 6, 15.25],
			"faces": {
				"north": {"uv": [3, 10, 4, 11], "texture": "#1"},
				"east": {"uv": [3, 10, 4, 11], "texture": "#1"},
				"south": {"uv": [3, 11, 4, 10], "rotation": 180, "texture": "#1"},
				"west": {"uv": [3, 10, 4, 11], "texture": "#1"},
				"up": {"uv": [4, 10, 3, 11], "texture": "#1"},
				"down": {"uv": [3, 10, 4, 11], "rotation": 180, "texture": "#1"}
			}
		},
		{
			"name": "oak_trapdoor_116",
			"from": [3, 5, 13.75],
			"to": [4, 6, 15.25],
			"faces": {
				"north": {"uv": [12, 10, 13, 11], "texture": "#1"},
				"east": {"uv": [12, 10, 13, 11], "texture": "#1"},
				"south": {"uv": [12, 11, 13, 10], "rotation": 180, "texture": "#1"},
				"west": {"uv": [12, 10, 13, 11], "texture": "#1"},
				"up": {"uv": [13, 10, 12, 11], "texture": "#1"},
				"down": {"uv": [12, 10, 13, 11], "rotation": 180, "texture": "#1"}
			}
		},
		{
			"name": "oak_trapdoor_117",
			"from": [2, 5, 13],
			"to": [3, 6, 16],
			"faces": {
				"north": {"uv": [13, 10, 14, 11], "texture": "#1"},
				"east": {"uv": [13, 10, 14, 11], "texture": "#1"},
				"south": {"uv": [13, 11, 14, 10], "rotation": 180, "texture": "#1"},
				"west": {"uv": [13, 10, 14, 11], "texture": "#1"},
				"up": {"uv": [14, 10, 13, 11], "texture": "#1"},
				"down": {"uv": [13, 10, 14, 11], "rotation": 180, "texture": "#1"}
			}
		},
		{
			"name": "oak_trapdoor_118",
			"from": [1, 5, 13],
			"to": [2, 6, 16],
			"faces": {
				"north": {"uv": [14, 10, 15, 11], "texture": "#1"},
				"east": {"uv": [14, 10, 15, 11], "texture": "#1"},
				"south": {"uv": [14, 11, 15, 10], "rotation": 180, "texture": "#1"},
				"west": {"uv": [14, 10, 15, 11], "texture": "#1"},
				"up": {"uv": [15, 10, 14, 11], "texture": "#1"},
				"down": {"uv": [14, 10, 15, 11], "rotation": 180, "texture": "#1"}
			}
		},
		{
			"name": "oak_trapdoor_119",
			"from": [0, 5, 13],
			"to": [1, 6, 16],
			"faces": {
				"north": {"uv": [15, 10, 16, 11], "texture": "#1"},
				"east": {"uv": [15, 10, 16, 11], "texture": "#1"},
				"south": {"uv": [15, 11, 16, 10], "rotation": 180, "texture": "#1"},
				"west": {"uv": [15, 10, 16, 11], "texture": "#1"},
				"up": {"uv": [16, 10, 15, 11], "texture": "#1"},
				"down": {"uv": [15, 10, 16, 11], "rotation": 180, "texture": "#1"}
			}
		},
		{
			"name": "oak_trapdoor_120",
			"from": [15, 4, 13],
			"to": [16, 5, 16],
			"faces": {
				"north": {"uv": [0, 11, 1, 12], "texture": "#1"},
				"east": {"uv": [0, 11, 1, 12], "texture": "#1"},
				"south": {"uv": [0, 12, 1, 11], "rotation": 180, "texture": "#1"},
				"west": {"uv": [0, 11, 1, 12], "texture": "#1"},
				"up": {"uv": [1, 11, 0, 12], "texture": "#1"},
				"down": {"uv": [0, 11, 1, 12], "rotation": 180, "texture": "#1"}
			}
		},
		{
			"name": "oak_trapdoor_121",
			"from": [14, 4, 13],
			"to": [15, 5, 16],
			"faces": {
				"north": {"uv": [1, 11, 2, 12], "texture": "#1"},
				"east": {"uv": [1, 11, 2, 12], "texture": "#1"},
				"south": {"uv": [1, 12, 2, 11], "rotation": 180, "texture": "#1"},
				"west": {"uv": [1, 11, 2, 12], "texture": "#1"},
				"up": {"uv": [2, 11, 1, 12], "texture": "#1"},
				"down": {"uv": [1, 11, 2, 12], "rotation": 180, "texture": "#1"}
			}
		},
		{
			"name": "oak_trapdoor_122",
			"from": [13, 4, 13],
			"to": [14, 5, 16],
			"faces": {
				"north": {"uv": [2, 11, 3, 12], "texture": "#1"},
				"east": {"uv": [2, 11, 3, 12], "texture": "#1"},
				"south": {"uv": [2, 12, 3, 11], "rotation": 180, "texture": "#1"},
				"west": {"uv": [2, 11, 3, 12], "texture": "#1"},
				"up": {"uv": [3, 11, 2, 12], "texture": "#1"},
				"down": {"uv": [2, 11, 3, 12], "rotation": 180, "texture": "#1"}
			}
		},
		{
			"name": "oak_trapdoor_123",
			"from": [12, 4, 13.75],
			"to": [13, 5, 15.25],
			"faces": {
				"north": {"uv": [3, 11, 4, 12], "texture": "#1"},
				"east": {"uv": [3, 11, 4, 12], "texture": "#1"},
				"south": {"uv": [3, 12, 4, 11], "rotation": 180, "texture": "#1"},
				"west": {"uv": [3, 11, 4, 12], "texture": "#1"},
				"up": {"uv": [4, 11, 3, 12], "texture": "#1"},
				"down": {"uv": [3, 11, 4, 12], "rotation": 180, "texture": "#1"}
			}
		},
		{
			"name": "oak_trapdoor_124",
			"from": [3, 4, 13.75],
			"to": [4, 5, 15.25],
			"faces": {
				"north": {"uv": [12, 11, 13, 12], "texture": "#1"},
				"east": {"uv": [12, 11, 13, 12], "texture": "#1"},
				"south": {"uv": [12, 12, 13, 11], "rotation": 180, "texture": "#1"},
				"west": {"uv": [12, 11, 13, 12], "texture": "#1"},
				"up": {"uv": [13, 11, 12, 12], "texture": "#1"},
				"down": {"uv": [12, 11, 13, 12], "rotation": 180, "texture": "#1"}
			}
		},
		{
			"name": "oak_trapdoor_125",
			"from": [2, 4, 13],
			"to": [3, 5, 16],
			"faces": {
				"north": {"uv": [13, 11, 14, 12], "texture": "#1"},
				"east": {"uv": [13, 11, 14, 12], "texture": "#1"},
				"south": {"uv": [13, 12, 14, 11], "rotation": 180, "texture": "#1"},
				"west": {"uv": [13, 11, 14, 12], "texture": "#1"},
				"up": {"uv": [14, 11, 13, 12], "texture": "#1"},
				"down": {"uv": [13, 11, 14, 12], "rotation": 180, "texture": "#1"}
			}
		},
		{
			"name": "oak_trapdoor_126",
			"from": [1, 4, 13],
			"to": [2, 5, 16],
			"faces": {
				"north": {"uv": [14, 11, 15, 12], "texture": "#1"},
				"east": {"uv": [14, 11, 15, 12], "texture": "#1"},
				"south": {"uv": [14, 12, 15, 11], "rotation": 180, "texture": "#1"},
				"west": {"uv": [14, 11, 15, 12], "texture": "#1"},
				"up": {"uv": [15, 11, 14, 12], "texture": "#1"},
				"down": {"uv": [14, 11, 15, 12], "rotation": 180, "texture": "#1"}
			}
		},
		{
			"name": "oak_trapdoor_127",
			"from": [0, 4, 13],
			"to": [1, 5, 16],
			"faces": {
				"north": {"uv": [15, 11, 16, 12], "texture": "#1"},
				"east": {"uv": [15, 11, 16, 12], "texture": "#1"},
				"south": {"uv": [15, 12, 16, 11], "rotation": 180, "texture": "#1"},
				"west": {"uv": [15, 11, 16, 12], "texture": "#1"},
				"up": {"uv": [16, 11, 15, 12], "texture": "#1"},
				"down": {"uv": [15, 11, 16, 12], "rotation": 180, "texture": "#1"}
			}
		},
		{
			"name": "oak_trapdoor_128",
			"from": [15, 3, 13],
			"to": [16, 4, 16],
			"faces": {
				"north": {"uv": [0, 12, 1, 13], "texture": "#1"},
				"east": {"uv": [0, 12, 1, 13], "texture": "#1"},
				"south": {"uv": [0, 13, 1, 12], "rotation": 180, "texture": "#1"},
				"west": {"uv": [0, 12, 1, 13], "texture": "#1"},
				"up": {"uv": [1, 12, 0, 13], "texture": "#1"},
				"down": {"uv": [0, 12, 1, 13], "rotation": 180, "texture": "#1"}
			}
		},
		{
			"name": "oak_trapdoor_129",
			"from": [14, 3, 13],
			"to": [15, 4, 16],
			"faces": {
				"north": {"uv": [1, 12, 2, 13], "texture": "#1"},
				"east": {"uv": [1, 12, 2, 13], "texture": "#1"},
				"south": {"uv": [1, 13, 2, 12], "rotation": 180, "texture": "#1"},
				"west": {"uv": [1, 12, 2, 13], "texture": "#1"},
				"up": {"uv": [2, 12, 1, 13], "texture": "#1"},
				"down": {"uv": [1, 12, 2, 13], "rotation": 180, "texture": "#1"}
			}
		},
		{
			"name": "oak_trapdoor_130",
			"from": [13, 3, 13],
			"to": [14, 4, 16],
			"faces": {
				"north": {"uv": [2, 12, 3, 13], "texture": "#1"},
				"east": {"uv": [2, 12, 3, 13], "texture": "#1"},
				"south": {"uv": [2, 13, 3, 12], "rotation": 180, "texture": "#1"},
				"west": {"uv": [2, 12, 3, 13], "texture": "#1"},
				"up": {"uv": [3, 12, 2, 13], "texture": "#1"},
				"down": {"uv": [2, 12, 3, 13], "rotation": 180, "texture": "#1"}
			}
		},
		{
			"name": "oak_trapdoor_131",
			"from": [12, 3, 13.75],
			"to": [13, 4, 15.25],
			"faces": {
				"north": {"uv": [3, 12, 4, 13], "texture": "#1"},
				"east": {"uv": [3, 12, 4, 13], "texture": "#1"},
				"south": {"uv": [3, 13, 4, 12], "rotation": 180, "texture": "#1"},
				"west": {"uv": [3, 12, 4, 13], "texture": "#1"},
				"up": {"uv": [4, 12, 3, 13], "texture": "#1"},
				"down": {"uv": [3, 12, 4, 13], "rotation": 180, "texture": "#1"}
			}
		},
		{
			"name": "oak_trapdoor_132",
			"from": [11, 3, 13.75],
			"to": [12, 4, 15.25],
			"faces": {
				"north": {"uv": [4, 12, 5, 13], "texture": "#1"},
				"east": {"uv": [4, 12, 5, 13], "texture": "#1"},
				"south": {"uv": [4, 13, 5, 12], "rotation": 180, "texture": "#1"},
				"west": {"uv": [4, 12, 5, 13], "texture": "#1"},
				"up": {"uv": [5, 12, 4, 13], "texture": "#1"},
				"down": {"uv": [4, 12, 5, 13], "rotation": 180, "texture": "#1"}
			}
		},
		{
			"name": "oak_trapdoor_133",
			"from": [10, 3, 13.75],
			"to": [11, 4, 15.25],
			"faces": {
				"north": {"uv": [5, 12, 6, 13], "texture": "#1"},
				"east": {"uv": [5, 12, 6, 13], "texture": "#1"},
				"south": {"uv": [5, 13, 6, 12], "rotation": 180, "texture": "#1"},
				"west": {"uv": [5, 12, 6, 13], "texture": "#1"},
				"up": {"uv": [6, 12, 5, 13], "texture": "#1"},
				"down": {"uv": [5, 12, 6, 13], "rotation": 180, "texture": "#1"}
			}
		},
		{
			"name": "oak_trapdoor_134",
			"from": [9, 3, 13.75],
			"to": [10, 4, 15.25],
			"faces": {
				"north": {"uv": [6, 12, 7, 13], "texture": "#1"},
				"east": {"uv": [6, 12, 7, 13], "texture": "#1"},
				"south": {"uv": [6, 13, 7, 12], "rotation": 180, "texture": "#1"},
				"west": {"uv": [6, 12, 7, 13], "texture": "#1"},
				"up": {"uv": [7, 12, 6, 13], "texture": "#1"},
				"down": {"uv": [6, 12, 7, 13], "rotation": 180, "texture": "#1"}
			}
		},
		{
			"name": "oak_trapdoor_135",
			"from": [8, 3, 13.75],
			"to": [9, 4, 15.25],
			"faces": {
				"north": {"uv": [7, 12, 8, 13], "texture": "#1"},
				"east": {"uv": [7, 12, 8, 13], "texture": "#1"},
				"south": {"uv": [7, 13, 8, 12], "rotation": 180, "texture": "#1"},
				"west": {"uv": [7, 12, 8, 13], "texture": "#1"},
				"up": {"uv": [8, 12, 7, 13], "texture": "#1"},
				"down": {"uv": [7, 12, 8, 13], "rotation": 180, "texture": "#1"}
			}
		},
		{
			"name": "oak_trapdoor_136",
			"from": [7, 3, 13.75],
			"to": [8, 4, 15.25],
			"faces": {
				"north": {"uv": [8, 12, 9, 13], "texture": "#1"},
				"east": {"uv": [8, 12, 9, 13], "texture": "#1"},
				"south": {"uv": [8, 13, 9, 12], "rotation": 180, "texture": "#1"},
				"west": {"uv": [8, 12, 9, 13], "texture": "#1"},
				"up": {"uv": [9, 12, 8, 13], "texture": "#1"},
				"down": {"uv": [8, 12, 9, 13], "rotation": 180, "texture": "#1"}
			}
		},
		{
			"name": "oak_trapdoor_137",
			"from": [6, 3, 13.75],
			"to": [7, 4, 15.25],
			"faces": {
				"north": {"uv": [9, 12, 10, 13], "texture": "#1"},
				"east": {"uv": [9, 12, 10, 13], "texture": "#1"},
				"south": {"uv": [9, 13, 10, 12], "rotation": 180, "texture": "#1"},
				"west": {"uv": [9, 12, 10, 13], "texture": "#1"},
				"up": {"uv": [10, 12, 9, 13], "texture": "#1"},
				"down": {"uv": [9, 12, 10, 13], "rotation": 180, "texture": "#1"}
			}
		},
		{
			"name": "oak_trapdoor_138",
			"from": [5, 3, 13.75],
			"to": [6, 4, 15.25],
			"faces": {
				"north": {"uv": [10, 12, 11, 13], "texture": "#1"},
				"east": {"uv": [10, 12, 11, 13], "texture": "#1"},
				"south": {"uv": [10, 13, 11, 12], "rotation": 180, "texture": "#1"},
				"west": {"uv": [10, 12, 11, 13], "texture": "#1"},
				"up": {"uv": [11, 12, 10, 13], "texture": "#1"},
				"down": {"uv": [10, 12, 11, 13], "rotation": 180, "texture": "#1"}
			}
		},
		{
			"name": "oak_trapdoor_139",
			"from": [4, 3, 13.75],
			"to": [5, 4, 15.25],
			"faces": {
				"north": {"uv": [11, 12, 12, 13], "texture": "#1"},
				"east": {"uv": [11, 12, 12, 13], "texture": "#1"},
				"south": {"uv": [11, 13, 12, 12], "rotation": 180, "texture": "#1"},
				"west": {"uv": [11, 12, 12, 13], "texture": "#1"},
				"up": {"uv": [12, 12, 11, 13], "texture": "#1"},
				"down": {"uv": [11, 12, 12, 13], "rotation": 180, "texture": "#1"}
			}
		},
		{
			"name": "oak_trapdoor_140",
			"from": [3, 3, 13.75],
			"to": [4, 4, 15.25],
			"faces": {
				"north": {"uv": [12, 12, 13, 13], "texture": "#1"},
				"east": {"uv": [12, 12, 13, 13], "texture": "#1"},
				"south": {"uv": [12, 13, 13, 12], "rotation": 180, "texture": "#1"},
				"west": {"uv": [12, 12, 13, 13], "texture": "#1"},
				"up": {"uv": [13, 12, 12, 13], "texture": "#1"},
				"down": {"uv": [12, 12, 13, 13], "rotation": 180, "texture": "#1"}
			}
		},
		{
			"name": "oak_trapdoor_141",
			"from": [2, 3, 13],
			"to": [3, 4, 16],
			"faces": {
				"north": {"uv": [13, 12, 14, 13], "texture": "#1"},
				"east": {"uv": [13, 12, 14, 13], "texture": "#1"},
				"south": {"uv": [13, 13, 14, 12], "rotation": 180, "texture": "#1"},
				"west": {"uv": [13, 12, 14, 13], "texture": "#1"},
				"up": {"uv": [14, 12, 13, 13], "texture": "#1"},
				"down": {"uv": [13, 12, 14, 13], "rotation": 180, "texture": "#1"}
			}
		},
		{
			"name": "oak_trapdoor_142",
			"from": [1, 3, 13],
			"to": [2, 4, 16],
			"faces": {
				"north": {"uv": [14, 12, 15, 13], "texture": "#1"},
				"east": {"uv": [14, 12, 15, 13], "texture": "#1"},
				"south": {"uv": [14, 13, 15, 12], "rotation": 180, "texture": "#1"},
				"west": {"uv": [14, 12, 15, 13], "texture": "#1"},
				"up": {"uv": [15, 12, 14, 13], "texture": "#1"},
				"down": {"uv": [14, 12, 15, 13], "rotation": 180, "texture": "#1"}
			}
		},
		{
			"name": "oak_trapdoor_143",
			"from": [0, 3, 13],
			"to": [1, 4, 16],
			"faces": {
				"north": {"uv": [15, 12, 16, 13], "texture": "#1"},
				"east": {"uv": [15, 12, 16, 13], "texture": "#1"},
				"south": {"uv": [15, 13, 16, 12], "rotation": 180, "texture": "#1"},
				"west": {"uv": [15, 12, 16, 13], "texture": "#1"},
				"up": {"uv": [16, 12, 15, 13], "texture": "#1"},
				"down": {"uv": [15, 12, 16, 13], "rotation": 180, "texture": "#1"}
			}
		},
		{
			"name": "oak_trapdoor_144",
			"from": [15, 2, 13],
			"to": [16, 3, 16],
			"faces": {
				"north": {"uv": [0, 13, 1, 14], "texture": "#1"},
				"east": {"uv": [0, 13, 1, 14], "texture": "#1"},
				"south": {"uv": [0, 14, 1, 13], "rotation": 180, "texture": "#1"},
				"west": {"uv": [0, 13, 1, 14], "texture": "#1"},
				"up": {"uv": [1, 13, 0, 14], "texture": "#1"},
				"down": {"uv": [0, 13, 1, 14], "rotation": 180, "texture": "#1"}
			}
		},
		{
			"name": "oak_trapdoor_145",
			"from": [14, 2, 13],
			"to": [15, 3, 16],
			"faces": {
				"north": {"uv": [1, 13, 2, 14], "texture": "#1"},
				"east": {"uv": [1, 13, 2, 14], "texture": "#1"},
				"south": {"uv": [1, 14, 2, 13], "rotation": 180, "texture": "#1"},
				"west": {"uv": [1, 13, 2, 14], "texture": "#1"},
				"up": {"uv": [2, 13, 1, 14], "texture": "#1"},
				"down": {"uv": [1, 13, 2, 14], "rotation": 180, "texture": "#1"}
			}
		},
		{
			"name": "oak_trapdoor_146",
			"from": [13, 2, 13],
			"to": [14, 3, 16],
			"faces": {
				"north": {"uv": [2, 13, 3, 14], "texture": "#1"},
				"east": {"uv": [2, 13, 3, 14], "texture": "#1"},
				"south": {"uv": [2, 14, 3, 13], "rotation": 180, "texture": "#1"},
				"west": {"uv": [2, 13, 3, 14], "texture": "#1"},
				"up": {"uv": [3, 13, 2, 14], "texture": "#1"},
				"down": {"uv": [2, 13, 3, 14], "rotation": 180, "texture": "#1"}
			}
		},
		{
			"name": "oak_trapdoor_147",
			"from": [12, 2, 13],
			"to": [13, 3, 16],
			"faces": {
				"north": {"uv": [3, 13, 4, 14], "texture": "#1"},
				"east": {"uv": [3, 13, 4, 14], "texture": "#1"},
				"south": {"uv": [3, 14, 4, 13], "rotation": 180, "texture": "#1"},
				"west": {"uv": [3, 13, 4, 14], "texture": "#1"},
				"up": {"uv": [4, 13, 3, 14], "texture": "#1"},
				"down": {"uv": [3, 13, 4, 14], "rotation": 180, "texture": "#1"}
			}
		},
		{
			"name": "oak_trapdoor_148",
			"from": [11, 2, 13],
			"to": [12, 3, 16],
			"faces": {
				"north": {"uv": [4, 13, 5, 14], "texture": "#1"},
				"east": {"uv": [4, 13, 5, 14], "texture": "#1"},
				"south": {"uv": [4, 14, 5, 13], "rotation": 180, "texture": "#1"},
				"west": {"uv": [4, 13, 5, 14], "texture": "#1"},
				"up": {"uv": [5, 13, 4, 14], "texture": "#1"},
				"down": {"uv": [4, 13, 5, 14], "rotation": 180, "texture": "#1"}
			}
		},
		{
			"name": "oak_trapdoor_149",
			"from": [10, 2, 13],
			"to": [11, 3, 16],
			"faces": {
				"north": {"uv": [5, 13, 6, 14], "texture": "#1"},
				"east": {"uv": [5, 13, 6, 14], "texture": "#1"},
				"south": {"uv": [5, 14, 6, 13], "rotation": 180, "texture": "#1"},
				"west": {"uv": [5, 13, 6, 14], "texture": "#1"},
				"up": {"uv": [6, 13, 5, 14], "texture": "#1"},
				"down": {"uv": [5, 13, 6, 14], "rotation": 180, "texture": "#1"}
			}
		},
		{
			"name": "oak_trapdoor_150",
			"from": [9, 2, 13],
			"to": [10, 3, 16],
			"faces": {
				"north": {"uv": [6, 13, 7, 14], "texture": "#1"},
				"east": {"uv": [6, 13, 7, 14], "texture": "#1"},
				"south": {"uv": [6, 14, 7, 13], "rotation": 180, "texture": "#1"},
				"west": {"uv": [6, 13, 7, 14], "texture": "#1"},
				"up": {"uv": [7, 13, 6, 14], "texture": "#1"},
				"down": {"uv": [6, 13, 7, 14], "rotation": 180, "texture": "#1"}
			}
		},
		{
			"name": "oak_trapdoor_151",
			"from": [8, 2, 13],
			"to": [9, 3, 16],
			"faces": {
				"north": {"uv": [7, 13, 8, 14], "texture": "#1"},
				"east": {"uv": [7, 13, 8, 14], "texture": "#1"},
				"south": {"uv": [7, 14, 8, 13], "rotation": 180, "texture": "#1"},
				"west": {"uv": [7, 13, 8, 14], "texture": "#1"},
				"up": {"uv": [8, 13, 7, 14], "texture": "#1"},
				"down": {"uv": [7, 13, 8, 14], "rotation": 180, "texture": "#1"}
			}
		},
		{
			"name": "oak_trapdoor_152",
			"from": [7, 2, 13],
			"to": [8, 3, 16],
			"faces": {
				"north": {"uv": [8, 13, 9, 14], "texture": "#1"},
				"east": {"uv": [8, 13, 9, 14], "texture": "#1"},
				"south": {"uv": [8, 14, 9, 13], "rotation": 180, "texture": "#1"},
				"west": {"uv": [8, 13, 9, 14], "texture": "#1"},
				"up": {"uv": [9, 13, 8, 14], "texture": "#1"},
				"down": {"uv": [8, 13, 9, 14], "rotation": 180, "texture": "#1"}
			}
		},
		{
			"name": "oak_trapdoor_153",
			"from": [6, 2, 13],
			"to": [7, 3, 16],
			"faces": {
				"north": {"uv": [9, 13, 10, 14], "texture": "#1"},
				"east": {"uv": [9, 13, 10, 14], "texture": "#1"},
				"south": {"uv": [9, 14, 10, 13], "rotation": 180, "texture": "#1"},
				"west": {"uv": [9, 13, 10, 14], "texture": "#1"},
				"up": {"uv": [10, 13, 9, 14], "texture": "#1"},
				"down": {"uv": [9, 13, 10, 14], "rotation": 180, "texture": "#1"}
			}
		},
		{
			"name": "oak_trapdoor_154",
			"from": [5, 2, 13],
			"to": [6, 3, 16],
			"faces": {
				"north": {"uv": [10, 13, 11, 14], "texture": "#1"},
				"east": {"uv": [10, 13, 11, 14], "texture": "#1"},
				"south": {"uv": [10, 14, 11, 13], "rotation": 180, "texture": "#1"},
				"west": {"uv": [10, 13, 11, 14], "texture": "#1"},
				"up": {"uv": [11, 13, 10, 14], "texture": "#1"},
				"down": {"uv": [10, 13, 11, 14], "rotation": 180, "texture": "#1"}
			}
		},
		{
			"name": "oak_trapdoor_155",
			"from": [4, 2, 13],
			"to": [5, 3, 16],
			"faces": {
				"north": {"uv": [11, 13, 12, 14], "texture": "#1"},
				"east": {"uv": [11, 13, 12, 14], "texture": "#1"},
				"south": {"uv": [11, 14, 12, 13], "rotation": 180, "texture": "#1"},
				"west": {"uv": [11, 13, 12, 14], "texture": "#1"},
				"up": {"uv": [12, 13, 11, 14], "texture": "#1"},
				"down": {"uv": [11, 13, 12, 14], "rotation": 180, "texture": "#1"}
			}
		},
		{
			"name": "oak_trapdoor_156",
			"from": [3, 2, 13],
			"to": [4, 3, 16],
			"faces": {
				"north": {"uv": [12, 13, 13, 14], "texture": "#1"},
				"east": {"uv": [12, 13, 13, 14], "texture": "#1"},
				"south": {"uv": [12, 14, 13, 13], "rotation": 180, "texture": "#1"},
				"west": {"uv": [12, 13, 13, 14], "texture": "#1"},
				"up": {"uv": [13, 13, 12, 14], "texture": "#1"},
				"down": {"uv": [12, 13, 13, 14], "rotation": 180, "texture": "#1"}
			}
		},
		{
			"name": "oak_trapdoor_157",
			"from": [2, 2, 13],
			"to": [3, 3, 16],
			"faces": {
				"north": {"uv": [13, 13, 14, 14], "texture": "#1"},
				"east": {"uv": [13, 13, 14, 14], "texture": "#1"},
				"south": {"uv": [13, 14, 14, 13], "rotation": 180, "texture": "#1"},
				"west": {"uv": [13, 13, 14, 14], "texture": "#1"},
				"up": {"uv": [14, 13, 13, 14], "texture": "#1"},
				"down": {"uv": [13, 13, 14, 14], "rotation": 180, "texture": "#1"}
			}
		},
		{
			"name": "oak_trapdoor_158",
			"from": [1, 2, 13],
			"to": [2, 3, 16],
			"faces": {
				"north": {"uv": [14, 13, 15, 14], "texture": "#1"},
				"east": {"uv": [14, 13, 15, 14], "texture": "#1"},
				"south": {"uv": [14, 14, 15, 13], "rotation": 180, "texture": "#1"},
				"west": {"uv": [14, 13, 15, 14], "texture": "#1"},
				"up": {"uv": [15, 13, 14, 14], "texture": "#1"},
				"down": {"uv": [14, 13, 15, 14], "rotation": 180, "texture": "#1"}
			}
		},
		{
			"name": "oak_trapdoor_159",
			"from": [0, 2, 13],
			"to": [1, 3, 16],
			"faces": {
				"north": {"uv": [15, 13, 16, 14], "texture": "#1"},
				"east": {"uv": [15, 13, 16, 14], "texture": "#1"},
				"south": {"uv": [15, 14, 16, 13], "rotation": 180, "texture": "#1"},
				"west": {"uv": [15, 13, 16, 14], "texture": "#1"},
				"up": {"uv": [16, 13, 15, 14], "texture": "#1"},
				"down": {"uv": [15, 13, 16, 14], "rotation": 180, "texture": "#1"}
			}
		},
		{
			"name": "oak_trapdoor_160",
			"from": [15, 1, 13],
			"to": [16, 2, 16],
			"faces": {
				"north": {"uv": [0, 14, 1, 15], "texture": "#1"},
				"east": {"uv": [0, 14, 1, 15], "texture": "#1"},
				"south": {"uv": [0, 15, 1, 14], "rotation": 180, "texture": "#1"},
				"west": {"uv": [0, 14, 1, 15], "texture": "#1"},
				"up": {"uv": [1, 14, 0, 15], "texture": "#1"},
				"down": {"uv": [0, 14, 1, 15], "rotation": 180, "texture": "#1"}
			}
		},
		{
			"name": "oak_trapdoor_161",
			"from": [14, 1, 13],
			"to": [15, 2, 16],
			"faces": {
				"north": {"uv": [1, 14, 2, 15], "texture": "#1"},
				"east": {"uv": [1, 14, 2, 15], "texture": "#1"},
				"south": {"uv": [1, 15, 2, 14], "rotation": 180, "texture": "#1"},
				"west": {"uv": [1, 14, 2, 15], "texture": "#1"},
				"up": {"uv": [2, 14, 1, 15], "texture": "#1"},
				"down": {"uv": [1, 14, 2, 15], "rotation": 180, "texture": "#1"}
			}
		},
		{
			"name": "oak_trapdoor_162",
			"from": [13, 1, 13],
			"to": [14, 2, 16],
			"faces": {
				"north": {"uv": [2, 14, 3, 15], "texture": "#1"},
				"east": {"uv": [2, 14, 3, 15], "texture": "#1"},
				"south": {"uv": [2, 15, 3, 14], "rotation": 180, "texture": "#1"},
				"west": {"uv": [2, 14, 3, 15], "texture": "#1"},
				"up": {"uv": [3, 14, 2, 15], "texture": "#1"},
				"down": {"uv": [2, 14, 3, 15], "rotation": 180, "texture": "#1"}
			}
		},
		{
			"name": "oak_trapdoor_163",
			"from": [12, 1, 13],
			"to": [13, 2, 16],
			"faces": {
				"north": {"uv": [3, 14, 4, 15], "texture": "#1"},
				"east": {"uv": [3, 14, 4, 15], "texture": "#1"},
				"south": {"uv": [3, 15, 4, 14], "rotation": 180, "texture": "#1"},
				"west": {"uv": [3, 14, 4, 15], "texture": "#1"},
				"up": {"uv": [4, 14, 3, 15], "texture": "#1"},
				"down": {"uv": [3, 14, 4, 15], "rotation": 180, "texture": "#1"}
			}
		},
		{
			"name": "oak_trapdoor_164",
			"from": [11, 1, 13],
			"to": [12, 2, 16],
			"faces": {
				"north": {"uv": [4, 14, 5, 15], "texture": "#1"},
				"east": {"uv": [4, 14, 5, 15], "texture": "#1"},
				"south": {"uv": [4, 15, 5, 14], "rotation": 180, "texture": "#1"},
				"west": {"uv": [4, 14, 5, 15], "texture": "#1"},
				"up": {"uv": [5, 14, 4, 15], "texture": "#1"},
				"down": {"uv": [4, 14, 5, 15], "rotation": 180, "texture": "#1"}
			}
		},
		{
			"name": "oak_trapdoor_165",
			"from": [10, 1, 13],
			"to": [11, 2, 16],
			"faces": {
				"north": {"uv": [5, 14, 6, 15], "texture": "#1"},
				"east": {"uv": [5, 14, 6, 15], "texture": "#1"},
				"south": {"uv": [5, 15, 6, 14], "rotation": 180, "texture": "#1"},
				"west": {"uv": [5, 14, 6, 15], "texture": "#1"},
				"up": {"uv": [6, 14, 5, 15], "texture": "#1"},
				"down": {"uv": [5, 14, 6, 15], "rotation": 180, "texture": "#1"}
			}
		},
		{
			"name": "oak_trapdoor_166",
			"from": [9, 1, 13],
			"to": [10, 2, 16],
			"faces": {
				"north": {"uv": [6, 14, 7, 15], "texture": "#1"},
				"east": {"uv": [6, 14, 7, 15], "texture": "#1"},
				"south": {"uv": [6, 15, 7, 14], "rotation": 180, "texture": "#1"},
				"west": {"uv": [6, 14, 7, 15], "texture": "#1"},
				"up": {"uv": [7, 14, 6, 15], "texture": "#1"},
				"down": {"uv": [6, 14, 7, 15], "rotation": 180, "texture": "#1"}
			}
		},
		{
			"name": "oak_trapdoor_167",
			"from": [8, 1, 13],
			"to": [9, 2, 16],
			"faces": {
				"north": {"uv": [7, 14, 8, 15], "texture": "#1"},
				"east": {"uv": [7, 14, 8, 15], "texture": "#1"},
				"south": {"uv": [7, 15, 8, 14], "rotation": 180, "texture": "#1"},
				"west": {"uv": [7, 14, 8, 15], "texture": "#1"},
				"up": {"uv": [8, 14, 7, 15], "texture": "#1"},
				"down": {"uv": [7, 14, 8, 15], "rotation": 180, "texture": "#1"}
			}
		},
		{
			"name": "oak_trapdoor_168",
			"from": [7, 1, 13],
			"to": [8, 2, 16],
			"faces": {
				"north": {"uv": [8, 14, 9, 15], "texture": "#1"},
				"east": {"uv": [8, 14, 9, 15], "texture": "#1"},
				"south": {"uv": [8, 15, 9, 14], "rotation": 180, "texture": "#1"},
				"west": {"uv": [8, 14, 9, 15], "texture": "#1"},
				"up": {"uv": [9, 14, 8, 15], "texture": "#1"},
				"down": {"uv": [8, 14, 9, 15], "rotation": 180, "texture": "#1"}
			}
		},
		{
			"name": "oak_trapdoor_169",
			"from": [6, 1, 13],
			"to": [7, 2, 16],
			"faces": {
				"north": {"uv": [9, 14, 10, 15], "texture": "#1"},
				"east": {"uv": [9, 14, 10, 15], "texture": "#1"},
				"south": {"uv": [9, 15, 10, 14], "rotation": 180, "texture": "#1"},
				"west": {"uv": [9, 14, 10, 15], "texture": "#1"},
				"up": {"uv": [10, 14, 9, 15], "texture": "#1"},
				"down": {"uv": [9, 14, 10, 15], "rotation": 180, "texture": "#1"}
			}
		},
		{
			"name": "oak_trapdoor_170",
			"from": [5, 1, 13],
			"to": [6, 2, 16],
			"faces": {
				"north": {"uv": [10, 14, 11, 15], "texture": "#1"},
				"east": {"uv": [10, 14, 11, 15], "texture": "#1"},
				"south": {"uv": [10, 15, 11, 14], "rotation": 180, "texture": "#1"},
				"west": {"uv": [10, 14, 11, 15], "texture": "#1"},
				"up": {"uv": [11, 14, 10, 15], "texture": "#1"},
				"down": {"uv": [10, 14, 11, 15], "rotation": 180, "texture": "#1"}
			}
		},
		{
			"name": "oak_trapdoor_171",
			"from": [4, 1, 13],
			"to": [5, 2, 16],
			"faces": {
				"north": {"uv": [11, 14, 12, 15], "texture": "#1"},
				"east": {"uv": [11, 14, 12, 15], "texture": "#1"},
				"south": {"uv": [11, 15, 12, 14], "rotation": 180, "texture": "#1"},
				"west": {"uv": [11, 14, 12, 15], "texture": "#1"},
				"up": {"uv": [12, 14, 11, 15], "texture": "#1"},
				"down": {"uv": [11, 14, 12, 15], "rotation": 180, "texture": "#1"}
			}
		},
		{
			"name": "oak_trapdoor_172",
			"from": [3, 1, 13],
			"to": [4, 2, 16],
			"faces": {
				"north": {"uv": [12, 14, 13, 15], "texture": "#1"},
				"east": {"uv": [12, 14, 13, 15], "texture": "#1"},
				"south": {"uv": [12, 15, 13, 14], "rotation": 180, "texture": "#1"},
				"west": {"uv": [12, 14, 13, 15], "texture": "#1"},
				"up": {"uv": [13, 14, 12, 15], "texture": "#1"},
				"down": {"uv": [12, 14, 13, 15], "rotation": 180, "texture": "#1"}
			}
		},
		{
			"name": "oak_trapdoor_173",
			"from": [2, 1, 13],
			"to": [3, 2, 16],
			"faces": {
				"north": {"uv": [13, 14, 14, 15], "texture": "#1"},
				"east": {"uv": [13, 14, 14, 15], "texture": "#1"},
				"south": {"uv": [13, 15, 14, 14], "rotation": 180, "texture": "#1"},
				"west": {"uv": [13, 14, 14, 15], "texture": "#1"},
				"up": {"uv": [14, 14, 13, 15], "texture": "#1"},
				"down": {"uv": [13, 14, 14, 15], "rotation": 180, "texture": "#1"}
			}
		},
		{
			"name": "oak_trapdoor_174",
			"from": [1, 1, 13],
			"to": [2, 2, 16],
			"faces": {
				"north": {"uv": [14, 14, 15, 15], "texture": "#1"},
				"east": {"uv": [14, 14, 15, 15], "texture": "#1"},
				"south": {"uv": [14, 15, 15, 14], "rotation": 180, "texture": "#1"},
				"west": {"uv": [14, 14, 15, 15], "texture": "#1"},
				"up": {"uv": [15, 14, 14, 15], "texture": "#1"},
				"down": {"uv": [14, 14, 15, 15], "rotation": 180, "texture": "#1"}
			}
		},
		{
			"name": "oak_trapdoor_175",
			"from": [0, 1, 13],
			"to": [1, 2, 16],
			"faces": {
				"north": {"uv": [15, 14, 16, 15], "texture": "#1"},
				"east": {"uv": [15, 14, 16, 15], "texture": "#1"},
				"south": {"uv": [15, 15, 16, 14], "rotation": 180, "texture": "#1"},
				"west": {"uv": [15, 14, 16, 15], "texture": "#1"},
				"up": {"uv": [16, 14, 15, 15], "texture": "#1"},
				"down": {"uv": [15, 14, 16, 15], "rotation": 180, "texture": "#1"}
			}
		},
		{
			"name": "oak_trapdoor_176",
			"from": [15, 0, 13],
			"to": [16, 1, 16],
			"faces": {
				"north": {"uv": [0, 15, 1, 16], "texture": "#1"},
				"east": {"uv": [0, 15, 1, 16], "texture": "#1"},
				"south": {"uv": [0, 16, 1, 15], "rotation": 180, "texture": "#1"},
				"west": {"uv": [0, 15, 1, 16], "texture": "#1"},
				"up": {"uv": [1, 15, 0, 16], "texture": "#1"},
				"down": {"uv": [0, 15, 1, 16], "rotation": 180, "texture": "#1"}
			}
		},
		{
			"name": "oak_trapdoor_177",
			"from": [14, 0, 13],
			"to": [15, 1, 16],
			"faces": {
				"north": {"uv": [1, 15, 2, 16], "texture": "#1"},
				"east": {"uv": [1, 15, 2, 16], "texture": "#1"},
				"south": {"uv": [1, 16, 2, 15], "rotation": 180, "texture": "#1"},
				"west": {"uv": [1, 15, 2, 16], "texture": "#1"},
				"up": {"uv": [2, 15, 1, 16], "texture": "#1"},
				"down": {"uv": [1, 15, 2, 16], "rotation": 180, "texture": "#1"}
			}
		},
		{
			"name": "oak_trapdoor_178",
			"from": [13, 0, 13],
			"to": [14, 1, 16],
			"faces": {
				"north": {"uv": [2, 15, 3, 16], "texture": "#1"},
				"east": {"uv": [2, 15, 3, 16], "texture": "#1"},
				"south": {"uv": [2, 16, 3, 15], "rotation": 180, "texture": "#1"},
				"west": {"uv": [2, 15, 3, 16], "texture": "#1"},
				"up": {"uv": [3, 15, 2, 16], "texture": "#1"},
				"down": {"uv": [2, 15, 3, 16], "rotation": 180, "texture": "#1"}
			}
		},
		{
			"name": "oak_trapdoor_179",
			"from": [12, 0, 13],
			"to": [13, 1, 16],
			"faces": {
				"north": {"uv": [3, 15, 4, 16], "texture": "#1"},
				"east": {"uv": [3, 15, 4, 16], "texture": "#1"},
				"south": {"uv": [3, 16, 4, 15], "rotation": 180, "texture": "#1"},
				"west": {"uv": [3, 15, 4, 16], "texture": "#1"},
				"up": {"uv": [4, 15, 3, 16], "texture": "#1"},
				"down": {"uv": [3, 15, 4, 16], "rotation": 180, "texture": "#1"}
			}
		},
		{
			"name": "oak_trapdoor_180",
			"from": [11, 0, 13],
			"to": [12, 1, 16],
			"faces": {
				"north": {"uv": [4, 15, 5, 16], "texture": "#1"},
				"east": {"uv": [4, 15, 5, 16], "texture": "#1"},
				"south": {"uv": [4, 16, 5, 15], "rotation": 180, "texture": "#1"},
				"west": {"uv": [4, 15, 5, 16], "texture": "#1"},
				"up": {"uv": [5, 15, 4, 16], "texture": "#1"},
				"down": {"uv": [4, 15, 5, 16], "rotation": 180, "texture": "#1"}
			}
		},
		{
			"name": "oak_trapdoor_181",
			"from": [10, 0, 13],
			"to": [11, 1, 16],
			"faces": {
				"north": {"uv": [5, 15, 6, 16], "texture": "#1"},
				"east": {"uv": [5, 15, 6, 16], "texture": "#1"},
				"south": {"uv": [5, 16, 6, 15], "rotation": 180, "texture": "#1"},
				"west": {"uv": [5, 15, 6, 16], "texture": "#1"},
				"up": {"uv": [6, 15, 5, 16], "texture": "#1"},
				"down": {"uv": [5, 15, 6, 16], "rotation": 180, "texture": "#1"}
			}
		},
		{
			"name": "oak_trapdoor_182",
			"from": [9, 0, 13],
			"to": [10, 1, 16],
			"faces": {
				"north": {"uv": [6, 15, 7, 16], "texture": "#1"},
				"east": {"uv": [6, 15, 7, 16], "texture": "#1"},
				"south": {"uv": [6, 16, 7, 15], "rotation": 180, "texture": "#1"},
				"west": {"uv": [6, 15, 7, 16], "texture": "#1"},
				"up": {"uv": [7, 15, 6, 16], "texture": "#1"},
				"down": {"uv": [6, 15, 7, 16], "rotation": 180, "texture": "#1"}
			}
		},
		{
			"name": "oak_trapdoor_183",
			"from": [8, 0, 13],
			"to": [9, 1, 16],
			"faces": {
				"north": {"uv": [7, 15, 8, 16], "texture": "#1"},
				"east": {"uv": [7, 15, 8, 16], "texture": "#1"},
				"south": {"uv": [7, 16, 8, 15], "rotation": 180, "texture": "#1"},
				"west": {"uv": [7, 15, 8, 16], "texture": "#1"},
				"up": {"uv": [8, 15, 7, 16], "texture": "#1"},
				"down": {"uv": [7, 15, 8, 16], "rotation": 180, "texture": "#1"}
			}
		},
		{
			"name": "oak_trapdoor_184",
			"from": [7, 0, 13],
			"to": [8, 1, 16],
			"faces": {
				"north": {"uv": [8, 15, 9, 16], "texture": "#1"},
				"east": {"uv": [8, 15, 9, 16], "texture": "#1"},
				"south": {"uv": [8, 16, 9, 15], "rotation": 180, "texture": "#1"},
				"west": {"uv": [8, 15, 9, 16], "texture": "#1"},
				"up": {"uv": [9, 15, 8, 16], "texture": "#1"},
				"down": {"uv": [8, 15, 9, 16], "rotation": 180, "texture": "#1"}
			}
		},
		{
			"name": "oak_trapdoor_185",
			"from": [6, 0, 13],
			"to": [7, 1, 16],
			"faces": {
				"north": {"uv": [9, 15, 10, 16], "texture": "#1"},
				"east": {"uv": [9, 15, 10, 16], "texture": "#1"},
				"south": {"uv": [9, 16, 10, 15], "rotation": 180, "texture": "#1"},
				"west": {"uv": [9, 15, 10, 16], "texture": "#1"},
				"up": {"uv": [10, 15, 9, 16], "texture": "#1"},
				"down": {"uv": [9, 15, 10, 16], "rotation": 180, "texture": "#1"}
			}
		},
		{
			"name": "oak_trapdoor_186",
			"from": [5, 0, 13],
			"to": [6, 1, 16],
			"faces": {
				"north": {"uv": [10, 15, 11, 16], "texture": "#1"},
				"east": {"uv": [10, 15, 11, 16], "texture": "#1"},
				"south": {"uv": [10, 16, 11, 15], "rotation": 180, "texture": "#1"},
				"west": {"uv": [10, 15, 11, 16], "texture": "#1"},
				"up": {"uv": [11, 15, 10, 16], "texture": "#1"},
				"down": {"uv": [10, 15, 11, 16], "rotation": 180, "texture": "#1"}
			}
		},
		{
			"name": "oak_trapdoor_187",
			"from": [4, 0, 13],
			"to": [5, 1, 16],
			"faces": {
				"north": {"uv": [11, 15, 12, 16], "texture": "#1"},
				"east": {"uv": [11, 15, 12, 16], "texture": "#1"},
				"south": {"uv": [11, 16, 12, 15], "rotation": 180, "texture": "#1"},
				"west": {"uv": [11, 15, 12, 16], "texture": "#1"},
				"up": {"uv": [12, 15, 11, 16], "texture": "#1"},
				"down": {"uv": [11, 15, 12, 16], "rotation": 180, "texture": "#1"}
			}
		},
		{
			"name": "oak_trapdoor_188",
			"from": [3, 0, 13],
			"to": [4, 1, 16],
			"faces": {
				"north": {"uv": [12, 15, 13, 16], "texture": "#1"},
				"east": {"uv": [12, 15, 13, 16], "texture": "#1"},
				"south": {"uv": [12, 16, 13, 15], "rotation": 180, "texture": "#1"},
				"west": {"uv": [12, 15, 13, 16], "texture": "#1"},
				"up": {"uv": [13, 15, 12, 16], "texture": "#1"},
				"down": {"uv": [12, 15, 13, 16], "rotation": 180, "texture": "#1"}
			}
		},
		{
			"name": "oak_trapdoor_189",
			"from": [2, 0, 13],
			"to": [3, 1, 16],
			"faces": {
				"north": {"uv": [13, 15, 14, 16], "texture": "#1"},
				"east": {"uv": [13, 15, 14, 16], "texture": "#1"},
				"south": {"uv": [13, 16, 14, 15], "rotation": 180, "texture": "#1"},
				"west": {"uv": [13, 15, 14, 16], "texture": "#1"},
				"up": {"uv": [14, 15, 13, 16], "texture": "#1"},
				"down": {"uv": [13, 15, 14, 16], "rotation": 180, "texture": "#1"}
			}
		},
		{
			"name": "oak_trapdoor_190",
			"from": [1, 0, 13],
			"to": [2, 1, 16],
			"faces": {
				"north": {"uv": [14, 15, 15, 16], "texture": "#1"},
				"east": {"uv": [14, 15, 15, 16], "texture": "#1"},
				"south": {"uv": [14, 16, 15, 15], "rotation": 180, "texture": "#1"},
				"west": {"uv": [14, 15, 15, 16], "texture": "#1"},
				"up": {"uv": [15, 15, 14, 16], "texture": "#1"},
				"down": {"uv": [14, 15, 15, 16], "rotation": 180, "texture": "#1"}
			}
		},
		{
			"name": "oak_trapdoor_191",
			"from": [0, 0, 13],
			"to": [1, 1, 16],
			"faces": {
				"north": {"uv": [15, 15, 16, 16], "texture": "#1"},
				"east": {"uv": [15, 15, 16, 16], "texture": "#1"},
				"south": {"uv": [15, 16, 16, 15], "rotation": 180, "texture": "#1"},
				"west": {"uv": [15, 15, 16, 16], "texture": "#1"},
				"up": {"uv": [16, 15, 15, 16], "texture": "#1"},
				"down": {"uv": [15, 15, 16, 16], "rotation": 180, "texture": "#1"}
			}
		}
	],
	"display": {
		"thirdperson_righthand": {
			"rotation": [75, 45, 0],
			"translation": [0, 2.5, 2],
			"scale": [0.375, 0.375, 0.375]
		},
		"thirdperson_lefthand": {
			"rotation": [75, 45, 0],
			"translation": [0, 2.5, 2],
			"scale": [0.375, 0.375, 0.375]
		},
		"firstperson_righthand": {
			"rotation": [0, 45, 0],
			"translation": [0, 3.25, 0],
			"scale": [0.4, 0.4, 0.4]
		},
		"firstperson_lefthand": {
			"rotation": [0, 225, 0],
			"translation": [0, 3.25, 0],
			"scale": [0.4, 0.4, 0.4]
		},
		"ground": {
			"translation": [0, 3, 0],
			"scale": [0.25, 0.25, 0.25]
		},
		"gui": {
			"rotation": [30, 225, 0],
			"scale": [0.625, 0.625, 0.625]
		},
		"head": {
			"translation": [0, 10.5, 0]
		},
		"fixed": {
			"rotation": [-90, 0, 0],
			"translation": [0, 0, -4],
			"scale": [0.5, 0.5, 0.5]
		}
	},
	"groups": [
		{
			"name": "oak_trapdoor",
			"origin": [8, 8, 8],
			"children": [0, 1, 2, 3, 4, 5, 6, 7, 8, 9, 10, 11, 12, 13, 14, 15, 16, 17, 18, 19, 20, 21, 22, 23, 24, 25, 26, 27, 28, 29, 30, 31, 32, 33, 34, 35, 36, 37, 38, 39, 40, 41, 42, 43, 44, 45, 46, 47, 48, 49, 50, 51, 52, 53, 54, 55, 56, 57, 58, 59, 60, 61, 62, 63, 64, 65, 66, 67, 68, 69, 70, 71, 72, 73, 74, 75, 76, 77, 78, 79, 80, 81, 82, 83, 84, 85, 86, 87, 88, 89, 90, 91, 92, 93, 94, 95, 96, 97, 98, 99, 100, 101, 102, 103, 104, 105, 106, 107, 108, 109, 110, 111, 112, 113, 114, 115, 116, 117, 118, 119, 120, 121, 122, 123, 124, 125, 126, 127, 128, 129, 130, 131, 132, 133, 134, 135, 136, 137, 138, 139, 140, 141, 142, 143, 144, 145, 146, 147, 148, 149, 150, 151, 152, 153, 154, 155, 156, 157, 158, 159, 160, 161, 162, 163, 164, 165, 166, 167, 168, 169, 170, 171, 172, 173, 174, 175, 176, 177, 178, 179, 180, 181, 182, 183, 184, 185, 186, 187, 188, 189, 190, 191]
		}
	]
}