{
	"credit": "Made with Blockbench",
	"textures": {
		"0": "block/spruce_trapdoor",
		"1": "block/diorite",
		"2": "block/white_stained_glass",
		"particle": "block/diorite"
	},
	"elements": [
		{
			"name": "octagon",
			"from": [6.34315, 0, 2.5],
			"to": [9.65685, 0.5, 10.5],
			"rotation": {"angle": 45, "axis": "y", "origin": [8, 0.5, 6.5]},
			"faces": {
				"north": {"uv": [0, 0, 1, 1], "texture": "#1"},
				"east": {"uv": [0, 0, 1, 1], "texture": "#1"},
				"south": {"uv": [0, 0, 1, 1], "texture": "#1"},
				"west": {"uv": [0, 0, 1, 1], "texture": "#1"},
				"up": {"uv": [0, 0, 1, 1], "texture": "#1"},
				"down": {"uv": [0, 0, 1, 1], "texture": "#1"}
			}
		},
		{
			"name": "octagon",
			"from": [6.34315, 0, 2.5],
			"to": [9.65685, 0.5, 10.5],
			"rotation": {"angle": 0, "axis": "y", "origin": [8, 0.5, 6.5]},
			"faces": {
				"north": {"uv": [0, 0, 1, 1], "texture": "#1"},
				"east": {"uv": [0, 0, 1, 1], "texture": "#1"},
				"south": {"uv": [0, 0, 1, 1], "texture": "#1"},
				"west": {"uv": [0, 0, 1, 1], "texture": "#1"},
				"up": {"uv": [0, 0, 1, 1], "texture": "#1"},
				"down": {"uv": [0, 0, 1, 1], "texture": "#1"}
			}
		},
		{
			"name": "octagon",
			"from": [4, 0, 4.84315],
			"to": [12, 0.5, 8.15685],
			"rotation": {"angle": 45, "axis": "y", "origin": [8, 0.5, 6.5]},
			"faces": {
				"north": {"uv": [0, 0, 1, 1], "texture": "#1"},
				"east": {"uv": [0, 0, 1, 1], "texture": "#1"},
				"south": {"uv": [0, 0, 1, 1], "texture": "#1"},
				"west": {"uv": [0, 0, 1, 1], "texture": "#1"},
				"up": {"uv": [0, 0, 1, 1], "texture": "#1"},
				"down": {"uv": [0, 0, 1, 1], "texture": "#1"}
			}
		},
		{
			"name": "octagon",
			"from": [4, 0, 4.84315],
			"to": [12, 0.5, 8.15685],
			"rotation": {"angle": 0, "axis": "y", "origin": [8, 0.5, 6.5]},
			"faces": {
				"north": {"uv": [0, 0, 1, 1], "texture": "#1"},
				"east": {"uv": [0, 0, 1, 1], "texture": "#1"},
				"south": {"uv": [0, 0, 1, 1], "texture": "#1"},
				"west": {"uv": [0, 0, 1, 1], "texture": "#1"},
				"up": {"uv": [0, 0, 1, 1], "texture": "#1"},
				"down": {"uv": [0, 0, 1, 1], "texture": "#1"}
			}
		},
		{
			"from": [12.25, 0.1, 8.5],
			"to": [14.75, 0.5, 9],
			"rotation": {"angle": 0, "axis": "y", "origin": [8, 8, 6.5]},
			"faces": {
				"north": {"uv": [0, 0, 2.5, 0.4], "texture": "#1"},
				"east": {"uv": [0, 0, 0.5, 0.4], "texture": "#1"},
				"south": {"uv": [0, 0, 2.5, 0.4], "texture": "#1"},
				"west": {"uv": [0, 0, 0.5, 0.4], "texture": "#1"},
				"up": {"uv": [0, 0, 2.5, 0.5], "texture": "#1"},
				"down": {"uv": [0, 0, 2.5, 0.5], "texture": "#1"}
			}
		},
		{
			"from": [14.25, 0.1, 9],
			"to": [14.75, 0.5, 10.5],
			"rotation": {"angle": 0, "axis": "y", "origin": [8, 8, 6.5]},
			"faces": {
				"north": {"uv": [0, 0, 0.5, 0.4], "texture": "#1"},
				"east": {"uv": [0, 0, 1.5, 0.4], "texture": "#1"},
				"south": {"uv": [0, 0, 0.5, 0.4], "texture": "#1"},
				"west": {"uv": [0, 0, 1.5, 0.4], "texture": "#1"},
				"up": {"uv": [0, 0, 0.5, 1.5], "texture": "#1"},
				"down": {"uv": [0, 0, 0.5, 1.5], "texture": "#1"}
			}
		},
		{
			"from": [13.25, 0.1, 9],
			"to": [13.75, 0.5, 10.5],
			"rotation": {"angle": 0, "axis": "y", "origin": [8, 8, 6.5]},
			"faces": {
				"north": {"uv": [0, 0, 0.5, 0.4], "texture": "#1"},
				"east": {"uv": [0, 0, 1.5, 0.4], "texture": "#1"},
				"south": {"uv": [0, 0, 0.5, 0.4], "texture": "#1"},
				"west": {"uv": [0, 0, 1.5, 0.4], "texture": "#1"},
				"up": {"uv": [0, 0, 0.5, 1.5], "texture": "#1"},
				"down": {"uv": [0, 0, 0.5, 1.5], "texture": "#1"}
			}
		},
		{
			"from": [12.25, 0.1, 9],
			"to": [12.75, 0.5, 10.5],
			"rotation": {"angle": 0, "axis": "y", "origin": [8, 8, 6.5]},
			"faces": {
				"north": {"uv": [0, 0, 0.5, 0.4], "texture": "#1"},
				"east": {"uv": [0, 0, 1.5, 0.4], "texture": "#1"},
				"south": {"uv": [0, 0, 0.5, 0.4], "texture": "#1"},
				"west": {"uv": [0, 0, 1.5, 0.4], "texture": "#1"},
				"up": {"uv": [0, 0, 0.5, 1.5], "texture": "#1"},
				"down": {"uv": [0, 0, 0.5, 1.5], "texture": "#1"}
			}
		},
		{
			"from": [13.1, 0, 2.5],
			"to": [13.9, 0.65, 8.5],
			"rotation": {"angle": 0, "axis": "y", "origin": [8, 8, 6.5]},
			"faces": {
				"north": {"uv": [0, 0, 0.8, 0.65], "texture": "#0"},
				"east": {"uv": [0, 0, 6, 0.65], "texture": "#0"},
				"south": {"uv": [0, 0, 0.8, 0.65], "texture": "#0"},
				"west": {"uv": [0, 0, 6, 0.65], "texture": "#0"},
				"up": {"uv": [3, 0, 3.8, 6], "texture": "#0"},
				"down": {"uv": [3, 7, 3.8, 13], "texture": "#0"}
			}
		},
		{
			"from": [2.25, 0.1, 6.5],
			"to": [2.75, 0.5, 10.5],
			"rotation": {"angle": 0, "axis": "y", "origin": [8, 8, 6.5]},
			"faces": {
				"north": {"uv": [0, 0, 0.5, 0.4], "texture": "#1"},
				"east": {"uv": [0, 0, 4, 0.4], "texture": "#1"},
				"south": {"uv": [0, 0, 0.5, 0.4], "texture": "#1"},
				"west": {"uv": [0, 0, 4, 0.4], "texture": "#1"},
				"up": {"uv": [0, 0, 0.5, 4], "texture": "#1"},
				"down": {"uv": [0, 0, 0.5, 4], "texture": "#1"}
			}
		},
		{
			"from": [2.1, 0, 2.5],
			"to": [2.9, 0.65, 6.5],
			"rotation": {"angle": 0, "axis": "y", "origin": [8, 8, 6.5]},
			"faces": {
				"north": {"uv": [0, 0, 0.8, 0.65], "texture": "#0"},
				"east": {"uv": [0, 0, 4, 0.65], "texture": "#0"},
				"south": {"uv": [0, 0, 0.8, 0.65], "texture": "#0"},
				"west": {"uv": [0, 0, 4, 0.65], "texture": "#0"},
				"up": {"uv": [3, 0, 3.8, 4], "texture": "#0"},
				"down": {"uv": [9, 5, 9.8, 9], "texture": "#0"}
			}
		},
		{
			"from": [10, 0, 11.5],
			"to": [12, 0.5, 13.5],
			"rotation": {"angle": 0, "axis": "y", "origin": [8, 8, 6.5]},
			"faces": {
				"north": {"uv": [0, 0, 2, 0.5], "texture": "#2"},
				"east": {"uv": [0, 0, 2, 0.5], "texture": "#2"},
				"south": {"uv": [0, 0, 2, 0.5], "texture": "#2"},
				"west": {"uv": [0, 0, 2, 0.5], "texture": "#2"},
				"up": {"uv": [0, 0, 2, 2], "texture": "#2"},
				"down": {"uv": [0, 0, 2, 2], "texture": "#2"}
			}
		},
		{
			"from": [12, 0, 11.5],
			"to": [12.25, 3.5, 13.5],
			"rotation": {"angle": 0, "axis": "y", "origin": [8, 8, 6.5]},
			"faces": {
				"north": {"uv": [0, 0, 0.25, 3.5], "texture": "#2"},
				"east": {"uv": [0, 0, 2, 3.5], "texture": "#2"},
				"south": {"uv": [0, 0, 0.25, 3.5], "texture": "#2"},
				"west": {"uv": [0, 0, 2, 3.5], "texture": "#2"},
				"up": {"uv": [0, 0, 0.25, 2], "texture": "#2"},
				"down": {"uv": [0, 0, 0.25, 2], "texture": "#2"}
			}
		},
		{
			"from": [10, 0, 11.25],
			"to": [12, 3.5, 11.5],
			"rotation": {"angle": 0, "axis": "y", "origin": [8, 8, 6.5]},
			"faces": {
				"north": {"uv": [0, 0, 2, 3.5], "texture": "#2"},
				"east": {"uv": [0, 0, 0.25, 3.5], "texture": "#2"},
				"south": {"uv": [0, 0, 2, 3.5], "texture": "#2"},
				"west": {"uv": [0, 0, 0.25, 3.5], "texture": "#2"},
				"up": {"uv": [0, 0, 0.25, 2], "rotation": 270, "texture": "#2"},
				"down": {"uv": [0, 0, 0.25, 2], "rotation": 90, "texture": "#2"}
			}
		},
		{
			"from": [10, 0, 13.5],
			"to": [12, 3.5, 13.75],
			"rotation": {"angle": 0, "axis": "y", "origin": [8, 8, 6.5]},
			"faces": {
				"north": {"uv": [0, 0, 2, 3.5], "texture": "#2"},
				"east": {"uv": [0, 0, 0.25, 3.5], "texture": "#2"},
				"south": {"uv": [0, 0, 2, 3.5], "texture": "#2"},
				"west": {"uv": [0, 0, 0.25, 3.5], "texture": "#2"},
				"up": {"uv": [0, 0, 0.25, 2], "rotation": 270, "texture": "#2"},
				"down": {"uv": [0, 0, 0.25, 2], "rotation": 90, "texture": "#2"}
			}
		},
		{
			"from": [9.75, 0, 11.5],
			"to": [10, 3.5, 13.5],
			"rotation": {"angle": 0, "axis": "y", "origin": [8, 8, 6.5]},
			"faces": {
				"north": {"uv": [0, 0, 0.25, 3.5], "texture": "#2"},
				"east": {"uv": [0, 0, 2, 3.5], "texture": "#2"},
				"south": {"uv": [0, 0, 0.25, 3.5], "texture": "#2"},
				"west": {"uv": [0, 0, 2, 3.5], "texture": "#2"},
				"up": {"uv": [0, 0, 0.25, 2], "rotation": 180, "texture": "#2"},
				"down": {"uv": [0, 0, 0.25, 2], "rotation": 180, "texture": "#2"}
			}
		}
	],
	"groups": [
		{
			"name": "octagon",
			"origin": [8, 8, 8],
			"children": []
		},
		{
			"name": "group",
			"origin": [8, 8, 8],
			"children": [0, 1, 2, 3]
		},
		{
			"name": "group",
			"origin": [8, 8, 6.5],
			"children": [4, 5, 6, 7, 8, 9, 10]
		},
		{
			"name": "group",
			"origin": [8, 8, 6.5],
			"children": [11, 12, 13, 14, 15]
		}
	]
}