{
	"credit": "Made with Blockbench",
	"ambientocclusion": false,
	"textures": {
		"1": "block/redstone/torch/redon",
		"2": "block/redstone/torch/wall",
		"particle": "block/redstone/torch/wall"
	},
	"elements": [
		{
			"from": [4.25, 3, 7],
			"to": [6.25, 13, 9],
			"faces": {
				"north": {"uv": [4, 2, 6, 12], "texture": "#1"},
				"east": {"uv": [2, 2, 4, 12], "texture": "#1"},
				"south": {"uv": [0, 2, 2, 12], "texture": "#1"},
				"west": {"uv": [6, 2, 8, 12], "texture": "#1"},
				"up": {"uv": [4, 2, 2, 0], "rotation": 90, "texture": "#1"},
				"down": {"uv": [6, 0, 4, 2], "rotation": 270, "texture": "#1"}
			}
		},
		{
			"from": [3.75, 2, 6.5],
			"to": [6.75, 3, 9.5],
			"faces": {
				"north": {"uv": [3, 7.5, 4.5, 8], "texture": "#2"},
				"east": {"uv": [1.5, 7.5, 3, 8], "texture": "#2"},
				"south": {"uv": [0, 7.5, 1.5, 8], "texture": "#2"},
				"west": {"uv": [4.5, 7.5, 6, 8], "texture": "#2"},
				"up": {"uv": [3, 7.5, 1.5, 6], "rotation": 90, "texture": "#2"},
				"down": {"uv": [4.5, 6, 3, 7.5], "rotation": 270, "texture": "#2"}
			}
		},
		{
			"from": [3.75, 13, 6.5],
			"to": [6.75, 14, 9.5],
			"faces": {
				"north": {"uv": [3, 7.5, 4.5, 8], "texture": "#2"},
				"east": {"uv": [1.5, 7.5, 3, 8], "texture": "#2"},
				"south": {"uv": [0, 7.5, 1.5, 8], "texture": "#2"},
				"west": {"uv": [4.5, 7.5, 6, 8], "texture": "#2"},
				"up": {"uv": [3, 7.5, 1.5, 6], "rotation": 90, "texture": "#2"},
				"down": {"uv": [4.5, 6, 3, 7.5], "rotation": 270, "texture": "#2"}
			}
		},
		{
			"from": [0, 3, 5],
			"to": [1, 13, 11],
			"faces": {
				"north": {"uv": [3.5, 0.5, 4, 5.5], "texture": "#2"},
				"east": {"uv": [0.5, 0.5, 3.5, 5.5], "texture": "#2"},
				"south": {"uv": [0, 0.5, 0.5, 5.5], "texture": "#2"},
				"west": {"uv": [4, 0.5, 7, 5.5], "texture": "#2"},
				"up": {"uv": [3.5, 0.5, 0.5, 0], "rotation": 90, "texture": "#2"},
				"down": {"uv": [6.5, 0, 3.5, 0.5], "rotation": 270, "texture": "#2"}
			}
		},
		{
			"from": [1, 9, 6.5],
			"to": [6.75, 10, 9.5],
			"faces": {
				"north": {"uv": [8.5, 7, 11, 7.5], "texture": "#2"},
				"east": {"uv": [7, 7, 8.5, 7.5], "texture": "#2"},
				"south": {"uv": [4.5, 7, 7, 7.5], "texture": "#2"},
				"west": {"uv": [11, 7, 12.5, 7.5], "texture": "#2"},
				"up": {"uv": [8.5, 7, 7, 4.5], "rotation": 90, "texture": "#2"},
				"down": {"uv": [10, 4.5, 8.5, 7], "rotation": 270, "texture": "#2"}
			}
		},
		{
			"from": [1, 6, 6.5],
			"to": [6.75, 7, 9.5],
			"faces": {
				"north": {"uv": [8.5, 7, 11, 7.5], "texture": "#2"},
				"east": {"uv": [7, 7, 8.5, 7.5], "texture": "#2"},
				"south": {"uv": [4.5, 7, 7, 7.5], "texture": "#2"},
				"west": {"uv": [11, 7, 12.5, 7.5], "texture": "#2"},
				"up": {"uv": [8.5, 7, 7, 4.5], "rotation": 90, "texture": "#2"},
				"down": {"uv": [10, 4.5, 8.5, 7], "rotation": 270, "texture": "#2"}
			}
		}
	],
	"groups": [
		{
			"name": "group",
			"origin": [8, 8, 8],
			"children": [0, 1, 2, 3, 4, 5]
		}
	]
}