{
	"credit": "Made with Blockbench",
	"ambientocclusion": false,
	"textures": {
		"1": "block/redstone/torch/redoff",
		"2": "block/redstone/torch/frame",
		"particle": "block/redstone/torch/frame"
	},
	"elements": [
		{
			"from": [7, 1, 7],
			"to": [9, 11, 9],
			"faces": {
				"north": {"uv": [2, 2, 4, 12], "texture": "#1"},
				"east": {"uv": [0, 2, 2, 12], "texture": "#1"},
				"south": {"uv": [6, 2, 8, 12], "texture": "#1"},
				"west": {"uv": [4, 2, 6, 12], "texture": "#1"},
				"up": {"uv": [4, 2, 2, 0], "texture": "#1"},
				"down": {"uv": [6, 0, 4, 2], "texture": "#1"}
			}
		},
		{
			"from": [6.5, 11, 6.5],
			"to": [9.5, 12, 9.5],
			"faces": {
				"north": {"uv": [1.5, 4, 3, 4.5], "texture": "#2"},
				"east": {"uv": [0, 4, 1.5, 4.5], "texture": "#2"},
				"south": {"uv": [4.5, 4, 6, 4.5], "texture": "#2"},
				"west": {"uv": [3, 4, 4.5, 4.5], "texture": "#2"},
				"up": {"uv": [3, 4, 1.5, 2.5], "texture": "#2"},
				"down": {"uv": [4.5, 2.5, 3, 4], "texture": "#2"}
			}
		},
		{
			"from": [6.5, 0, 6.5],
			"to": [9.5, 1, 9.5],
			"faces": {
				"north": {"uv": [1.5, 4, 3, 4.5], "texture": "#2"},
				"east": {"uv": [0, 4, 1.5, 4.5], "texture": "#2"},
				"south": {"uv": [4.5, 4, 6, 4.5], "texture": "#2"},
				"west": {"uv": [3, 4, 4.5, 4.5], "texture": "#2"},
				"up": {"uv": [3, 4, 1.5, 2.5], "texture": "#2"},
				"down": {"uv": [4.5, 2.5, 3, 4], "texture": "#2"}
			}
		}
	]
}