{
	"credit": "Made with Blockbench",
	"ambientocclusion": false,
	"textures": {
		"1": "block/redstone/torch/redon",
		"2": "block/redstone/torch/frame",
		"5": "block/redstone/torch/connector",
		"16": "block/redstone/repeater/base",
		"17": "block/redstone/repeater/switch",
		"2_1": "block/redstone/torch/redon",
		"particle": "block/redstone/torch/redon"
	},
	"elements": [
		{
			"from": [7, 2, 2],
			"to": [9, 7, 4],
			"rotation": {"angle": 0, "axis": "y", "origin": [8, 4, 3]},
			"faces": {
				"north": {"uv": [2, 2, 4, 7], "texture": "#1"},
				"east": {"uv": [0, 2, 2, 7], "texture": "#1"},
				"south": {"uv": [6, 2, 8, 7], "texture": "#1"},
				"west": {"uv": [4, 2, 6, 7], "texture": "#1"},
				"up": {"uv": [4, 2, 2, 0], "texture": "#1"},
				"down": {"uv": [6, 0, 4, 2], "texture": "#1"}
			}
		},
		{
			"from": [6.5, 7, 1.5],
			"to": [9.5, 8, 4.5],
			"rotation": {"angle": 0, "axis": "y", "origin": [8, 4, 3]},
			"faces": {
				"north": {"uv": [1.5, 4, 3, 4.5], "texture": "#2"},
				"east": {"uv": [0.5, 4, 2, 4.5], "texture": "#2"},
				"south": {"uv": [4.5, 4, 6, 4.5], "texture": "#2"},
				"west": {"uv": [3, 4, 4.5, 4.5], "texture": "#2"},
				"up": {"uv": [3, 4, 1.5, 2.5], "texture": "#2"},
				"down": {"uv": [4.5, 2.5, 3, 4], "texture": "#2"}
			}
		},
		{
			"from": [4, 0, 14],
			"to": [12, 2, 16],
			"faces": {
				"north": {"uv": [5.5, 4, 9.5, 5], "texture": "#5"},
				"east": {"uv": [4, 4, 5, 5], "texture": "#5"},
				"south": {"uv": [0, 4, 4, 5], "texture": "#5"},
				"west": {"uv": [6, 4, 7, 5], "texture": "#5"},
				"up": {"uv": [5, 4, 4, 0], "rotation": 90, "texture": "#5"},
				"down": {"uv": [6, 0, 5, 4], "rotation": 270, "texture": "#5"}
			}
		},
		{
			"from": [4, 0, 0],
			"to": [12, 2, 3],
			"faces": {
				"north": {"uv": [0, 4, 4, 5], "texture": "#5"},
				"east": {"uv": [9.5, 4, 11, 5], "texture": "#5"},
				"south": {"uv": [5.5, 4, 9.5, 5], "texture": "#5"},
				"west": {"uv": [4, 4, 5.5, 5], "texture": "#5"},
				"up": {"uv": [5.5, 4, 4, 0], "rotation": 270, "texture": "#5"},
				"down": {"uv": [7, 0, 5.5, 4], "rotation": 90, "texture": "#5"}
			}
		},
		{
			"from": [4, 0, 3],
			"to": [12, 2, 6],
			"faces": {
				"north": {"uv": [6.75, 0.75, 8.75, 1.25], "texture": "#16"},
				"east": {"uv": [6, 0.75, 6.75, 1.25], "texture": "#16"},
				"south": {"uv": [9.5, 0.75, 11.5, 1.25], "texture": "#16"},
				"west": {"uv": [8.75, 0.75, 9.5, 1.25], "texture": "#16"},
				"up": {"uv": [8.75, 0.75, 6.75, 0], "texture": "#16"},
				"down": {"uv": [10.75, 0, 8.75, 0.75], "texture": "#16"}
			}
		},
		{
			"from": [4, 0, 6],
			"to": [6, 2, 14],
			"faces": {
				"north": {"uv": [6.5, 6.75, 6, 7.25], "texture": "#16"},
				"east": {"uv": [8.5, 6.75, 6.5, 7.25], "texture": "#16"},
				"south": {"uv": [9, 6.75, 8.5, 7.25], "texture": "#16"},
				"west": {"uv": [6, 6.75, 4, 7.25], "texture": "#16"},
				"up": {"uv": [6, 6.75, 6.5, 4.75], "texture": "#16"},
				"down": {"uv": [6.5, 4.75, 7, 6.75], "texture": "#16"}
			}
		},
		{
			"from": [10, 0, 6],
			"to": [12, 2, 14],
			"faces": {
				"north": {"uv": [6, 6.75, 6.5, 7.25], "texture": "#16"},
				"east": {"uv": [4, 6.75, 6, 7.25], "texture": "#16"},
				"south": {"uv": [8.5, 6.75, 9, 7.25], "texture": "#16"},
				"west": {"uv": [6.5, 6.75, 8.5, 7.25], "texture": "#16"},
				"up": {"uv": [6.5, 6.75, 6, 4.75], "texture": "#16"},
				"down": {"uv": [7, 4.75, 6.5, 6.75], "texture": "#16"}
			}
		},
		{
			"from": [0, 0, 0],
			"to": [4, 2, 16],
			"faces": {
				"north": {"uv": [5, 4, 4, 4.5], "texture": "#16"},
				"east": {"uv": [9, 4, 5, 4.5], "texture": "#16"},
				"south": {"uv": [10, 4, 9, 4.5], "texture": "#16"},
				"west": {"uv": [4, 4, 0, 4.5], "texture": "#16"},
				"up": {"uv": [4, 4, 5, 0], "texture": "#16"},
				"down": {"uv": [5, 0, 6, 4], "texture": "#16"}
			}
		},
		{
			"from": [12, 0, 0],
			"to": [16, 2, 16],
			"faces": {
				"north": {"uv": [4, 4, 5, 4.5], "texture": "#16"},
				"east": {"uv": [0, 4, 4, 4.5], "texture": "#16"},
				"south": {"uv": [9, 4, 10, 4.5], "texture": "#16"},
				"west": {"uv": [5, 4, 9, 4.5], "texture": "#16"},
				"up": {"uv": [5, 4, 4, 0], "texture": "#16"},
				"down": {"uv": [6, 0, 5, 4], "texture": "#16"}
			}
		},
		{
			"from": [8, 0.5, 5],
			"to": [10, 1.5, 15],
			"rotation": {"angle": 0, "axis": "y", "origin": [8, 8, 12]},
			"faces": {
				"north": {"uv": [6, 0, 4, 2], "texture": "#2_1"},
				"east": {"uv": [4, 2, 6, 12], "rotation": 270, "texture": "#2_1"},
				"south": {"uv": [4, 2, 2, 0], "rotation": 180, "texture": "#2_1"},
				"west": {"uv": [0, 2, 2, 12], "rotation": 90, "texture": "#2_1"},
				"up": {"uv": [6, 2, 8, 12], "rotation": 180, "texture": "#2_1"},
				"down": {"uv": [2, 2, 4, 12], "texture": "#2_1"}
			}
		},
		{
			"from": [6, 0.5, 5],
			"to": [8, 1.5, 15],
			"rotation": {"angle": 0, "axis": "y", "origin": [8, 8, 12]},
			"faces": {
				"north": {"uv": [6, 0, 4, 2], "texture": "#2_1"},
				"east": {"uv": [4, 2, 6, 12], "rotation": 270, "texture": "#2_1"},
				"south": {"uv": [4, 2, 2, 0], "rotation": 180, "texture": "#2_1"},
				"west": {"uv": [0, 2, 2, 12], "rotation": 90, "texture": "#2_1"},
				"up": {"uv": [6, 2, 8, 12], "rotation": 180, "texture": "#2_1"},
				"down": {"uv": [2, 2, 4, 12], "texture": "#2_1"}
			}
		},
		{
			"from": [6, 0, 6],
			"to": [10, 1, 14],
			"faces": {
				"north": {"uv": [2, 6.5, 3, 6.75], "texture": "#16"},
				"east": {"uv": [0, 6.5, 2, 6.75], "texture": "#16"},
				"south": {"uv": [5, 6.5, 6, 6.75], "texture": "#16"},
				"west": {"uv": [3, 6.5, 5, 6.75], "texture": "#16"},
				"up": {"uv": [3, 6.5, 2, 4.5], "texture": "#16"},
				"down": {"uv": [4, 4.5, 3, 6.5], "texture": "#16"}
			}
		},
		{
			"from": [5, 2, 5],
			"to": [6, 3, 15],
			"faces": {
				"north": {"uv": [5, 5, 5.5, 5.5], "texture": "#17"},
				"east": {"uv": [0, 5, 5, 5.5], "texture": "#17"},
				"south": {"uv": [10.5, 5, 11, 5.5], "texture": "#17"},
				"west": {"uv": [5.5, 5, 10.5, 5.5], "texture": "#17"},
				"up": {"uv": [5.5, 5, 5, 0], "texture": "#17"},
				"down": {"uv": [6, 0, 5.5, 5], "texture": "#17"}
			}
		},
		{
			"from": [10, 2, 5],
			"to": [11, 3, 15],
			"rotation": {"angle": 0, "axis": "y", "origin": [13, 8, 8]},
			"faces": {
				"north": {"uv": [5, 5, 5.5, 5.5], "texture": "#17"},
				"east": {"uv": [0, 5, 5, 5.5], "texture": "#17"},
				"south": {"uv": [10.5, 5, 11, 5.5], "texture": "#17"},
				"west": {"uv": [5.5, 5, 10.5, 5.5], "texture": "#17"},
				"up": {"uv": [5.5, 5, 5, 0], "texture": "#17"},
				"down": {"uv": [6, 0, 5.5, 5], "texture": "#17"}
			}
		},
		{
			"from": [3, 2, 8],
			"to": [13, 3, 9],
			"rotation": {"angle": 0, "axis": "y", "origin": [3, 7, 8]},
			"faces": {
				"north": {"uv": [5.5, 5, 10.5, 5.5], "rotation": 180, "texture": "#17"},
				"east": {"uv": [10.5, 5, 11, 5.5], "rotation": 180, "texture": "#17"},
				"south": {"uv": [0, 5, 5, 5.5], "rotation": 180, "texture": "#17"},
				"west": {"uv": [5, 5, 5.5, 5.5], "rotation": 180, "texture": "#17"},
				"up": {"uv": [6, 0, 5.5, 5], "rotation": 90, "texture": "#17"},
				"down": {"uv": [5.5, 5, 5, 0], "rotation": 270, "texture": "#17"}
			}
		},
		{
			"from": [3, 3, 8],
			"to": [13, 4, 9],
			"rotation": {"angle": 0, "axis": "y", "origin": [13, 8, 10]},
			"faces": {
				"north": {"uv": [5.5, 5, 10.5, 5.5], "texture": "#17"},
				"east": {"uv": [5, 5, 5.5, 5.5], "texture": "#17"},
				"south": {"uv": [0, 5, 5, 5.5], "texture": "#17"},
				"west": {"uv": [10.5, 5, 11, 5.5], "texture": "#17"},
				"up": {"uv": [5.5, 5, 5, 0], "rotation": 90, "texture": "#17"},
				"down": {"uv": [6, 0, 5.5, 5], "rotation": 270, "texture": "#17"}
			}
		},
		{
			"from": [3, 2, 9],
			"to": [13, 3, 10],
			"rotation": {"angle": 0, "axis": "y", "origin": [3, 7, 8]},
			"faces": {
				"north": {"uv": [0, 5, 5, 5.5], "texture": "#17"},
				"east": {"uv": [10.5, 5, 11, 5.5], "texture": "#17"},
				"south": {"uv": [5.5, 5, 10.5, 5.5], "texture": "#17"},
				"west": {"uv": [5, 5, 5.5, 5.5], "texture": "#17"},
				"up": {"uv": [5.5, 5, 5, 0], "rotation": 270, "texture": "#17"},
				"down": {"uv": [6, 0, 5.5, 5], "rotation": 90, "texture": "#17"}
			}
		},
		{
			"from": [3, 3, 9],
			"to": [13, 4, 10],
			"rotation": {"angle": 0, "axis": "z", "origin": [13, 8, 10]},
			"faces": {
				"north": {"uv": [0, 5, 5, 5.5], "rotation": 180, "texture": "#17"},
				"east": {"uv": [5, 5, 5.5, 5.5], "rotation": 180, "texture": "#17"},
				"south": {"uv": [5.5, 5, 10.5, 5.5], "rotation": 180, "texture": "#17"},
				"west": {"uv": [10.5, 5, 11, 5.5], "rotation": 180, "texture": "#17"},
				"up": {"uv": [6, 0, 5.5, 5], "rotation": 270, "texture": "#17"},
				"down": {"uv": [5.5, 5, 5, 0], "rotation": 90, "texture": "#17"}
			}
		}
	],
	"groups": [0, 1, 2, 3, 4, 5, 6, 7, 8, 9, 10, 11, 12, 13,
		{
			"name": "lock",
			"origin": [13, 8, 8],
			"children": [14, 15, 16, 17]
		}
	]
}