{
	"credit": "Made with Blockbench",
	"textures": {
		"1": "block/stone",
		"2": "block/stonecutter_saw",
		"4": "block/stonecutter_side",
		"5": "block/stonecutter_top",
		"particle": "block/stone"
	},
	"elements": [
		{
			"name": "stonecutter_saw1_0",
			"from": [7.5, 9, 5],
			"to": [8.5, 16, 6],
			"rotation": {"angle": 0, "axis": "y", "origin": [0.5, 17, 8]},
			"faces": {
				"north": {"uv": [5, 9, 6, 16], "texture": "#2"},
				"east": {"uv": [5, 16, 6, 9], "rotation": 180, "texture": "#2"},
				"south": {"uv": [5, 9, 6, 16], "texture": "#2"},
				"west": {"uv": [5, 9, 6, 16], "texture": "#2"},
				"up": {"uv": [6, 9, 5, 10], "rotation": 270, "texture": "#2"},
				"down": {"uv": [5, 15, 6, 16], "rotation": 270, "texture": "#2"}
			}
		},
		{
			"name": "stonecutter_saw1_1",
			"from": [7.5, 9, 6],
			"to": [8.5, 16, 7],
			"rotation": {"angle": 0, "axis": "y", "origin": [0.5, 17, 8]},
			"faces": {
				"north": {"uv": [6, 9, 7, 16], "texture": "#2"},
				"east": {"uv": [6, 16, 7, 9], "rotation": 180, "texture": "#2"},
				"south": {"uv": [6, 9, 7, 16], "texture": "#2"},
				"west": {"uv": [6, 9, 7, 16], "texture": "#2"},
				"up": {"uv": [7, 9, 6, 10], "rotation": 270, "texture": "#2"},
				"down": {"uv": [6, 15, 7, 16], "rotation": 270, "texture": "#2"}
			}
		},
		{
			"name": "stonecutter_saw1_2",
			"from": [7.5, 9, 7],
			"to": [8.5, 16, 8],
			"rotation": {"angle": 0, "axis": "y", "origin": [0.5, 17, 8]},
			"faces": {
				"north": {"uv": [7, 9, 8, 16], "texture": "#2"},
				"east": {"uv": [7, 16, 8, 9], "rotation": 180, "texture": "#2"},
				"south": {"uv": [7, 9, 8, 16], "texture": "#2"},
				"west": {"uv": [7, 9, 8, 16], "texture": "#2"},
				"up": {"uv": [8, 9, 7, 10], "rotation": 270, "texture": "#2"},
				"down": {"uv": [7, 15, 8, 16], "rotation": 270, "texture": "#2"}
			}
		},
		{
			"name": "stonecutter_saw1_3",
			"from": [7.5, 9, 8],
			"to": [8.5, 16, 9],
			"rotation": {"angle": 0, "axis": "y", "origin": [0.5, 17, 8]},
			"faces": {
				"north": {"uv": [8, 9, 9, 16], "texture": "#2"},
				"east": {"uv": [8, 16, 9, 9], "rotation": 180, "texture": "#2"},
				"south": {"uv": [8, 9, 9, 16], "texture": "#2"},
				"west": {"uv": [8, 9, 9, 16], "texture": "#2"},
				"up": {"uv": [9, 9, 8, 10], "rotation": 270, "texture": "#2"},
				"down": {"uv": [8, 15, 9, 16], "rotation": 270, "texture": "#2"}
			}
		},
		{
			"name": "stonecutter_saw1_4",
			"from": [7.5, 9, 9],
			"to": [8.5, 16, 10],
			"rotation": {"angle": 0, "axis": "y", "origin": [0.5, 17, 8]},
			"faces": {
				"north": {"uv": [9, 9, 10, 16], "texture": "#2"},
				"east": {"uv": [9, 16, 10, 9], "rotation": 180, "texture": "#2"},
				"south": {"uv": [9, 9, 10, 16], "texture": "#2"},
				"west": {"uv": [9, 9, 10, 16], "texture": "#2"},
				"up": {"uv": [10, 9, 9, 10], "rotation": 270, "texture": "#2"},
				"down": {"uv": [9, 15, 10, 16], "rotation": 270, "texture": "#2"}
			}
		},
		{
			"name": "stonecutter_saw1_5",
			"from": [7.5, 9, 10],
			"to": [8.5, 16, 11],
			"rotation": {"angle": 0, "axis": "y", "origin": [0.5, 17, 8]},
			"faces": {
				"north": {"uv": [10, 9, 11, 16], "texture": "#2"},
				"east": {"uv": [10, 16, 11, 9], "rotation": 180, "texture": "#2"},
				"south": {"uv": [10, 9, 11, 16], "texture": "#2"},
				"west": {"uv": [10, 9, 11, 16], "texture": "#2"},
				"up": {"uv": [11, 9, 10, 10], "rotation": 270, "texture": "#2"},
				"down": {"uv": [10, 15, 11, 16], "rotation": 270, "texture": "#2"}
			}
		},
		{
			"name": "stonecutter_saw1_6",
			"from": [7.5, 9, 3],
			"to": [8.5, 15, 4],
			"rotation": {"angle": 0, "axis": "y", "origin": [0.5, 17, 8]},
			"faces": {
				"north": {"uv": [3, 10, 4, 16], "texture": "#2"},
				"east": {"uv": [3, 16, 4, 10], "rotation": 180, "texture": "#2"},
				"south": {"uv": [3, 10, 4, 16], "texture": "#2"},
				"west": {"uv": [3, 10, 4, 16], "texture": "#2"},
				"up": {"uv": [4, 10, 3, 11], "rotation": 270, "texture": "#2"},
				"down": {"uv": [3, 15, 4, 16], "rotation": 270, "texture": "#2"}
			}
		},
		{
			"name": "stonecutter_saw1_7",
			"from": [7.5, 9, 4],
			"to": [8.5, 15, 5],
			"rotation": {"angle": 0, "axis": "y", "origin": [0.5, 17, 8]},
			"faces": {
				"north": {"uv": [4, 10, 5, 16], "texture": "#2"},
				"east": {"uv": [4, 16, 5, 10], "rotation": 180, "texture": "#2"},
				"south": {"uv": [4, 10, 5, 16], "texture": "#2"},
				"west": {"uv": [4, 10, 5, 16], "texture": "#2"},
				"up": {"uv": [5, 10, 4, 11], "rotation": 270, "texture": "#2"},
				"down": {"uv": [4, 15, 5, 16], "rotation": 270, "texture": "#2"}
			}
		},
		{
			"name": "stonecutter_saw1_8",
			"from": [7.5, 9, 11],
			"to": [8.5, 15, 12],
			"rotation": {"angle": 0, "axis": "y", "origin": [0.5, 17, 8]},
			"faces": {
				"north": {"uv": [11, 10, 12, 16], "texture": "#2"},
				"east": {"uv": [11, 16, 12, 10], "rotation": 180, "texture": "#2"},
				"south": {"uv": [11, 10, 12, 16], "texture": "#2"},
				"west": {"uv": [11, 10, 12, 16], "texture": "#2"},
				"up": {"uv": [12, 10, 11, 11], "rotation": 270, "texture": "#2"},
				"down": {"uv": [11, 15, 12, 16], "rotation": 270, "texture": "#2"}
			}
		},
		{
			"name": "stonecutter_saw1_9",
			"from": [7.5, 9, 12],
			"to": [8.5, 15, 13],
			"rotation": {"angle": 0, "axis": "y", "origin": [0.5, 17, 8]},
			"faces": {
				"north": {"uv": [12, 10, 13, 16], "texture": "#2"},
				"east": {"uv": [12, 16, 13, 10], "rotation": 180, "texture": "#2"},
				"south": {"uv": [12, 10, 13, 16], "texture": "#2"},
				"west": {"uv": [12, 10, 13, 16], "texture": "#2"},
				"up": {"uv": [13, 10, 12, 11], "rotation": 270, "texture": "#2"},
				"down": {"uv": [12, 15, 13, 16], "rotation": 270, "texture": "#2"}
			}
		},
		{
			"name": "stonecutter_saw1_10",
			"from": [7.5, 9, 2],
			"to": [8.5, 14, 3],
			"rotation": {"angle": 0, "axis": "y", "origin": [0.5, 17, 8]},
			"faces": {
				"north": {"uv": [2, 11, 3, 16], "texture": "#2"},
				"east": {"uv": [2, 16, 3, 11], "rotation": 180, "texture": "#2"},
				"south": {"uv": [2, 11, 3, 16], "texture": "#2"},
				"west": {"uv": [2, 11, 3, 16], "texture": "#2"},
				"up": {"uv": [3, 11, 2, 12], "rotation": 270, "texture": "#2"},
				"down": {"uv": [2, 15, 3, 16], "rotation": 270, "texture": "#2"}
			}
		},
		{
			"name": "stonecutter_saw1_11",
			"from": [7.5, 9, 13],
			"to": [8.5, 14, 14],
			"rotation": {"angle": 0, "axis": "y", "origin": [0.5, 17, 8]},
			"faces": {
				"north": {"uv": [13, 11, 14, 16], "texture": "#2"},
				"east": {"uv": [13, 16, 14, 11], "rotation": 180, "texture": "#2"},
				"south": {"uv": [13, 11, 14, 16], "texture": "#2"},
				"west": {"uv": [13, 11, 14, 16], "texture": "#2"},
				"up": {"uv": [14, 11, 13, 12], "rotation": 270, "texture": "#2"},
				"down": {"uv": [13, 15, 14, 16], "rotation": 270, "texture": "#2"}
			}
		},
		{
			"name": "stonecutter_saw1_12",
			"from": [7.5, 9, 1],
			"to": [8.5, 12, 2],
			"rotation": {"angle": 0, "axis": "y", "origin": [0.5, 17, 8]},
			"faces": {
				"north": {"uv": [1, 13, 2, 16], "texture": "#2"},
				"east": {"uv": [1, 16, 2, 13], "rotation": 180, "texture": "#2"},
				"south": {"uv": [1, 13, 2, 16], "texture": "#2"},
				"west": {"uv": [1, 13, 2, 16], "texture": "#2"},
				"up": {"uv": [2, 13, 1, 14], "rotation": 270, "texture": "#2"},
				"down": {"uv": [1, 15, 2, 16], "rotation": 270, "texture": "#2"}
			}
		},
		{
			"name": "stonecutter_saw1_13",
			"from": [7.5, 9, 14],
			"to": [8.5, 12, 15],
			"rotation": {"angle": 0, "axis": "y", "origin": [0.5, 17, 8]},
			"faces": {
				"north": {"uv": [14, 13, 15, 16], "texture": "#2"},
				"east": {"uv": [14, 16, 15, 13], "rotation": 180, "texture": "#2"},
				"south": {"uv": [14, 13, 15, 16], "texture": "#2"},
				"west": {"uv": [14, 13, 15, 16], "texture": "#2"},
				"up": {"uv": [15, 13, 14, 14], "rotation": 270, "texture": "#2"},
				"down": {"uv": [14, 15, 15, 16], "rotation": 270, "texture": "#2"}
			}
		},
		{
			"name": "stonecutter_saw1_1",
			"from": [7.5, 2, 10],
			"to": [8.5, 9, 11],
			"rotation": {"angle": 0, "axis": "x", "origin": [0.5, 1, 8]},
			"faces": {
				"north": {"uv": [5, 9, 6, 16], "rotation": 180, "texture": "#2"},
				"east": {"uv": [5, 16, 6, 9], "texture": "#2"},
				"south": {"uv": [5, 9, 6, 16], "rotation": 180, "texture": "#2"},
				"west": {"uv": [5, 9, 6, 16], "rotation": 180, "texture": "#2"},
				"up": {"uv": [5, 15, 6, 16], "rotation": 270, "texture": "#2"},
				"down": {"uv": [6, 9, 5, 10], "rotation": 270, "texture": "#2"}
			}
		},
		{
			"name": "stonecutter_saw2_2",
			"from": [7.5, 2, 9],
			"to": [8.5, 9, 10],
			"rotation": {"angle": 0, "axis": "x", "origin": [0.5, 1, 8]},
			"faces": {
				"north": {"uv": [6, 9, 7, 16], "rotation": 180, "texture": "#2"},
				"east": {"uv": [6, 16, 7, 9], "texture": "#2"},
				"south": {"uv": [6, 9, 7, 16], "rotation": 180, "texture": "#2"},
				"west": {"uv": [6, 9, 7, 16], "rotation": 180, "texture": "#2"},
				"up": {"uv": [6, 15, 7, 16], "rotation": 270, "texture": "#2"},
				"down": {"uv": [7, 9, 6, 10], "rotation": 270, "texture": "#2"}
			}
		},
		{
			"name": "stonecutter_saw1_3",
			"from": [7.5, 2, 8],
			"to": [8.5, 9, 9],
			"rotation": {"angle": 0, "axis": "x", "origin": [0.5, 1, 8]},
			"faces": {
				"north": {"uv": [7, 9, 8, 16], "rotation": 180, "texture": "#2"},
				"east": {"uv": [7, 16, 8, 9], "texture": "#2"},
				"south": {"uv": [7, 9, 8, 16], "rotation": 180, "texture": "#2"},
				"west": {"uv": [7, 9, 8, 16], "rotation": 180, "texture": "#2"},
				"up": {"uv": [7, 15, 8, 16], "rotation": 270, "texture": "#2"},
				"down": {"uv": [8, 9, 7, 10], "rotation": 270, "texture": "#2"}
			}
		},
		{
			"name": "stonecutter_saw1_4",
			"from": [7.5, 2, 7],
			"to": [8.5, 9, 8],
			"rotation": {"angle": 0, "axis": "x", "origin": [0.5, 1, 8]},
			"faces": {
				"north": {"uv": [8, 9, 9, 16], "rotation": 180, "texture": "#2"},
				"east": {"uv": [8, 16, 9, 9], "texture": "#2"},
				"south": {"uv": [8, 9, 9, 16], "rotation": 180, "texture": "#2"},
				"west": {"uv": [8, 9, 9, 16], "rotation": 180, "texture": "#2"},
				"up": {"uv": [8, 15, 9, 16], "rotation": 270, "texture": "#2"},
				"down": {"uv": [9, 9, 8, 10], "rotation": 270, "texture": "#2"}
			}
		},
		{
			"name": "stonecutter_saw1_5",
			"from": [7.5, 2, 6],
			"to": [8.5, 9, 7],
			"rotation": {"angle": 0, "axis": "x", "origin": [0.5, 1, 8]},
			"faces": {
				"north": {"uv": [9, 9, 10, 16], "rotation": 180, "texture": "#2"},
				"east": {"uv": [9, 16, 10, 9], "texture": "#2"},
				"south": {"uv": [9, 9, 10, 16], "rotation": 180, "texture": "#2"},
				"west": {"uv": [9, 9, 10, 16], "rotation": 180, "texture": "#2"},
				"up": {"uv": [9, 15, 10, 16], "rotation": 270, "texture": "#2"},
				"down": {"uv": [10, 9, 9, 10], "rotation": 270, "texture": "#2"}
			}
		},
		{
			"name": "stonecutter_saw1_6",
			"from": [7.5, 2, 5],
			"to": [8.5, 9, 6],
			"rotation": {"angle": 0, "axis": "x", "origin": [0.5, 1, 8]},
			"faces": {
				"north": {"uv": [10, 9, 11, 16], "rotation": 180, "texture": "#2"},
				"east": {"uv": [10, 16, 11, 9], "texture": "#2"},
				"south": {"uv": [10, 9, 11, 16], "rotation": 180, "texture": "#2"},
				"west": {"uv": [10, 9, 11, 16], "rotation": 180, "texture": "#2"},
				"up": {"uv": [10, 15, 11, 16], "rotation": 270, "texture": "#2"},
				"down": {"uv": [11, 9, 10, 10], "rotation": 270, "texture": "#2"}
			}
		},
		{
			"name": "stonecutter_saw1_7",
			"from": [7.5, 3, 12],
			"to": [8.5, 9, 13],
			"rotation": {"angle": 0, "axis": "x", "origin": [0.5, 1, 8]},
			"faces": {
				"north": {"uv": [3, 10, 4, 16], "rotation": 180, "texture": "#2"},
				"east": {"uv": [3, 16, 4, 10], "texture": "#2"},
				"south": {"uv": [3, 10, 4, 16], "rotation": 180, "texture": "#2"},
				"west": {"uv": [3, 10, 4, 16], "rotation": 180, "texture": "#2"},
				"up": {"uv": [3, 15, 4, 16], "rotation": 270, "texture": "#2"},
				"down": {"uv": [4, 10, 3, 11], "rotation": 270, "texture": "#2"}
			}
		},
		{
			"name": "stonecutter_saw1_8",
			"from": [7.5, 3, 11],
			"to": [8.5, 9, 12],
			"rotation": {"angle": 0, "axis": "x", "origin": [0.5, 1, 8]},
			"faces": {
				"north": {"uv": [4, 10, 5, 16], "rotation": 180, "texture": "#2"},
				"east": {"uv": [4, 16, 5, 10], "texture": "#2"},
				"south": {"uv": [4, 10, 5, 16], "rotation": 180, "texture": "#2"},
				"west": {"uv": [4, 10, 5, 16], "rotation": 180, "texture": "#2"},
				"up": {"uv": [4, 15, 5, 16], "rotation": 270, "texture": "#2"},
				"down": {"uv": [5, 10, 4, 11], "rotation": 270, "texture": "#2"}
			}
		},
		{
			"name": "stonecutter_saw1_9",
			"from": [7.5, 3, 4],
			"to": [8.5, 9, 5],
			"rotation": {"angle": 0, "axis": "x", "origin": [0.5, 1, 8]},
			"faces": {
				"north": {"uv": [11, 10, 12, 16], "rotation": 180, "texture": "#2"},
				"east": {"uv": [11, 16, 12, 10], "texture": "#2"},
				"south": {"uv": [11, 10, 12, 16], "rotation": 180, "texture": "#2"},
				"west": {"uv": [11, 10, 12, 16], "rotation": 180, "texture": "#2"},
				"up": {"uv": [11, 15, 12, 16], "rotation": 270, "texture": "#2"},
				"down": {"uv": [12, 10, 11, 11], "rotation": 270, "texture": "#2"}
			}
		},
		{
			"name": "stonecutter_saw1_10",
			"from": [7.5, 3, 3],
			"to": [8.5, 9, 4],
			"rotation": {"angle": 0, "axis": "x", "origin": [0.5, 1, 8]},
			"faces": {
				"north": {"uv": [12, 10, 13, 16], "rotation": 180, "texture": "#2"},
				"east": {"uv": [12, 16, 13, 10], "texture": "#2"},
				"south": {"uv": [12, 10, 13, 16], "rotation": 180, "texture": "#2"},
				"west": {"uv": [12, 10, 13, 16], "rotation": 180, "texture": "#2"},
				"up": {"uv": [12, 15, 13, 16], "rotation": 270, "texture": "#2"},
				"down": {"uv": [13, 10, 12, 11], "rotation": 270, "texture": "#2"}
			}
		},
		{
			"name": "stonecutter_saw1_11",
			"from": [7.5, 4, 13],
			"to": [8.5, 9, 14],
			"rotation": {"angle": 0, "axis": "x", "origin": [0.5, 1, 8]},
			"faces": {
				"north": {"uv": [2, 11, 3, 16], "rotation": 180, "texture": "#2"},
				"east": {"uv": [2, 16, 3, 11], "texture": "#2"},
				"south": {"uv": [2, 11, 3, 16], "rotation": 180, "texture": "#2"},
				"west": {"uv": [2, 11, 3, 16], "rotation": 180, "texture": "#2"},
				"up": {"uv": [2, 15, 3, 16], "rotation": 270, "texture": "#2"},
				"down": {"uv": [3, 11, 2, 12], "rotation": 270, "texture": "#2"}
			}
		},
		{
			"name": "stonecutter_saw1_12",
			"from": [7.5, 4, 2],
			"to": [8.5, 9, 3],
			"rotation": {"angle": 0, "axis": "x", "origin": [0.5, 1, 8]},
			"faces": {
				"north": {"uv": [13, 11, 14, 16], "rotation": 180, "texture": "#2"},
				"east": {"uv": [13, 16, 14, 11], "texture": "#2"},
				"south": {"uv": [13, 11, 14, 16], "rotation": 180, "texture": "#2"},
				"west": {"uv": [13, 11, 14, 16], "rotation": 180, "texture": "#2"},
				"up": {"uv": [13, 15, 14, 16], "rotation": 270, "texture": "#2"},
				"down": {"uv": [14, 11, 13, 12], "rotation": 270, "texture": "#2"}
			}
		},
		{
			"name": "stonecutter_saw1_13",
			"from": [7.5, 6, 14],
			"to": [8.5, 9, 15],
			"rotation": {"angle": 0, "axis": "x", "origin": [0.5, 1, 8]},
			"faces": {
				"north": {"uv": [1, 13, 2, 16], "rotation": 180, "texture": "#2"},
				"east": {"uv": [1, 16, 2, 13], "texture": "#2"},
				"south": {"uv": [1, 13, 2, 16], "rotation": 180, "texture": "#2"},
				"west": {"uv": [1, 13, 2, 16], "rotation": 180, "texture": "#2"},
				"up": {"uv": [1, 15, 2, 16], "rotation": 270, "texture": "#2"},
				"down": {"uv": [2, 13, 1, 14], "rotation": 270, "texture": "#2"}
			}
		},
		{
			"name": "stonecutter_saw1_14",
			"from": [7.5, 6, 1],
			"to": [8.5, 9, 2],
			"rotation": {"angle": 0, "axis": "x", "origin": [0.5, 1, 8]},
			"faces": {
				"north": {"uv": [14, 13, 15, 16], "rotation": 180, "texture": "#2"},
				"east": {"uv": [14, 16, 15, 13], "texture": "#2"},
				"south": {"uv": [14, 13, 15, 16], "rotation": 180, "texture": "#2"},
				"west": {"uv": [14, 13, 15, 16], "rotation": 180, "texture": "#2"},
				"up": {"uv": [14, 15, 15, 16], "rotation": 270, "texture": "#2"},
				"down": {"uv": [15, 13, 14, 14], "rotation": 270, "texture": "#2"}
			}
		},
		{
			"from": [5.5, 9, 12],
			"to": [6.5, 12, 15],
			"rotation": {"angle": 0, "axis": "y", "origin": [8, 10.5, 15.5]},
			"faces": {
				"north": {"uv": [1, 0, 2, 3], "texture": "#1"},
				"east": {"uv": [3, 0, 6, 3], "texture": "#1"},
				"south": {"uv": [1, 0, 2, 3], "texture": "#1"},
				"west": {"uv": [3, 0, 6, 3], "texture": "#1"},
				"up": {"uv": [3, 0, 6, 1], "rotation": 90, "texture": "#1"},
				"down": {"uv": [3, 0, 6, 1], "rotation": 270, "texture": "#1"}
			}
		},
		{
			"from": [9.5, 8, 0],
			"to": [12.5, 9, 16],
			"rotation": {"angle": 0, "axis": "y", "origin": [12, 6.9, 8]},
			"faces": {
				"north": {"uv": [0, 2, 3, 3], "texture": "#1"},
				"east": {"uv": [0, 0, 16, 1], "texture": "#1"},
				"south": {"uv": [0, 1, 3, 2], "texture": "#1"},
				"west": {"uv": [0, 0, 16, 1], "texture": "#1"},
				"up": {"uv": [2, 0, 5, 16], "texture": "#1"},
				"down": {"uv": [8, 0, 11, 16], "texture": "#1"}
			}
		},
		{
			"from": [3.5, 8, 0],
			"to": [6.5, 9, 16],
			"rotation": {"angle": 0, "axis": "y", "origin": [12, 6.9, 8]},
			"faces": {
				"north": {"uv": [0, 2, 3, 3], "texture": "#1"},
				"east": {"uv": [0, 0, 16, 1], "texture": "#1"},
				"south": {"uv": [0, 1, 3, 2], "texture": "#1"},
				"west": {"uv": [0, 0, 16, 1], "texture": "#1"},
				"up": {"uv": [2, 0, 5, 16], "texture": "#1"},
				"down": {"uv": [8, 0, 11, 16], "texture": "#1"}
			}
		},
		{
			"from": [4.5, 8, 7],
			"to": [11.5, 10, 9],
			"rotation": {"angle": 0, "axis": "y", "origin": [8, 14, 8]},
			"faces": {
				"north": {"uv": [0, 0, 7, 2], "texture": "#1"},
				"east": {"uv": [0, 0, 2, 2], "texture": "#1"},
				"south": {"uv": [0, 0, 7, 2], "texture": "#1"},
				"west": {"uv": [0, 0, 2, 2], "texture": "#1"},
				"up": {"uv": [0, 0, 7, 2], "texture": "#1"},
				"down": {"uv": [0, 0, 7, 2], "texture": "#1"}
			}
		},
		{
			"from": [5.5, 9, 15],
			"to": [10.5, 12, 16],
			"rotation": {"angle": 0, "axis": "y", "origin": [8, 8.5, 8]},
			"faces": {
				"north": {"uv": [5, 0, 10, 3], "texture": "#1"},
				"east": {"uv": [1, 0, 2, 3], "texture": "#1"},
				"south": {"uv": [5, 0, 10, 3], "texture": "#1"},
				"west": {"uv": [1, 0, 2, 3], "texture": "#1"},
				"up": {"uv": [0, 1, 5, 2], "texture": "#1"},
				"down": {"uv": [0, 1, 5, 2], "texture": "#1"}
			}
		},
		{
			"from": [6.5, 8, 15],
			"to": [9.5, 9, 16],
			"rotation": {"angle": 0, "axis": "y", "origin": [8, 9, 8]},
			"faces": {
				"north": {"uv": [3, 0, 6, 1], "texture": "#1"},
				"east": {"uv": [1, 0, 2, 1], "texture": "#1"},
				"south": {"uv": [3, 0, 6, 1], "texture": "#1"},
				"west": {"uv": [1, 0, 2, 1], "texture": "#1"},
				"up": {"uv": [0, 1, 3, 2], "texture": "#1"},
				"down": {"uv": [0, 1, 3, 2], "texture": "#1"}
			}
		},
		{
			"from": [9.5, 9, 12],
			"to": [10.5, 12, 15],
			"rotation": {"angle": 0, "axis": "y", "origin": [8, 10.5, 15.5]},
			"faces": {
				"north": {"uv": [1, 0, 2, 3], "texture": "#1"},
				"east": {"uv": [3, 0, 6, 3], "texture": "#1"},
				"south": {"uv": [1, 0, 2, 3], "texture": "#1"},
				"west": {"uv": [3, 0, 6, 3], "texture": "#1"},
				"up": {"uv": [3, 0, 6, 1], "rotation": 90, "texture": "#1"},
				"down": {"uv": [3, 0, 6, 1], "rotation": 270, "texture": "#1"}
			}
		},
		{
			"from": [0, 0, 0],
			"to": [7, 8, 16],
			"faces": {
				"north": {"uv": [9, 7, 16, 15], "texture": "#4"},
				"east": {"uv": [0, 0, 16, 8], "texture": "#1"},
				"south": {"uv": [0, 7, 7, 15], "texture": "#4"},
				"west": {"uv": [0, 7, 16, 15], "texture": "#4"},
				"up": {"uv": [0, 0, 7, 16], "texture": "#5"},
				"down": {"uv": [0, 0, 7, 16], "texture": "#5"}
			}
		},
		{
			"from": [9, 0, 0],
			"to": [16, 8, 16],
			"faces": {
				"north": {"uv": [0, 7, 7, 15], "texture": "#4"},
				"east": {"uv": [0, 7, 16, 15], "texture": "#4"},
				"south": {"uv": [9, 7, 16, 15], "texture": "#4"},
				"west": {"uv": [0, 0, 16, 8], "texture": "#1"},
				"up": {"uv": [9, 0, 16, 16], "texture": "#5"},
				"down": {"uv": [9, 0, 16, 16], "texture": "#5"}
			}
		},
		{
			"from": [7, 0, 1],
			"to": [9, 1, 15],
			"faces": {
				"north": {"uv": [0, 0, 2, 1], "texture": "#missing"},
				"east": {"uv": [0, 0, 14, 1], "texture": "#missing"},
				"south": {"uv": [0, 0, 2, 1], "texture": "#missing"},
				"west": {"uv": [0, 0, 14, 1], "texture": "#missing"},
				"up": {"uv": [0, 0, 2, 14], "texture": "#1"},
				"down": {"uv": [7, 1, 9, 15], "texture": "#5"}
			}
		},
		{
			"from": [7, 0, 0],
			"to": [9, 8, 1],
			"faces": {
				"north": {"uv": [7, 7, 9, 15], "texture": "#4"},
				"east": {"uv": [0, 0, 1, 8], "texture": "#missing"},
				"south": {"uv": [0, 0, 2, 8], "texture": "#1"},
				"west": {"uv": [0, 0, 1, 8], "texture": "#missing"},
				"up": {"uv": [7, 15, 9, 16], "texture": "#5"},
				"down": {"uv": [0, 0, 2, 1], "texture": "#1"}
			}
		},
		{
			"from": [7, 0, 15],
			"to": [9, 8, 16],
			"faces": {
				"north": {"uv": [0, 0, 2, 8], "texture": "#1"},
				"east": {"uv": [0, 0, 1, 8], "texture": "#missing"},
				"south": {"uv": [7, 7, 9, 15], "texture": "#4"},
				"west": {"uv": [0, 0, 1, 8], "texture": "#missing"},
				"up": {"uv": [7, 0, 9, 1], "texture": "#5"},
				"down": {"uv": [0, 0, 2, 1], "texture": "#1"}
			}
		},
		{
			"from": [0, 8, 0],
			"to": [3, 9, 3],
			"faces": {
				"north": {"uv": [0, 7, 3, 8], "rotation": 180, "texture": "#4"},
				"east": {"uv": [0, 7, 3, 8], "texture": "#4"},
				"south": {"uv": [0, 7, 3, 8], "texture": "#4"},
				"west": {"uv": [0, 7, 3, 8], "rotation": 180, "texture": "#4"},
				"up": {"uv": [0, 0, 3, 3], "texture": "#5"},
				"down": {"uv": [0, 7, 3, 8], "texture": "#4"}
			}
		},
		{
			"from": [0, 8, 13],
			"to": [3, 9, 16],
			"faces": {
				"north": {"uv": [0, 7, 3, 8], "rotation": 180, "texture": "#4"},
				"east": {"uv": [0, 7, 3, 8], "texture": "#4"},
				"south": {"uv": [0, 7, 3, 8], "texture": "#4"},
				"west": {"uv": [0, 7, 3, 8], "rotation": 180, "texture": "#4"},
				"up": {"uv": [0, 13, 3, 16], "texture": "#5"},
				"down": {"uv": [0, 7, 3, 8], "texture": "#4"}
			}
		},
		{
			"from": [13, 8, 13],
			"to": [16, 9, 16],
			"faces": {
				"north": {"uv": [0, 7, 3, 8], "rotation": 180, "texture": "#4"},
				"east": {"uv": [0, 7, 3, 8], "texture": "#4"},
				"south": {"uv": [0, 7, 3, 8], "texture": "#4"},
				"west": {"uv": [0, 7, 3, 8], "rotation": 180, "texture": "#4"},
				"up": {"uv": [13, 13, 16, 16], "texture": "#5"},
				"down": {"uv": [0, 7, 3, 8], "texture": "#4"}
			}
		},
		{
			"from": [13, 8, 0],
			"to": [16, 9, 3],
			"faces": {
				"north": {"uv": [0, 7, 3, 8], "rotation": 180, "texture": "#4"},
				"east": {"uv": [0, 7, 3, 8], "texture": "#4"},
				"south": {"uv": [0, 7, 3, 8], "texture": "#4"},
				"west": {"uv": [0, 7, 3, 8], "rotation": 180, "texture": "#4"},
				"up": {"uv": [13, 0, 16, 3], "texture": "#5"},
				"down": {"uv": [0, 7, 3, 8], "texture": "#4"}
			}
		}
	],
	"display": {
		"thirdperson_righthand": {
			"rotation": [75, 45, 0.5],
			"translation": [0, 2.5, 0],
			"scale": [0.375, 0.375, 0.375]
		},
		"thirdperson_lefthand": {
			"rotation": [75, 45, 0],
			"translation": [0, 2.5, 0],
			"scale": [0.375, 0.375, 0.375]
		},
		"firstperson_righthand": {
			"rotation": [0, 180, 0],
			"translation": [0, 2, 0],
			"scale": [0.4, 0.4, 0.4]
		},
		"firstperson_lefthand": {
			"rotation": [0, 180, 0],
			"translation": [0, 2, 0],
			"scale": [0.4, 0.4, 0.4]
		},
		"ground": {
			"translation": [0, 3, 0],
			"scale": [0.25, 0.25, 0.25]
		},
		"gui": {
			"rotation": [30, 225, 0],
			"translation": [0, 1.25, 0],
			"scale": [0.625, 0.625, 0.625]
		},
		"head": {
			"translation": [0, 0.75, 0]
		},
		"fixed": {
			"rotation": [-90, 0, 0],
			"translation": [0, 0, -4],
			"scale": [0.5, 0.5, 0.5]
		}
	},
	"groups": [
		{
			"name": "stonecutter_saw",
			"origin": [8, 8, 8],
			"children": [0, 1, 2, 3, 4, 5, 6, 7, 8, 9, 10, 11, 12, 13, 14, 15, 16, 17, 18, 19, 20, 21, 22, 23, 24, 25, 26, 27]
		},
		{
			"name": "stonecutter_base",
			"origin": [8, 10, 0.5],
			"children": [28, 29, 30, 31, 32, 33, 34]
		}, 35, 36, 37, 38, 39, 40, 41, 42, 43]
}