{
	"credit": "Made with Blockbench",
	"textures": {
		"0": "block/sugar_cane",
		"particle": "item/leather_chestplate_overlay"
	},
	"elements": [
		{
			"name": "sugar_cane_18",
			"from": [11.6, 13, -1.85],
			"to": [11.6, 14, -0.85],
			"rotation": {"angle": 22.5, "axis": "y", "origin": [20, 8, -1]},
			"faces": {
				"north": {"uv": [3, 2, 4, 3], "texture": "#0"},
				"east": {"uv": [3, 2, 4, 3], "texture": "#0"},
				"south": {"uv": [3, 2, 4, 3], "texture": "#0"},
				"west": {"uv": [3, 3, 4, 2], "rotation": 180, "texture": "#0"},
				"up": {"uv": [4, 2, 3, 3], "rotation": 90, "texture": "#0"},
				"down": {"uv": [3, 2, 4, 3], "rotation": 90, "texture": "#0"}
			}
		},
		{
			"name": "sugar_cane_23",
			"from": [9.6, 13, 0.15],
			"to": [10.6, 14, 0.15],
			"rotation": {"angle": 22.5, "axis": "y", "origin": [20, 8, -1]},
			"faces": {
				"north": {"uv": [11, 2, 12, 3], "texture": "#0"},
				"east": {"uv": [11, 2, 12, 3], "texture": "#0"},
				"south": {"uv": [11, 3, 12, 2], "rotation": 180, "texture": "#0"},
				"west": {"uv": [11, 2, 12, 3], "texture": "#0"},
				"up": {"uv": [12, 2, 11, 3], "texture": "#0"},
				"down": {"uv": [11, 2, 12, 3], "rotation": 180, "texture": "#0"}
			}
		},
		{
			"name": "sugar_cane_28",
			"from": [11.6, 12, -1.85],
			"to": [11.6, 13, -0.85],
			"rotation": {"angle": 22.5, "axis": "y", "origin": [20, 8, -1]},
			"faces": {
				"north": {"uv": [3, 3, 4, 4], "texture": "#0"},
				"east": {"uv": [3, 3, 4, 4], "texture": "#0"},
				"south": {"uv": [3, 3, 4, 4], "texture": "#0"},
				"west": {"uv": [3, 4, 4, 3], "rotation": 180, "texture": "#0"},
				"up": {"uv": [4, 3, 3, 4], "rotation": 90, "texture": "#0"},
				"down": {"uv": [3, 3, 4, 4], "rotation": 90, "texture": "#0"}
			}
		},
		{
			"name": "sugar_cane_61",
			"from": [11.6, 9, -1.85],
			"to": [11.6, 10, -0.85],
			"rotation": {"angle": 22.5, "axis": "y", "origin": [20, 8, -1]},
			"faces": {
				"north": {"uv": [15, 6, 16, 7], "texture": "#0"},
				"east": {"uv": [15, 6, 16, 7], "texture": "#0"},
				"south": {"uv": [15, 6, 16, 7], "texture": "#0"},
				"west": {"uv": [15, 7, 16, 6], "rotation": 180, "texture": "#0"},
				"up": {"uv": [16, 6, 15, 7], "rotation": 90, "texture": "#0"},
				"down": {"uv": [15, 6, 16, 7], "rotation": 90, "texture": "#0"}
			}
		},
		{
			"name": "sugar_cane_70",
			"from": [11.6, 8, -1.85],
			"to": [11.6, 9, -0.85],
			"rotation": {"angle": 22.5, "axis": "y", "origin": [20, 8, -1]},
			"faces": {
				"north": {"uv": [15, 7, 16, 8], "texture": "#0"},
				"east": {"uv": [15, 7, 16, 8], "texture": "#0"},
				"south": {"uv": [15, 7, 16, 8], "texture": "#0"},
				"west": {"uv": [15, 8, 16, 7], "rotation": 180, "texture": "#0"},
				"up": {"uv": [16, 7, 15, 8], "rotation": 90, "texture": "#0"},
				"down": {"uv": [15, 7, 16, 8], "rotation": 90, "texture": "#0"}
			}
		},
		{
			"name": "sugar_cane_71",
			"from": [11.6, 7, 1.15],
			"to": [11.6, 8, 2.15],
			"rotation": {"angle": 22.5, "axis": "y", "origin": [20, 8, -1]},
			"faces": {
				"north": {"uv": [0, 8, 1, 9], "texture": "#0"},
				"east": {"uv": [0, 8, 1, 9], "texture": "#0"},
				"south": {"uv": [0, 8, 1, 9], "texture": "#0"},
				"west": {"uv": [0, 9, 1, 8], "rotation": 180, "texture": "#0"},
				"up": {"uv": [1, 8, 0, 9], "rotation": 90, "texture": "#0"},
				"down": {"uv": [0, 8, 1, 9], "rotation": 90, "texture": "#0"}
			}
		},
		{
			"name": "sugar_cane_80",
			"from": [11.6, 6, 1.15],
			"to": [11.6, 7, 2.15],
			"rotation": {"angle": 22.5, "axis": "y", "origin": [20, 8, -1]},
			"faces": {
				"north": {"uv": [0, 9, 1, 10], "texture": "#0"},
				"east": {"uv": [0, 9, 1, 10], "texture": "#0"},
				"south": {"uv": [0, 9, 1, 10], "texture": "#0"},
				"west": {"uv": [0, 10, 1, 9], "rotation": 180, "texture": "#0"},
				"up": {"uv": [1, 9, 0, 10], "rotation": 90, "texture": "#0"},
				"down": {"uv": [0, 9, 1, 10], "rotation": 90, "texture": "#0"}
			}
		},
		{
			"name": "sugar_cane_94",
			"from": [12.6, 5, 0.15],
			"to": [13.6, 6, 0.15],
			"rotation": {"angle": 22.5, "axis": "y", "origin": [20, 8, -1]},
			"faces": {
				"north": {"uv": [8, 10, 9, 11], "texture": "#0"},
				"east": {"uv": [8, 10, 9, 11], "texture": "#0"},
				"south": {"uv": [8, 11, 9, 10], "rotation": 180, "texture": "#0"},
				"west": {"uv": [8, 10, 9, 11], "texture": "#0"},
				"up": {"uv": [9, 10, 8, 11], "texture": "#0"},
				"down": {"uv": [8, 10, 9, 11], "rotation": 180, "texture": "#0"}
			}
		},
		{
			"name": "sugar_cane_103",
			"from": [12.6, 4, 0.15],
			"to": [13.6, 5, 0.15],
			"rotation": {"angle": 22.5, "axis": "y", "origin": [20, 8, -1]},
			"faces": {
				"north": {"uv": [8, 11, 9, 12], "texture": "#0"},
				"east": {"uv": [8, 11, 9, 12], "texture": "#0"},
				"south": {"uv": [8, 12, 9, 11], "rotation": 180, "texture": "#0"},
				"west": {"uv": [8, 11, 9, 12], "texture": "#0"},
				"up": {"uv": [9, 11, 8, 12], "texture": "#0"},
				"down": {"uv": [8, 11, 9, 12], "rotation": 180, "texture": "#0"}
			}
		},
		{
			"name": "sugar_cane_122",
			"from": [11.6, 2, 1.15],
			"to": [11.6, 3, 2.15],
			"rotation": {"angle": 22.5, "axis": "y", "origin": [20, 8, -1]},
			"faces": {
				"north": {"uv": [12, 13, 13, 14], "texture": "#0"},
				"east": {"uv": [12, 13, 13, 14], "texture": "#0"},
				"south": {"uv": [12, 13, 13, 14], "texture": "#0"},
				"west": {"uv": [12, 14, 13, 13], "rotation": 180, "texture": "#0"},
				"up": {"uv": [13, 13, 12, 14], "rotation": 90, "texture": "#0"},
				"down": {"uv": [12, 13, 13, 14], "rotation": 90, "texture": "#0"}
			}
		},
		{
			"name": "sugar_cane_19",
			"from": [4.5, 13, -2.5],
			"to": [4.5, 14, -1.5],
			"rotation": {"angle": 22.5, "axis": "y", "origin": [15, 8, -3]},
			"faces": {
				"north": {"uv": [3, 2, 4, 3], "texture": "#0"},
				"east": {"uv": [3, 2, 4, 3], "texture": "#0"},
				"south": {"uv": [3, 2, 4, 3], "texture": "#0"},
				"west": {"uv": [3, 3, 4, 2], "rotation": 180, "texture": "#0"},
				"up": {"uv": [4, 2, 3, 3], "rotation": 90, "texture": "#0"},
				"down": {"uv": [3, 2, 4, 3], "rotation": 90, "texture": "#0"}
			}
		},
		{
			"name": "sugar_cane_24",
			"from": [2.5, 13, -0.5],
			"to": [3.5, 14, -0.5],
			"rotation": {"angle": 22.5, "axis": "y", "origin": [15, 8, -3]},
			"faces": {
				"north": {"uv": [11, 2, 12, 3], "texture": "#0"},
				"east": {"uv": [11, 2, 12, 3], "texture": "#0"},
				"south": {"uv": [11, 3, 12, 2], "rotation": 180, "texture": "#0"},
				"west": {"uv": [11, 2, 12, 3], "texture": "#0"},
				"up": {"uv": [12, 2, 11, 3], "texture": "#0"},
				"down": {"uv": [11, 2, 12, 3], "rotation": 180, "texture": "#0"}
			}
		},
		{
			"name": "sugar_cane_29",
			"from": [4.5, 12, -2.5],
			"to": [4.5, 13, -1.5],
			"rotation": {"angle": 22.5, "axis": "y", "origin": [15, 8, -3]},
			"faces": {
				"north": {"uv": [3, 3, 4, 4], "texture": "#0"},
				"east": {"uv": [3, 3, 4, 4], "texture": "#0"},
				"south": {"uv": [3, 3, 4, 4], "texture": "#0"},
				"west": {"uv": [3, 4, 4, 3], "rotation": 180, "texture": "#0"},
				"up": {"uv": [4, 3, 3, 4], "rotation": 90, "texture": "#0"},
				"down": {"uv": [3, 3, 4, 4], "rotation": 90, "texture": "#0"}
			}
		},
		{
			"name": "sugar_cane_62",
			"from": [4.5, 9, -2.5],
			"to": [4.5, 10, -1.5],
			"rotation": {"angle": 22.5, "axis": "y", "origin": [15, 8, -3]},
			"faces": {
				"north": {"uv": [15, 6, 16, 7], "texture": "#0"},
				"east": {"uv": [15, 6, 16, 7], "texture": "#0"},
				"south": {"uv": [15, 6, 16, 7], "texture": "#0"},
				"west": {"uv": [15, 7, 16, 6], "rotation": 180, "texture": "#0"},
				"up": {"uv": [16, 6, 15, 7], "rotation": 90, "texture": "#0"},
				"down": {"uv": [15, 6, 16, 7], "rotation": 90, "texture": "#0"}
			}
		},
		{
			"name": "sugar_cane_71",
			"from": [4.5, 8, -2.5],
			"to": [4.5, 9, -1.5],
			"rotation": {"angle": 22.5, "axis": "y", "origin": [15, 8, -3]},
			"faces": {
				"north": {"uv": [15, 7, 16, 8], "texture": "#0"},
				"east": {"uv": [15, 7, 16, 8], "texture": "#0"},
				"south": {"uv": [15, 7, 16, 8], "texture": "#0"},
				"west": {"uv": [15, 8, 16, 7], "rotation": 180, "texture": "#0"},
				"up": {"uv": [16, 7, 15, 8], "rotation": 90, "texture": "#0"},
				"down": {"uv": [15, 7, 16, 8], "rotation": 90, "texture": "#0"}
			}
		},
		{
			"name": "sugar_cane_72",
			"from": [4.5, 7, 0.5],
			"to": [4.5, 8, 1.5],
			"rotation": {"angle": 22.5, "axis": "y", "origin": [15, 8, -3]},
			"faces": {
				"north": {"uv": [0, 8, 1, 9], "texture": "#0"},
				"east": {"uv": [0, 8, 1, 9], "texture": "#0"},
				"south": {"uv": [0, 8, 1, 9], "texture": "#0"},
				"west": {"uv": [0, 9, 1, 8], "rotation": 180, "texture": "#0"},
				"up": {"uv": [1, 8, 0, 9], "rotation": 90, "texture": "#0"},
				"down": {"uv": [0, 8, 1, 9], "rotation": 90, "texture": "#0"}
			}
		},
		{
			"name": "sugar_cane_81",
			"from": [4.5, 6, 0.5],
			"to": [4.5, 7, 1.5],
			"rotation": {"angle": 22.5, "axis": "y", "origin": [15, 8, -3]},
			"faces": {
				"north": {"uv": [0, 9, 1, 10], "texture": "#0"},
				"east": {"uv": [0, 9, 1, 10], "texture": "#0"},
				"south": {"uv": [0, 9, 1, 10], "texture": "#0"},
				"west": {"uv": [0, 10, 1, 9], "rotation": 180, "texture": "#0"},
				"up": {"uv": [1, 9, 0, 10], "rotation": 90, "texture": "#0"},
				"down": {"uv": [0, 9, 1, 10], "rotation": 90, "texture": "#0"}
			}
		},
		{
			"name": "sugar_cane_95",
			"from": [5.5, 5, -0.5],
			"to": [6.5, 6, -0.5],
			"rotation": {"angle": 22.5, "axis": "y", "origin": [15, 8, -3]},
			"faces": {
				"north": {"uv": [8, 10, 9, 11], "texture": "#0"},
				"east": {"uv": [8, 10, 9, 11], "texture": "#0"},
				"south": {"uv": [8, 11, 9, 10], "rotation": 180, "texture": "#0"},
				"west": {"uv": [8, 10, 9, 11], "texture": "#0"},
				"up": {"uv": [9, 10, 8, 11], "texture": "#0"},
				"down": {"uv": [8, 10, 9, 11], "rotation": 180, "texture": "#0"}
			}
		},
		{
			"name": "sugar_cane_104",
			"from": [5.5, 4, -0.5],
			"to": [6.5, 5, -0.5],
			"rotation": {"angle": 22.5, "axis": "y", "origin": [15, 8, -3]},
			"faces": {
				"north": {"uv": [8, 11, 9, 12], "texture": "#0"},
				"east": {"uv": [8, 11, 9, 12], "texture": "#0"},
				"south": {"uv": [8, 12, 9, 11], "rotation": 180, "texture": "#0"},
				"west": {"uv": [8, 11, 9, 12], "texture": "#0"},
				"up": {"uv": [9, 11, 8, 12], "texture": "#0"},
				"down": {"uv": [8, 11, 9, 12], "rotation": 180, "texture": "#0"}
			}
		},
		{
			"name": "sugar_cane_123",
			"from": [4.5, 2, 0.5],
			"to": [4.5, 3, 1.5],
			"rotation": {"angle": 22.5, "axis": "y", "origin": [15, 8, -3]},
			"faces": {
				"north": {"uv": [12, 13, 13, 14], "texture": "#0"},
				"east": {"uv": [12, 13, 13, 14], "texture": "#0"},
				"south": {"uv": [12, 13, 13, 14], "texture": "#0"},
				"west": {"uv": [12, 14, 13, 13], "rotation": 180, "texture": "#0"},
				"up": {"uv": [13, 13, 12, 14], "rotation": 90, "texture": "#0"},
				"down": {"uv": [12, 13, 13, 14], "rotation": 90, "texture": "#0"}
			}
		},
		{
			"name": "sugar_cane_19",
			"from": [11, 13, 10.45],
			"to": [12, 14, 10.45],
			"rotation": {"angle": 22.5, "axis": "y", "origin": [14, 8, 20]},
			"faces": {
				"north": {"uv": [3, 3, 4, 2], "rotation": 180, "texture": "#0"},
				"east": {"uv": [3, 2, 4, 3], "texture": "#0"},
				"south": {"uv": [3, 2, 4, 3], "texture": "#0"},
				"west": {"uv": [3, 2, 4, 3], "texture": "#0"},
				"up": {"uv": [4, 2, 3, 3], "rotation": 180, "texture": "#0"},
				"down": {"uv": [3, 2, 4, 3], "texture": "#0"}
			}
		},
		{
			"name": "sugar_cane_24",
			"from": [10, 13, 8.45],
			"to": [10, 14, 9.45],
			"rotation": {"angle": 22.5, "axis": "y", "origin": [14, 8, 20]},
			"faces": {
				"north": {"uv": [11, 2, 12, 3], "texture": "#0"},
				"east": {"uv": [11, 2, 12, 3], "texture": "#0"},
				"south": {"uv": [11, 2, 12, 3], "texture": "#0"},
				"west": {"uv": [11, 3, 12, 2], "rotation": 180, "texture": "#0"},
				"up": {"uv": [12, 2, 11, 3], "rotation": 90, "texture": "#0"},
				"down": {"uv": [11, 2, 12, 3], "rotation": 90, "texture": "#0"}
			}
		},
		{
			"name": "sugar_cane_29",
			"from": [11, 12, 10.45],
			"to": [12, 13, 10.45],
			"rotation": {"angle": 22.5, "axis": "y", "origin": [14, 8, 20]},
			"faces": {
				"north": {"uv": [3, 4, 4, 3], "rotation": 180, "texture": "#0"},
				"east": {"uv": [3, 3, 4, 4], "texture": "#0"},
				"south": {"uv": [3, 3, 4, 4], "texture": "#0"},
				"west": {"uv": [3, 3, 4, 4], "texture": "#0"},
				"up": {"uv": [4, 3, 3, 4], "rotation": 180, "texture": "#0"},
				"down": {"uv": [3, 3, 4, 4], "texture": "#0"}
			}
		},
		{
			"name": "sugar_cane_62",
			"from": [11, 9, 10.45],
			"to": [12, 10, 10.45],
			"rotation": {"angle": 22.5, "axis": "y", "origin": [14, 8, 20]},
			"faces": {
				"north": {"uv": [15, 7, 16, 6], "rotation": 180, "texture": "#0"},
				"east": {"uv": [15, 6, 16, 7], "texture": "#0"},
				"south": {"uv": [15, 6, 16, 7], "texture": "#0"},
				"west": {"uv": [15, 6, 16, 7], "texture": "#0"},
				"up": {"uv": [16, 6, 15, 7], "rotation": 180, "texture": "#0"},
				"down": {"uv": [15, 6, 16, 7], "texture": "#0"}
			}
		},
		{
			"name": "sugar_cane_71",
			"from": [11, 8, 10.45],
			"to": [12, 9, 10.45],
			"rotation": {"angle": 22.5, "axis": "y", "origin": [14, 8, 20]},
			"faces": {
				"north": {"uv": [15, 8, 16, 7], "rotation": 180, "texture": "#0"},
				"east": {"uv": [15, 7, 16, 8], "texture": "#0"},
				"south": {"uv": [15, 7, 16, 8], "texture": "#0"},
				"west": {"uv": [15, 7, 16, 8], "texture": "#0"},
				"up": {"uv": [16, 7, 15, 8], "rotation": 180, "texture": "#0"},
				"down": {"uv": [15, 7, 16, 8], "texture": "#0"}
			}
		},
		{
			"name": "sugar_cane_72",
			"from": [8, 7, 10.45],
			"to": [9, 8, 10.45],
			"rotation": {"angle": 22.5, "axis": "y", "origin": [14, 8, 20]},
			"faces": {
				"north": {"uv": [0, 9, 1, 8], "rotation": 180, "texture": "#0"},
				"east": {"uv": [0, 8, 1, 9], "texture": "#0"},
				"south": {"uv": [0, 8, 1, 9], "texture": "#0"},
				"west": {"uv": [0, 8, 1, 9], "texture": "#0"},
				"up": {"uv": [1, 8, 0, 9], "rotation": 180, "texture": "#0"},
				"down": {"uv": [0, 8, 1, 9], "texture": "#0"}
			}
		},
		{
			"name": "sugar_cane_81",
			"from": [8, 6, 10.45],
			"to": [9, 7, 10.45],
			"rotation": {"angle": 22.5, "axis": "y", "origin": [14, 8, 20]},
			"faces": {
				"north": {"uv": [0, 10, 1, 9], "rotation": 180, "texture": "#0"},
				"east": {"uv": [0, 9, 1, 10], "texture": "#0"},
				"south": {"uv": [0, 9, 1, 10], "texture": "#0"},
				"west": {"uv": [0, 9, 1, 10], "texture": "#0"},
				"up": {"uv": [1, 9, 0, 10], "rotation": 180, "texture": "#0"},
				"down": {"uv": [0, 9, 1, 10], "texture": "#0"}
			}
		},
		{
			"name": "sugar_cane_95",
			"from": [10, 5, 11.45],
			"to": [10, 6, 12.45],
			"rotation": {"angle": 22.5, "axis": "y", "origin": [14, 8, 20]},
			"faces": {
				"north": {"uv": [8, 10, 9, 11], "texture": "#0"},
				"east": {"uv": [8, 10, 9, 11], "texture": "#0"},
				"south": {"uv": [8, 10, 9, 11], "texture": "#0"},
				"west": {"uv": [8, 11, 9, 10], "rotation": 180, "texture": "#0"},
				"up": {"uv": [9, 10, 8, 11], "rotation": 90, "texture": "#0"},
				"down": {"uv": [8, 10, 9, 11], "rotation": 90, "texture": "#0"}
			}
		},
		{
			"name": "sugar_cane_104",
			"from": [10, 4, 11.45],
			"to": [10, 5, 12.45],
			"rotation": {"angle": 22.5, "axis": "y", "origin": [14, 8, 20]},
			"faces": {
				"north": {"uv": [8, 11, 9, 12], "texture": "#0"},
				"east": {"uv": [8, 11, 9, 12], "texture": "#0"},
				"south": {"uv": [8, 11, 9, 12], "texture": "#0"},
				"west": {"uv": [8, 12, 9, 11], "rotation": 180, "texture": "#0"},
				"up": {"uv": [9, 11, 8, 12], "rotation": 90, "texture": "#0"},
				"down": {"uv": [8, 11, 9, 12], "rotation": 90, "texture": "#0"}
			}
		},
		{
			"name": "sugar_cane_123",
			"from": [8, 2, 10.45],
			"to": [9, 3, 10.45],
			"rotation": {"angle": 22.5, "axis": "y", "origin": [14, 8, 20]},
			"faces": {
				"north": {"uv": [12, 14, 13, 13], "rotation": 180, "texture": "#0"},
				"east": {"uv": [12, 13, 13, 14], "texture": "#0"},
				"south": {"uv": [12, 13, 13, 14], "texture": "#0"},
				"west": {"uv": [12, 13, 13, 14], "texture": "#0"},
				"up": {"uv": [13, 13, 12, 14], "rotation": 180, "texture": "#0"},
				"down": {"uv": [12, 13, 13, 14], "texture": "#0"}
			}
		},
		{
			"name": "sugar_cane_20",
			"from": [13, 13, 11],
			"to": [14, 14, 11],
			"rotation": {"angle": -45, "axis": "y", "origin": [16, 8, 2]},
			"faces": {
				"north": {"uv": [3, 2, 4, 3], "texture": "#0"},
				"east": {"uv": [3, 2, 4, 3], "texture": "#0"},
				"south": {"uv": [3, 3, 4, 2], "rotation": 180, "texture": "#0"},
				"west": {"uv": [3, 2, 4, 3], "texture": "#0"},
				"up": {"uv": [4, 2, 3, 3], "texture": "#0"},
				"down": {"uv": [3, 2, 4, 3], "rotation": 180, "texture": "#0"}
			}
		},
		{
			"name": "sugar_cane_25",
			"from": [15, 13, 12],
			"to": [15, 14, 13],
			"rotation": {"angle": -45, "axis": "y", "origin": [16, 8, 2]},
			"faces": {
				"north": {"uv": [11, 2, 12, 3], "texture": "#0"},
				"east": {"uv": [11, 3, 12, 2], "rotation": 180, "texture": "#0"},
				"south": {"uv": [11, 2, 12, 3], "texture": "#0"},
				"west": {"uv": [11, 2, 12, 3], "texture": "#0"},
				"up": {"uv": [12, 2, 11, 3], "rotation": 270, "texture": "#0"},
				"down": {"uv": [11, 2, 12, 3], "rotation": 270, "texture": "#0"}
			}
		},
		{
			"name": "sugar_cane_30",
			"from": [13, 12, 11],
			"to": [14, 13, 11],
			"rotation": {"angle": -45, "axis": "y", "origin": [16, 8, 2]},
			"faces": {
				"north": {"uv": [3, 3, 4, 4], "texture": "#0"},
				"east": {"uv": [3, 3, 4, 4], "texture": "#0"},
				"south": {"uv": [3, 4, 4, 3], "rotation": 180, "texture": "#0"},
				"west": {"uv": [3, 3, 4, 4], "texture": "#0"},
				"up": {"uv": [4, 3, 3, 4], "texture": "#0"},
				"down": {"uv": [3, 3, 4, 4], "rotation": 180, "texture": "#0"}
			}
		},
		{
			"name": "sugar_cane_63",
			"from": [13, 6, 11],
			"to": [14, 7, 11],
			"rotation": {"angle": -45, "axis": "y", "origin": [16, 8, 2]},
			"faces": {
				"north": {"uv": [15, 6, 16, 7], "texture": "#0"},
				"east": {"uv": [15, 6, 16, 7], "texture": "#0"},
				"south": {"uv": [15, 7, 16, 6], "rotation": 180, "texture": "#0"},
				"west": {"uv": [15, 6, 16, 7], "texture": "#0"},
				"up": {"uv": [16, 6, 15, 7], "texture": "#0"},
				"down": {"uv": [15, 6, 16, 7], "rotation": 180, "texture": "#0"}
			}
		},
		{
			"name": "sugar_cane_72",
			"from": [13, 5, 11],
			"to": [14, 6, 11],
			"rotation": {"angle": -45, "axis": "y", "origin": [16, 8, 2]},
			"faces": {
				"north": {"uv": [15, 7, 16, 8], "texture": "#0"},
				"east": {"uv": [15, 7, 16, 8], "texture": "#0"},
				"south": {"uv": [15, 8, 16, 7], "rotation": 180, "texture": "#0"},
				"west": {"uv": [15, 7, 16, 8], "texture": "#0"},
				"up": {"uv": [16, 7, 15, 8], "texture": "#0"},
				"down": {"uv": [15, 7, 16, 8], "rotation": 180, "texture": "#0"}
			}
		},
		{
			"name": "sugar_cane_73",
			"from": [16, 7, 11],
			"to": [17, 8, 11],
			"rotation": {"angle": -45, "axis": "y", "origin": [16, 8, 2]},
			"faces": {
				"north": {"uv": [0, 8, 1, 9], "texture": "#0"},
				"east": {"uv": [0, 8, 1, 9], "texture": "#0"},
				"south": {"uv": [0, 9, 1, 8], "rotation": 180, "texture": "#0"},
				"west": {"uv": [0, 8, 1, 9], "texture": "#0"},
				"up": {"uv": [1, 8, 0, 9], "texture": "#0"},
				"down": {"uv": [0, 8, 1, 9], "rotation": 180, "texture": "#0"}
			}
		},
		{
			"name": "sugar_cane_82",
			"from": [16, 6, 11],
			"to": [17, 7, 11],
			"rotation": {"angle": -45, "axis": "y", "origin": [16, 8, 2]},
			"faces": {
				"north": {"uv": [0, 9, 1, 10], "texture": "#0"},
				"east": {"uv": [0, 9, 1, 10], "texture": "#0"},
				"south": {"uv": [0, 10, 1, 9], "rotation": 180, "texture": "#0"},
				"west": {"uv": [0, 9, 1, 10], "texture": "#0"},
				"up": {"uv": [1, 9, 0, 10], "texture": "#0"},
				"down": {"uv": [0, 9, 1, 10], "rotation": 180, "texture": "#0"}
			}
		},
		{
			"name": "sugar_cane_96",
			"from": [15, 5, 9],
			"to": [15, 6, 10],
			"rotation": {"angle": -45, "axis": "y", "origin": [16, 8, 2]},
			"faces": {
				"north": {"uv": [8, 10, 9, 11], "texture": "#0"},
				"east": {"uv": [8, 11, 9, 10], "rotation": 180, "texture": "#0"},
				"south": {"uv": [8, 10, 9, 11], "texture": "#0"},
				"west": {"uv": [8, 10, 9, 11], "texture": "#0"},
				"up": {"uv": [9, 10, 8, 11], "rotation": 270, "texture": "#0"},
				"down": {"uv": [8, 10, 9, 11], "rotation": 270, "texture": "#0"}
			}
		},
		{
			"name": "sugar_cane_105",
			"from": [15, 4, 9],
			"to": [15, 5, 10],
			"rotation": {"angle": -45, "axis": "y", "origin": [16, 8, 2]},
			"faces": {
				"north": {"uv": [8, 11, 9, 12], "texture": "#0"},
				"east": {"uv": [8, 12, 9, 11], "rotation": 180, "texture": "#0"},
				"south": {"uv": [8, 11, 9, 12], "texture": "#0"},
				"west": {"uv": [8, 11, 9, 12], "texture": "#0"},
				"up": {"uv": [9, 11, 8, 12], "rotation": 270, "texture": "#0"},
				"down": {"uv": [8, 11, 9, 12], "rotation": 270, "texture": "#0"}
			}
		},
		{
			"name": "sugar_cane_124",
			"from": [16, 2, 11],
			"to": [17, 3, 11],
			"rotation": {"angle": -45, "axis": "y", "origin": [16, 8, 2]},
			"faces": {
				"north": {"uv": [12, 13, 13, 14], "texture": "#0"},
				"east": {"uv": [12, 13, 13, 14], "texture": "#0"},
				"south": {"uv": [12, 14, 13, 13], "rotation": 180, "texture": "#0"},
				"west": {"uv": [12, 13, 13, 14], "texture": "#0"},
				"up": {"uv": [13, 13, 12, 14], "texture": "#0"},
				"down": {"uv": [12, 13, 13, 14], "rotation": 180, "texture": "#0"}
			}
		},
		{
			"name": "sugar_cane_20",
			"from": [1, 13, 8],
			"to": [2, 14, 8],
			"rotation": {"angle": 0, "axis": "y", "origin": [-3, 8, 1]},
			"faces": {
				"north": {"uv": [3, 2, 4, 3], "texture": "#0"},
				"east": {"uv": [3, 2, 4, 3], "texture": "#0"},
				"south": {"uv": [3, 3, 4, 2], "rotation": 180, "texture": "#0"},
				"west": {"uv": [3, 2, 4, 3], "texture": "#0"},
				"up": {"uv": [4, 2, 3, 3], "texture": "#0"},
				"down": {"uv": [3, 2, 4, 3], "rotation": 180, "texture": "#0"}
			}
		},
		{
			"name": "sugar_cane_25",
			"from": [3, 13, 9],
			"to": [3, 14, 10],
			"rotation": {"angle": 0, "axis": "y", "origin": [-3, 8, 1]},
			"faces": {
				"north": {"uv": [11, 2, 12, 3], "texture": "#0"},
				"east": {"uv": [11, 3, 12, 2], "rotation": 180, "texture": "#0"},
				"south": {"uv": [11, 2, 12, 3], "texture": "#0"},
				"west": {"uv": [11, 2, 12, 3], "texture": "#0"},
				"up": {"uv": [12, 2, 11, 3], "rotation": 270, "texture": "#0"},
				"down": {"uv": [11, 2, 12, 3], "rotation": 270, "texture": "#0"}
			}
		},
		{
			"name": "sugar_cane_30",
			"from": [1, 12, 8],
			"to": [2, 13, 8],
			"rotation": {"angle": 0, "axis": "y", "origin": [-3, 8, 1]},
			"faces": {
				"north": {"uv": [3, 3, 4, 4], "texture": "#0"},
				"east": {"uv": [3, 3, 4, 4], "texture": "#0"},
				"south": {"uv": [3, 4, 4, 3], "rotation": 180, "texture": "#0"},
				"west": {"uv": [3, 3, 4, 4], "texture": "#0"},
				"up": {"uv": [4, 3, 3, 4], "texture": "#0"},
				"down": {"uv": [3, 3, 4, 4], "rotation": 180, "texture": "#0"}
			}
		},
		{
			"name": "sugar_cane_63",
			"from": [1, 9, 8],
			"to": [2, 10, 8],
			"rotation": {"angle": 0, "axis": "y", "origin": [-3, 8, 1]},
			"faces": {
				"north": {"uv": [15, 6, 16, 7], "texture": "#0"},
				"east": {"uv": [15, 6, 16, 7], "texture": "#0"},
				"south": {"uv": [15, 7, 16, 6], "rotation": 180, "texture": "#0"},
				"west": {"uv": [15, 6, 16, 7], "texture": "#0"},
				"up": {"uv": [16, 6, 15, 7], "texture": "#0"},
				"down": {"uv": [15, 6, 16, 7], "rotation": 180, "texture": "#0"}
			}
		},
		{
			"name": "sugar_cane_72",
			"from": [1, 8, 8],
			"to": [2, 9, 8],
			"rotation": {"angle": 0, "axis": "y", "origin": [-3, 8, 1]},
			"faces": {
				"north": {"uv": [15, 7, 16, 8], "texture": "#0"},
				"east": {"uv": [15, 7, 16, 8], "texture": "#0"},
				"south": {"uv": [15, 8, 16, 7], "rotation": 180, "texture": "#0"},
				"west": {"uv": [15, 7, 16, 8], "texture": "#0"},
				"up": {"uv": [16, 7, 15, 8], "texture": "#0"},
				"down": {"uv": [15, 7, 16, 8], "rotation": 180, "texture": "#0"}
			}
		},
		{
			"name": "sugar_cane_73",
			"from": [4, 7, 8],
			"to": [5, 8, 8],
			"rotation": {"angle": 0, "axis": "y", "origin": [-3, 8, 1]},
			"faces": {
				"north": {"uv": [0, 8, 1, 9], "texture": "#0"},
				"east": {"uv": [0, 8, 1, 9], "texture": "#0"},
				"south": {"uv": [0, 9, 1, 8], "rotation": 180, "texture": "#0"},
				"west": {"uv": [0, 8, 1, 9], "texture": "#0"},
				"up": {"uv": [1, 8, 0, 9], "texture": "#0"},
				"down": {"uv": [0, 8, 1, 9], "rotation": 180, "texture": "#0"}
			}
		},
		{
			"name": "sugar_cane_82",
			"from": [4, 6, 8],
			"to": [5, 7, 8],
			"rotation": {"angle": 0, "axis": "y", "origin": [-3, 8, 1]},
			"faces": {
				"north": {"uv": [0, 9, 1, 10], "texture": "#0"},
				"east": {"uv": [0, 9, 1, 10], "texture": "#0"},
				"south": {"uv": [0, 10, 1, 9], "rotation": 180, "texture": "#0"},
				"west": {"uv": [0, 9, 1, 10], "texture": "#0"},
				"up": {"uv": [1, 9, 0, 10], "texture": "#0"},
				"down": {"uv": [0, 9, 1, 10], "rotation": 180, "texture": "#0"}
			}
		},
		{
			"name": "sugar_cane_96",
			"from": [3, 5, 6],
			"to": [3, 6, 7],
			"rotation": {"angle": 0, "axis": "y", "origin": [-3, 8, 1]},
			"faces": {
				"north": {"uv": [8, 10, 9, 11], "texture": "#0"},
				"east": {"uv": [8, 11, 9, 10], "rotation": 180, "texture": "#0"},
				"south": {"uv": [8, 10, 9, 11], "texture": "#0"},
				"west": {"uv": [8, 10, 9, 11], "texture": "#0"},
				"up": {"uv": [9, 10, 8, 11], "rotation": 270, "texture": "#0"},
				"down": {"uv": [8, 10, 9, 11], "rotation": 270, "texture": "#0"}
			}
		},
		{
			"name": "sugar_cane_105",
			"from": [3, 4, 6],
			"to": [3, 5, 7],
			"rotation": {"angle": 0, "axis": "y", "origin": [-3, 8, 1]},
			"faces": {
				"north": {"uv": [8, 11, 9, 12], "texture": "#0"},
				"east": {"uv": [8, 12, 9, 11], "rotation": 180, "texture": "#0"},
				"south": {"uv": [8, 11, 9, 12], "texture": "#0"},
				"west": {"uv": [8, 11, 9, 12], "texture": "#0"},
				"up": {"uv": [9, 11, 8, 12], "rotation": 270, "texture": "#0"},
				"down": {"uv": [8, 11, 9, 12], "rotation": 270, "texture": "#0"}
			}
		},
		{
			"name": "sugar_cane_124",
			"from": [4, 2, 8],
			"to": [5, 3, 8],
			"rotation": {"angle": 0, "axis": "y", "origin": [-3, 8, 1]},
			"faces": {
				"north": {"uv": [12, 13, 13, 14], "texture": "#0"},
				"east": {"uv": [12, 13, 13, 14], "texture": "#0"},
				"south": {"uv": [12, 14, 13, 13], "rotation": 180, "texture": "#0"},
				"west": {"uv": [12, 13, 13, 14], "texture": "#0"},
				"up": {"uv": [13, 13, 12, 14], "texture": "#0"},
				"down": {"uv": [12, 13, 13, 14], "rotation": 180, "texture": "#0"}
			}
		},
		{
			"name": "sugar_cane_21",
			"from": [11, 13, 10],
			"to": [12, 14, 10],
			"rotation": {"angle": 0, "axis": "y", "origin": [7, 8, 3]},
			"faces": {
				"north": {"uv": [3, 2, 4, 3], "texture": "#0"},
				"east": {"uv": [3, 2, 4, 3], "texture": "#0"},
				"south": {"uv": [3, 3, 4, 2], "rotation": 180, "texture": "#0"},
				"west": {"uv": [3, 2, 4, 3], "texture": "#0"},
				"up": {"uv": [4, 2, 3, 3], "texture": "#0"},
				"down": {"uv": [3, 2, 4, 3], "rotation": 180, "texture": "#0"}
			}
		},
		{
			"name": "sugar_cane_26",
			"from": [13, 13, 11],
			"to": [13, 14, 12],
			"rotation": {"angle": 0, "axis": "y", "origin": [7, 8, 3]},
			"faces": {
				"north": {"uv": [11, 2, 12, 3], "texture": "#0"},
				"east": {"uv": [11, 3, 12, 2], "rotation": 180, "texture": "#0"},
				"south": {"uv": [11, 2, 12, 3], "texture": "#0"},
				"west": {"uv": [11, 2, 12, 3], "texture": "#0"},
				"up": {"uv": [12, 2, 11, 3], "rotation": 270, "texture": "#0"},
				"down": {"uv": [11, 2, 12, 3], "rotation": 270, "texture": "#0"}
			}
		},
		{
			"name": "sugar_cane_31",
			"from": [11, 12, 10],
			"to": [12, 13, 10],
			"rotation": {"angle": 0, "axis": "y", "origin": [7, 8, 3]},
			"faces": {
				"north": {"uv": [3, 3, 4, 4], "texture": "#0"},
				"east": {"uv": [3, 3, 4, 4], "texture": "#0"},
				"south": {"uv": [3, 4, 4, 3], "rotation": 180, "texture": "#0"},
				"west": {"uv": [3, 3, 4, 4], "texture": "#0"},
				"up": {"uv": [4, 3, 3, 4], "texture": "#0"},
				"down": {"uv": [3, 3, 4, 4], "rotation": 180, "texture": "#0"}
			}
		},
		{
			"name": "sugar_cane_64",
			"from": [11, 9, 10],
			"to": [12, 10, 10],
			"rotation": {"angle": 0, "axis": "y", "origin": [7, 8, 3]},
			"faces": {
				"north": {"uv": [15, 6, 16, 7], "texture": "#0"},
				"east": {"uv": [15, 6, 16, 7], "texture": "#0"},
				"south": {"uv": [15, 7, 16, 6], "rotation": 180, "texture": "#0"},
				"west": {"uv": [15, 6, 16, 7], "texture": "#0"},
				"up": {"uv": [16, 6, 15, 7], "texture": "#0"},
				"down": {"uv": [15, 6, 16, 7], "rotation": 180, "texture": "#0"}
			}
		},
		{
			"name": "sugar_cane_73",
			"from": [11, 8, 10],
			"to": [12, 9, 10],
			"rotation": {"angle": 0, "axis": "y", "origin": [7, 8, 3]},
			"faces": {
				"north": {"uv": [15, 7, 16, 8], "texture": "#0"},
				"east": {"uv": [15, 7, 16, 8], "texture": "#0"},
				"south": {"uv": [15, 8, 16, 7], "rotation": 180, "texture": "#0"},
				"west": {"uv": [15, 7, 16, 8], "texture": "#0"},
				"up": {"uv": [16, 7, 15, 8], "texture": "#0"},
				"down": {"uv": [15, 7, 16, 8], "rotation": 180, "texture": "#0"}
			}
		},
		{
			"name": "sugar_cane_74",
			"from": [14, 7, 10],
			"to": [15, 8, 10],
			"rotation": {"angle": 0, "axis": "y", "origin": [7, 8, 3]},
			"faces": {
				"north": {"uv": [0, 8, 1, 9], "texture": "#0"},
				"east": {"uv": [0, 8, 1, 9], "texture": "#0"},
				"south": {"uv": [0, 9, 1, 8], "rotation": 180, "texture": "#0"},
				"west": {"uv": [0, 8, 1, 9], "texture": "#0"},
				"up": {"uv": [1, 8, 0, 9], "texture": "#0"},
				"down": {"uv": [0, 8, 1, 9], "rotation": 180, "texture": "#0"}
			}
		},
		{
			"name": "sugar_cane_83",
			"from": [14, 6, 10],
			"to": [15, 7, 10],
			"rotation": {"angle": 0, "axis": "y", "origin": [7, 8, 3]},
			"faces": {
				"north": {"uv": [0, 9, 1, 10], "texture": "#0"},
				"east": {"uv": [0, 9, 1, 10], "texture": "#0"},
				"south": {"uv": [0, 10, 1, 9], "rotation": 180, "texture": "#0"},
				"west": {"uv": [0, 9, 1, 10], "texture": "#0"},
				"up": {"uv": [1, 9, 0, 10], "texture": "#0"},
				"down": {"uv": [0, 9, 1, 10], "rotation": 180, "texture": "#0"}
			}
		},
		{
			"name": "sugar_cane_97",
			"from": [13, 5, 8],
			"to": [13, 6, 9],
			"rotation": {"angle": 0, "axis": "y", "origin": [7, 8, 3]},
			"faces": {
				"north": {"uv": [8, 10, 9, 11], "texture": "#0"},
				"east": {"uv": [8, 11, 9, 10], "rotation": 180, "texture": "#0"},
				"south": {"uv": [8, 10, 9, 11], "texture": "#0"},
				"west": {"uv": [8, 10, 9, 11], "texture": "#0"},
				"up": {"uv": [9, 10, 8, 11], "rotation": 270, "texture": "#0"},
				"down": {"uv": [8, 10, 9, 11], "rotation": 270, "texture": "#0"}
			}
		},
		{
			"name": "sugar_cane_106",
			"from": [13, 4, 8],
			"to": [13, 5, 9],
			"rotation": {"angle": 0, "axis": "y", "origin": [7, 8, 3]},
			"faces": {
				"north": {"uv": [8, 11, 9, 12], "texture": "#0"},
				"east": {"uv": [8, 12, 9, 11], "rotation": 180, "texture": "#0"},
				"south": {"uv": [8, 11, 9, 12], "texture": "#0"},
				"west": {"uv": [8, 11, 9, 12], "texture": "#0"},
				"up": {"uv": [9, 11, 8, 12], "rotation": 270, "texture": "#0"},
				"down": {"uv": [8, 11, 9, 12], "rotation": 270, "texture": "#0"}
			}
		},
		{
			"name": "sugar_cane_125",
			"from": [14, 2, 10],
			"to": [15, 3, 10],
			"rotation": {"angle": 0, "axis": "y", "origin": [7, 8, 3]},
			"faces": {
				"north": {"uv": [12, 13, 13, 14], "texture": "#0"},
				"east": {"uv": [12, 13, 13, 14], "texture": "#0"},
				"south": {"uv": [12, 14, 13, 13], "rotation": 180, "texture": "#0"},
				"west": {"uv": [12, 13, 13, 14], "texture": "#0"},
				"up": {"uv": [13, 13, 12, 14], "texture": "#0"},
				"down": {"uv": [12, 13, 13, 14], "rotation": 180, "texture": "#0"}
			}
		},
		{
			"name": "sugar_cane_137",
			"from": [12, 0, 9],
			"to": [14, 16, 11],
			"rotation": {"angle": 0, "axis": "y", "origin": [7, 8, 3]},
			"faces": {
				"north": {"uv": [1, 16, 3, 0], "rotation": 180, "texture": "#0"},
				"east": {"uv": [1, 16, 3, 0], "rotation": 180, "texture": "#0"},
				"south": {"uv": [1, 16, 3, 0], "rotation": 180, "texture": "#0"},
				"west": {"uv": [1, 16, 3, 0], "rotation": 180, "texture": "#0"},
				"up": {"uv": [1, 0, 3, 2], "rotation": 180, "texture": "#0"},
				"down": {"uv": [1, 14, 3, 16], "rotation": 180, "texture": "#0"}
			}
		},
		{
			"name": "sugar_cane_138",
			"from": [2, 0, 7],
			"to": [4, 16, 9],
			"rotation": {"angle": 0, "axis": "y", "origin": [7, 8, 3]},
			"faces": {
				"north": {"uv": [1, 16, 3, 0], "rotation": 180, "texture": "#0"},
				"east": {"uv": [1, 16, 3, 0], "rotation": 180, "texture": "#0"},
				"south": {"uv": [1, 16, 3, 0], "rotation": 180, "texture": "#0"},
				"west": {"uv": [1, 16, 3, 0], "rotation": 180, "texture": "#0"},
				"up": {"uv": [1, 0, 3, 2], "rotation": 180, "texture": "#0"},
				"down": {"uv": [1, 14, 3, 16], "rotation": 180, "texture": "#0"}
			}
		},
		{
			"name": "sugar_cane_138",
			"from": [5.25, 0, 12.25],
			"to": [7.25, 16, 14.25],
			"rotation": {"angle": 22.5, "axis": "y", "origin": [5, 8, 12]},
			"faces": {
				"north": {"uv": [1, 16, 3, 0], "rotation": 180, "texture": "#0"},
				"east": {"uv": [1, 16, 3, 0], "rotation": 180, "texture": "#0"},
				"south": {"uv": [1, 16, 3, 0], "rotation": 180, "texture": "#0"},
				"west": {"uv": [1, 16, 3, 0], "rotation": 180, "texture": "#0"},
				"up": {"uv": [1, 0, 3, 2], "rotation": 180, "texture": "#0"},
				"down": {"uv": [1, 14, 3, 16], "rotation": 180, "texture": "#0"}
			}
		},
		{
			"name": "sugar_cane_139",
			"from": [8.5, 0, 3.5],
			"to": [10.5, 16, 5.5],
			"rotation": {"angle": 22.5, "axis": "y", "origin": [5, 8, 12]},
			"faces": {
				"north": {"uv": [1, 16, 3, 0], "rotation": 180, "texture": "#0"},
				"east": {"uv": [1, 16, 3, 0], "rotation": 180, "texture": "#0"},
				"south": {"uv": [1, 16, 3, 0], "rotation": 180, "texture": "#0"},
				"west": {"uv": [1, 16, 3, 0], "rotation": 180, "texture": "#0"},
				"up": {"uv": [1, 0, 3, 2], "rotation": 180, "texture": "#0"},
				"down": {"uv": [1, 14, 3, 16], "rotation": 180, "texture": "#0"}
			}
		},
		{
			"name": "sugar_cane_140",
			"from": [14.4, 0, 5.85],
			"to": [16.4, 16, 7.85],
			"rotation": {"angle": 22.5, "axis": "y", "origin": [5, 8, 12]},
			"faces": {
				"north": {"uv": [1, 16, 3, 0], "rotation": 180, "texture": "#0"},
				"east": {"uv": [1, 16, 3, 0], "rotation": 180, "texture": "#0"},
				"south": {"uv": [1, 16, 3, 0], "rotation": 180, "texture": "#0"},
				"west": {"uv": [1, 16, 3, 0], "rotation": 180, "texture": "#0"},
				"up": {"uv": [1, 0, 3, 2], "rotation": 180, "texture": "#0"},
				"down": {"uv": [1, 14, 3, 16], "rotation": 180, "texture": "#0"}
			}
		},
		{
			"name": "sugar_cane_139",
			"from": [7.72187, 0, 5.81756],
			"to": [9.72187, 16, 7.81756],
			"rotation": {"angle": 45, "axis": "y", "origin": [9.72187, 8, 7.06756]},
			"faces": {
				"north": {"uv": [1, 16, 3, 0], "rotation": 180, "texture": "#0"},
				"east": {"uv": [1, 16, 3, 0], "rotation": 180, "texture": "#0"},
				"south": {"uv": [1, 16, 3, 0], "rotation": 180, "texture": "#0"},
				"west": {"uv": [1, 16, 3, 0], "rotation": 180, "texture": "#0"},
				"up": {"uv": [1, 0, 3, 2], "rotation": 180, "texture": "#0"},
				"down": {"uv": [1, 14, 3, 16], "rotation": 180, "texture": "#0"}
			}
		}
	],
	"groups": [
		{
			"name": "group",
			"origin": [8, 8, 8],
			"children": [
				{
					"name": "sugar_cane",
					"origin": [8, 8, 8],
					"children": [0, 1, 2, 3, 4, 5, 6, 7, 8, 9]
				},
				{
					"name": "sugar_cane",
					"origin": [8, 8, 8],
					"children": [10, 11, 12, 13, 14, 15, 16, 17, 18, 19]
				},
				{
					"name": "sugar_cane",
					"origin": [8, 8, 8],
					"children": [20, 21, 22, 23, 24, 25, 26, 27, 28, 29]
				},
				{
					"name": "sugar_cane",
					"origin": [8, 8, 8],
					"children": [30, 31, 32, 33, 34, 35, 36, 37, 38, 39]
				},
				{
					"name": "sugar_cane",
					"origin": [8, 8, 8],
					"children": [40, 41, 42, 43, 44, 45, 46, 47, 48, 49]
				},
				{
					"name": "sugar_cane",
					"origin": [8, 8, 8],
					"children": [50, 51, 52, 53, 54, 55, 56, 57, 58, 59, 60, 61, 62, 63, 64, 65]
				}
			]
		}
	]
}