{
	"credit": "Made with Blockbench",
	"textures": {
		"0": "block/torch",
		"1": "block/torch_fire",
		"particle": "block/torch"
	},
	"elements": [
		{
			"from": [7, 0, 7],
			"to": [9, 10, 9],
			"rotation": {"angle": 0, "axis": "y", "origin": [8, 8, 12]},
			"faces": {
				"north": {"uv": [7, 6, 9, 16], "texture": "#0"},
				"east": {"uv": [7, 6, 9, 16], "texture": "#0"},
				"south": {"uv": [7, 6, 9, 16], "texture": "#0"},
				"west": {"uv": [7, 6, 9, 16], "texture": "#0"},
				"up": {"uv": [7, 14, 9, 16], "texture": "#0"},
				"down": {"uv": [1, 13, 3, 15], "texture": "#0"}
			}
		},
		{
			"from": [7, 10, 7],
			"to": [8, 11, 9],
			"rotation": {"angle": 0, "axis": "y", "origin": [8, 10, 12]},
			"faces": {
				"north": {"uv": [1, 5, 2, 6], "texture": "#1"},
				"east": {"uv": [0, 5, 2, 6], "texture": "#1"},
				"south": {"uv": [0, 5, 1, 6], "texture": "#1"},
				"west": {"uv": [0, 5, 2, 6], "texture": "#1"},
				"up": {"uv": [0, 5, 2, 6], "rotation": 270, "texture": "#1"},
				"down": {"uv": [0, 5, 2, 6], "rotation": 270, "texture": "#1"}
			}
		},
		{
			"from": [8, 10, 7],
			"to": [9, 11, 9],
			"rotation": {"angle": 0, "axis": "y", "origin": [8, 10, 4]},
			"faces": {
				"north": {"uv": [1, 5, 0, 6], "texture": "#1"},
				"east": {"uv": [2, 5, 0, 6], "texture": "#1"},
				"south": {"uv": [2, 5, 1, 6], "texture": "#1"},
				"west": {"uv": [2, 5, 0, 6], "texture": "#1"},
				"up": {"uv": [2, 5, 0, 6], "rotation": 270, "texture": "#1"},
				"down": {"uv": [2, 5, 0, 6], "rotation": 270, "texture": "#1"}
			}
		},
		{
			"from": [9, 9, 6.5],
			"to": [9.5, 10, 9.5],
			"rotation": {"angle": 0, "axis": "y", "origin": [8, 10, 12]},
			"faces": {
				"north": {"uv": [8, 6, 9, 7], "texture": "#0"},
				"east": {"uv": [6, 6, 9, 7], "texture": "#0"},
				"south": {"uv": [8, 6, 9, 7], "texture": "#0"},
				"west": {"uv": [6, 14, 10, 15], "texture": "#0"},
				"up": {"uv": [6, 6, 9, 6.5], "rotation": 90, "texture": "#0"},
				"down": {"uv": [6, 6, 9, 6.5], "rotation": 270, "texture": "#0"}
			}
		},
		{
			"from": [7, 9, 6.5],
			"to": [9, 10, 7],
			"rotation": {"angle": 0, "axis": "y", "origin": [8, 10, 12]},
			"faces": {
				"north": {"uv": [6.5, 6, 8.5, 7], "rotation": 180, "texture": "#0"},
				"east": {"uv": [6, 14, 7, 15], "texture": "#0"},
				"south": {"uv": [7, 14, 9, 15], "texture": "#0"},
				"west": {"uv": [9, 14, 10, 15], "texture": "#0"},
				"up": {"uv": [6.5, 6, 8.5, 7], "texture": "#0"},
				"down": {"uv": [6.5, 6, 8.5, 7], "texture": "#0"}
			}
		},
		{
			"from": [7, 9, 9],
			"to": [9, 10, 9.5],
			"rotation": {"angle": 0, "axis": "y", "origin": [8, 10, 12]},
			"faces": {
				"north": {"uv": [7, 14, 9, 15], "rotation": 180, "texture": "#0"},
				"east": {"uv": [6, 14, 7, 15], "texture": "#0"},
				"south": {"uv": [6.5, 6, 8.5, 7], "texture": "#0"},
				"west": {"uv": [9, 14, 10, 15], "texture": "#0"},
				"up": {"uv": [6.5, 6, 8.5, 7], "texture": "#0"},
				"down": {"uv": [6.5, 6, 8.5, 7], "texture": "#0"}
			}
		},
		{
			"from": [6.5, 9, 6.5],
			"to": [7, 10, 9.5],
			"rotation": {"angle": 0, "axis": "y", "origin": [8, 10, 12]},
			"faces": {
				"north": {"uv": [6, 6, 7, 7], "texture": "#0"},
				"east": {"uv": [6, 14, 10, 15], "texture": "#0"},
				"south": {"uv": [9, 6, 9.5, 7], "texture": "#0"},
				"west": {"uv": [6, 6, 9, 7], "texture": "#0"},
				"up": {"uv": [6, 6, 9, 6.5], "rotation": 90, "texture": "#0"},
				"down": {"uv": [6, 6, 9, 6.5], "rotation": 270, "texture": "#0"}
			}
		},
		{
			"from": [6.5, 10, 6.5],
			"to": [7.5, 12, 7.5],
			"rotation": {"angle": 0, "axis": "y", "origin": [8, 10, 8]},
			"faces": {
				"north": {"uv": [9, 4, 10, 6], "texture": "#0"},
				"east": {"uv": [9, 4, 10, 6], "texture": "#0"},
				"south": {"uv": [9, 4, 10, 6], "texture": "#0"},
				"west": {"uv": [9, 4, 10, 6], "texture": "#0"},
				"up": {"uv": [9, 4, 10, 5], "texture": "#0"},
				"down": {"uv": [9, 7, 10, 8], "texture": "#0"}
			}
		},
		{
			"name": "cube2",
			"from": [8.5, 10, 8.5],
			"to": [9.5, 12, 9.5],
			"rotation": {"angle": 0, "axis": "y", "origin": [8, 10, 7.5]},
			"faces": {
				"north": {"uv": [9, 4, 10, 6], "texture": "#0"},
				"east": {"uv": [9, 4, 10, 6], "texture": "#0"},
				"south": {"uv": [9, 4, 10, 6], "texture": "#0"},
				"west": {"uv": [9, 4, 10, 6], "texture": "#0"},
				"up": {"uv": [9, 4, 10, 5], "texture": "#0"},
				"down": {"uv": [9, 7, 10, 8], "texture": "#0"}
			}
		},
		{
			"name": "cube3",
			"from": [8.5, 10, 6.5],
			"to": [9.5, 12, 7.5],
			"rotation": {"angle": 0, "axis": "y", "origin": [8, 10, 8]},
			"faces": {
				"north": {"uv": [6, 4, 7, 6], "texture": "#0"},
				"east": {"uv": [6, 4, 7, 6], "texture": "#0"},
				"south": {"uv": [6, 4, 7, 6], "texture": "#0"},
				"west": {"uv": [6, 4, 7, 6], "texture": "#0"},
				"up": {"uv": [6, 4, 7, 5], "texture": "#0"},
				"down": {"uv": [9, 7, 10, 8], "texture": "#0"}
			}
		},
		{
			"name": "cube4",
			"from": [6.5, 10, 8.5],
			"to": [7.5, 12, 9.5],
			"rotation": {"angle": 0, "axis": "y", "origin": [8, 10, 7.5]},
			"faces": {
				"north": {"uv": [6, 4, 7, 6], "texture": "#0"},
				"east": {"uv": [6, 4, 7, 6], "texture": "#0"},
				"south": {"uv": [6, 4, 7, 6], "texture": "#0"},
				"west": {"uv": [6, 4, 7, 6], "texture": "#0"},
				"up": {"uv": [6, 4, 7, 5], "texture": "#0"},
				"down": {"uv": [9, 7, 10, 8], "texture": "#0"}
			}
		},
		{
			"from": [8, 10, 6.5],
			"to": [8, 14, 9.5],
			"rotation": {"angle": 0, "axis": "y", "origin": [8, 10, 7.5]},
			"faces": {
				"north": {"uv": [0, 0, 0, 4], "texture": "#missing"},
				"east": {"uv": [0, 0, 3, 4], "texture": "#1"},
				"south": {"uv": [0, 0, 0, 4], "texture": "#missing"},
				"west": {"uv": [0, 0, 3, 4], "texture": "#1"},
				"up": {"uv": [0, 0, 0, 3], "texture": "#missing"},
				"down": {"uv": [0, 0, 0, 3], "texture": "#missing"}
			}
		},
		{
			"from": [6.5, 10, 8],
			"to": [9.5, 14, 8],
			"rotation": {"angle": 0, "axis": "y", "origin": [8, 10, 7.5]},
			"faces": {
				"north": {"uv": [0, 0, 3, 4], "texture": "#1"},
				"east": {"uv": [0, 0, 0, 4], "texture": "#missing"},
				"south": {"uv": [0, 0, 3, 4], "texture": "#1"},
				"west": {"uv": [0, 0, 0, 4], "texture": "#missing"},
				"up": {"uv": [0, 0, 0, 3], "rotation": 90, "texture": "#missing"},
				"down": {"uv": [0, 0, 0, 3], "rotation": 270, "texture": "#missing"}
			}
		}
	],
	"display": {
		"thirdperson_righthand": {
			"translation": [0, 3, 1.75]
		},
		"thirdperson_lefthand": {
			"translation": [0, 3, 2]
		},
		"firstperson_righthand": {
			"rotation": [-4, 3, 0],
			"translation": [0, 2.25, 0]
		},
		"firstperson_lefthand": {
			"rotation": [-4, 3, 0],
			"translation": [0, 2.25, 0]
		},
		"ground": {
			"translation": [0, 2.25, 0],
			"scale": [0.5, 0.5, 0.5]
		},
		"gui": {
			"rotation": [0, 90, 0],
			"translation": [0, 1, 0]
		},
		"head": {
			"translation": [0, 14.25, 0]
		},
		"fixed": {
			"rotation": [0, 180, 0],
			"translation": [0, 2.25, -1.25]
		}
	}
}