{
	"credit": "Made with Blockbench",
	"textures": {
		"0": "block/torch",
		"1": "block/torch_fire",
		"particle": "block/torch"
	},
	"elements": [
		{
			"from": [1.48908, 12.93991, 8],
			"to": [4.48908, 16.93991, 8],
			"rotation": {"angle": 0, "axis": "z", "origin": [3.02303, 12.50001, 8]},
			"faces": {
				"north": {"uv": [3, 0, 0, 4], "texture": "#1"},
				"east": {"uv": [0, 0, 0, 4], "texture": "#missing"},
				"south": {"uv": [3, 0, 0, 4], "texture": "#1"},
				"west": {"uv": [0, 0, 0, 4], "texture": "#missing"},
				"up": {"uv": [0, 3, 0, 0], "rotation": 90, "texture": "#missing"},
				"down": {"uv": [0, 3, 0, 0], "rotation": 270, "texture": "#missing"}
			}
		},
		{
			"from": [1.98908, 2.93991, 7],
			"to": [3.98908, 12.93991, 9],
			"rotation": {"angle": 0, "axis": "z", "origin": [3.02303, 12.50001, 8]},
			"faces": {
				"north": {"uv": [9, 6, 7, 16], "texture": "#0"},
				"east": {"uv": [9, 6, 7, 16], "texture": "#0"},
				"south": {"uv": [9, 6, 7, 16], "texture": "#0"},
				"west": {"uv": [9, 6, 7, 16], "texture": "#0"},
				"up": {"uv": [9, 14, 7, 16], "texture": "#0"},
				"down": {"uv": [3, 13, 1, 15], "texture": "#0"}
			}
		},
		{
			"from": [2.98908, 12.93991, 7],
			"to": [3.98908, 13.93991, 9],
			"rotation": {"angle": 0, "axis": "z", "origin": [3.02303, 12.50001, 8]},
			"faces": {
				"north": {"uv": [2, 5, 1, 6], "texture": "#1"},
				"east": {"uv": [2, 5, 0, 6], "texture": "#1"},
				"south": {"uv": [1, 5, 0, 6], "texture": "#1"},
				"west": {"uv": [2, 5, 0, 6], "texture": "#1"},
				"up": {"uv": [0, 6, 2, 5], "rotation": 270, "texture": "#1"},
				"down": {"uv": [0, 6, 2, 5], "rotation": 270, "texture": "#1"}
			}
		},
		{
			"from": [1.98908, 12.93991, 7],
			"to": [2.98908, 13.93991, 9],
			"rotation": {"angle": 0, "axis": "z", "origin": [3.02303, 12.50001, 8]},
			"faces": {
				"north": {"uv": [0, 5, 1, 6], "texture": "#1"},
				"east": {"uv": [0, 5, 2, 6], "texture": "#1"},
				"south": {"uv": [1, 5, 2, 6], "texture": "#1"},
				"west": {"uv": [0, 5, 2, 6], "texture": "#1"},
				"up": {"uv": [2, 6, 0, 5], "rotation": 270, "texture": "#1"},
				"down": {"uv": [2, 6, 0, 5], "rotation": 270, "texture": "#1"}
			}
		},
		{
			"from": [1.48908, 11.93991, 6.5],
			"to": [1.98908, 12.93991, 9.5],
			"rotation": {"angle": 0, "axis": "z", "origin": [3.02303, 12.50001, 8]},
			"faces": {
				"north": {"uv": [9, 6, 8, 7], "texture": "#0"},
				"east": {"uv": [10, 14, 6, 15], "texture": "#0"},
				"south": {"uv": [9, 6, 8, 7], "texture": "#0"},
				"west": {"uv": [9, 6, 6, 7], "texture": "#0"},
				"up": {"uv": [6, 6.5, 9, 6], "rotation": 90, "texture": "#0"},
				"down": {"uv": [6, 6.5, 9, 6], "rotation": 270, "texture": "#0"}
			}
		},
		{
			"from": [1.98908, 11.93991, 6.5],
			"to": [3.98908, 12.93991, 7],
			"rotation": {"angle": 0, "axis": "z", "origin": [3.02303, 12.50001, 8]},
			"faces": {
				"north": {"uv": [8.5, 6, 6.5, 7], "rotation": 180, "texture": "#0"},
				"east": {"uv": [10, 14, 9, 15], "texture": "#0"},
				"south": {"uv": [9, 14, 7, 15], "texture": "#0"},
				"west": {"uv": [7, 14, 6, 15], "texture": "#0"},
				"up": {"uv": [8.5, 6, 6.5, 7], "texture": "#0"},
				"down": {"uv": [8.5, 6, 6.5, 7], "texture": "#0"}
			}
		},
		{
			"from": [1.98908, 11.93991, 9],
			"to": [3.98908, 12.93991, 9.5],
			"rotation": {"angle": 0, "axis": "z", "origin": [3.02303, 12.50001, 8]},
			"faces": {
				"north": {"uv": [9, 14, 7, 15], "rotation": 180, "texture": "#0"},
				"east": {"uv": [10, 14, 9, 15], "texture": "#0"},
				"south": {"uv": [8.5, 6, 6.5, 7], "texture": "#0"},
				"west": {"uv": [7, 14, 6, 15], "texture": "#0"},
				"up": {"uv": [8.5, 6, 6.5, 7], "texture": "#0"},
				"down": {"uv": [8.5, 6, 6.5, 7], "texture": "#0"}
			}
		},
		{
			"from": [3.98908, 11.93991, 6.5],
			"to": [4.48908, 12.93991, 9.5],
			"rotation": {"angle": 0, "axis": "z", "origin": [3.02303, 12.50001, 8]},
			"faces": {
				"north": {"uv": [7, 6, 6, 7], "texture": "#0"},
				"east": {"uv": [9, 6, 6, 7], "texture": "#0"},
				"south": {"uv": [9.5, 6, 9, 7], "texture": "#0"},
				"west": {"uv": [10, 14, 6, 15], "texture": "#0"},
				"up": {"uv": [6, 6.5, 9, 6], "rotation": 90, "texture": "#0"},
				"down": {"uv": [6, 6.5, 9, 6], "rotation": 270, "texture": "#0"}
			}
		},
		{
			"from": [3.48908, 12.93991, 6.5],
			"to": [4.48908, 14.93991, 7.5],
			"rotation": {"angle": 0, "axis": "z", "origin": [3.02303, 12.50001, 8]},
			"faces": {
				"north": {"uv": [10, 4, 9, 6], "texture": "#0"},
				"east": {"uv": [10, 4, 9, 6], "texture": "#0"},
				"south": {"uv": [10, 4, 9, 6], "texture": "#0"},
				"west": {"uv": [10, 4, 9, 6], "texture": "#0"},
				"up": {"uv": [10, 4, 9, 5], "texture": "#0"},
				"down": {"uv": [10, 7, 9, 8], "texture": "#0"}
			}
		},
		{
			"name": "cube2",
			"from": [1.48908, 12.93991, 8.5],
			"to": [2.48908, 14.93991, 9.5],
			"rotation": {"angle": 0, "axis": "z", "origin": [3.02303, 12.50001, 8]},
			"faces": {
				"north": {"uv": [10, 4, 9, 6], "texture": "#0"},
				"east": {"uv": [10, 4, 9, 6], "texture": "#0"},
				"south": {"uv": [10, 4, 9, 6], "texture": "#0"},
				"west": {"uv": [10, 4, 9, 6], "texture": "#0"},
				"up": {"uv": [10, 4, 9, 5], "texture": "#0"},
				"down": {"uv": [10, 7, 9, 8], "texture": "#0"}
			}
		},
		{
			"name": "cube3",
			"from": [1.48908, 12.93991, 6.5],
			"to": [2.48908, 14.93991, 7.5],
			"rotation": {"angle": 0, "axis": "z", "origin": [3.02303, 12.50001, 8]},
			"faces": {
				"north": {"uv": [7, 4, 6, 6], "texture": "#0"},
				"east": {"uv": [7, 4, 6, 6], "texture": "#0"},
				"south": {"uv": [7, 4, 6, 6], "texture": "#0"},
				"west": {"uv": [7, 4, 6, 6], "texture": "#0"},
				"up": {"uv": [7, 4, 6, 5], "texture": "#0"},
				"down": {"uv": [10, 7, 9, 8], "texture": "#0"}
			}
		},
		{
			"name": "cube4",
			"from": [3.48908, 12.93991, 8.5],
			"to": [4.48908, 14.93991, 9.5],
			"rotation": {"angle": 0, "axis": "z", "origin": [3.02303, 12.50001, 8]},
			"faces": {
				"north": {"uv": [7, 4, 6, 6], "texture": "#0"},
				"east": {"uv": [7, 4, 6, 6], "texture": "#0"},
				"south": {"uv": [7, 4, 6, 6], "texture": "#0"},
				"west": {"uv": [7, 4, 6, 6], "texture": "#0"},
				"up": {"uv": [7, 4, 6, 5], "texture": "#0"},
				"down": {"uv": [10, 7, 9, 8], "texture": "#0"}
			}
		},
		{
			"from": [2.98908, 12.93991, 6.5],
			"to": [2.98908, 16.93991, 9.5],
			"rotation": {"angle": 0, "axis": "z", "origin": [3.02303, 12.50001, 8]},
			"faces": {
				"north": {"uv": [0, 0, 0, 4], "texture": "#missing"},
				"east": {"uv": [3, 0, 0, 4], "texture": "#1"},
				"south": {"uv": [0, 0, 0, 4], "texture": "#missing"},
				"west": {"uv": [3, 0, 0, 4], "texture": "#1"},
				"up": {"uv": [0, 0, 0, 3], "texture": "#missing"},
				"down": {"uv": [0, 0, 0, 3], "texture": "#missing"}
			}
		},
		{
			"from": [0, 8, 6],
			"to": [5, 9, 10],
			"rotation": {"angle": 0, "axis": "y", "origin": [8, 8, 7]},
			"faces": {
				"north": {"uv": [5, 12, 0, 13], "texture": "#0"},
				"east": {"uv": [0, 12, 4, 13], "texture": "#0"},
				"south": {"uv": [5, 15, 0, 16], "texture": "#0"},
				"west": {"uv": [0, 12, 1, 13], "texture": "#0"},
				"up": {"uv": [0, 12, 5, 16], "texture": "#0"},
				"down": {"uv": [0, 12, 5, 16], "texture": "#0"}
			}
		}
	],
	"display": {
		"thirdperson_righthand": {
			"translation": [0, 3, 1.75]
		},
		"thirdperson_lefthand": {
			"translation": [0, 3, 2]
		},
		"firstperson_righthand": {
			"rotation": [-4, 3, 0],
			"translation": [0, 2.25, 0]
		},
		"firstperson_lefthand": {
			"rotation": [-4, 3, 0],
			"translation": [0, 2.25, 0]
		},
		"ground": {
			"translation": [0, 2.25, 0],
			"scale": [0.5, 0.5, 0.5]
		},
		"gui": {
			"rotation": [0, 90, 0],
			"translation": [0, 1, 0]
		},
		"head": {
			"translation": [0, 14.25, 0]
		},
		"fixed": {
			"rotation": [0, 180, 0],
			"translation": [0, 2.25, -1.25]
		}
	},
	"groups": [
		{
			"name": "group",
			"origin": [8, 10, 7.5],
			"children": [0, 1, 2, 3, 4, 5, 6, 7, 8, 9, 10, 11, 12]
		}, 13]
}