{
	"credit": "Made with Blockbench",
	"textures": {
		"6": "item/Bow_Crossbow/string1",
		"7": "item/Bow_Crossbow/string3",
		"8": "item/Bow_Crossbow/Bow",
		"9": "item/Bow_Crossbow/string"
	},
    "overrides": [
        {
            "predicate": {
                "pulling": 1
            },
            "model": "item/bow_pulling_0"
        },
        {
            "predicate": {
                "pulling": 1,
                "pull": 0.65
            },
            "model": "item/bow_pulling_1"
        },
        {
            "predicate": {
                "pulling": 1,
                "pull": 0.9
            },
            "model": "item/bow_pulling_2"
        }
    ],
	"elements": [
		{
			"name": "string_0",
			"from": [15, 0.25, 2],
			"to": [16, 0.75, 3],
			"rotation": {"angle": -45, "axis": "y", "origin": [8, 8, 8]},
			"faces": {
				"north": {"uv": [14, 1, 13, 2], "texture": "#9"},
				"east": {"uv": [13, 1, 14, 2], "rotation": 90, "texture": "#9"},
				"south": {"uv": [13, 1, 14, 2], "texture": "#9"},
				"west": {"uv": [13, 1, 14, 2], "rotation": 270, "texture": "#9"},
				"up": {"uv": [13, 1, 14, 2], "texture": "#9"},
				"down": {"uv": [13, 2, 14, 1], "texture": "#9"}
			}
		},
		{
			"name": "string_1",
			"from": [14, 0.25, 3],
			"to": [15, 0.75, 4],
			"rotation": {"angle": -45, "axis": "y", "origin": [8, 8, 8]},
			"faces": {
				"north": {"uv": [13, 2, 12, 3], "texture": "#9"},
				"east": {"uv": [12, 2, 13, 3], "rotation": 90, "texture": "#9"},
				"south": {"uv": [12, 2, 13, 3], "texture": "#9"},
				"west": {"uv": [12, 2, 13, 3], "rotation": 270, "texture": "#9"},
				"up": {"uv": [12, 2, 13, 3], "texture": "#9"},
				"down": {"uv": [12, 3, 13, 2], "texture": "#9"}
			}
		},
		{
			"name": "string_2",
			"from": [13, 0.25, 4],
			"to": [14, 0.75, 5],
			"rotation": {"angle": -45, "axis": "y", "origin": [8, 8, 8]},
			"faces": {
				"north": {"uv": [12, 3, 11, 4], "texture": "#9"},
				"east": {"uv": [11, 3, 12, 4], "rotation": 90, "texture": "#9"},
				"south": {"uv": [11, 3, 12, 4], "texture": "#9"},
				"west": {"uv": [11, 3, 12, 4], "rotation": 270, "texture": "#9"},
				"up": {"uv": [11, 3, 12, 4], "texture": "#9"},
				"down": {"uv": [11, 4, 12, 3], "texture": "#9"}
			}
		},
		{
			"name": "string_3",
			"from": [12, 0.25, 5],
			"to": [13, 0.75, 6],
			"rotation": {"angle": -45, "axis": "y", "origin": [8, 8, 8]},
			"faces": {
				"north": {"uv": [11, 4, 10, 5], "texture": "#9"},
				"east": {"uv": [10, 4, 11, 5], "rotation": 90, "texture": "#9"},
				"south": {"uv": [10, 4, 11, 5], "texture": "#9"},
				"west": {"uv": [10, 4, 11, 5], "rotation": 270, "texture": "#9"},
				"up": {"uv": [10, 4, 11, 5], "texture": "#9"},
				"down": {"uv": [10, 5, 11, 4], "texture": "#9"}
			}
		},
		{
			"name": "string_4",
			"from": [11, 0.25, 6],
			"to": [12, 0.75, 7],
			"rotation": {"angle": -45, "axis": "y", "origin": [8, 8, 8]},
			"faces": {
				"north": {"uv": [10, 5, 9, 6], "texture": "#9"},
				"east": {"uv": [9, 5, 10, 6], "rotation": 90, "texture": "#9"},
				"south": {"uv": [9, 5, 10, 6], "texture": "#9"},
				"west": {"uv": [9, 5, 10, 6], "rotation": 270, "texture": "#9"},
				"up": {"uv": [9, 5, 10, 6], "texture": "#9"},
				"down": {"uv": [9, 6, 10, 5], "texture": "#9"}
			}
		},
		{
			"name": "string_5",
			"from": [10, 0.25, 7],
			"to": [11, 0.75, 8],
			"rotation": {"angle": -45, "axis": "y", "origin": [8, 8, 8]},
			"faces": {
				"north": {"uv": [9, 6, 8, 7], "texture": "#9"},
				"east": {"uv": [8, 6, 9, 7], "rotation": 90, "texture": "#9"},
				"south": {"uv": [8, 6, 9, 7], "texture": "#9"},
				"west": {"uv": [8, 6, 9, 7], "rotation": 270, "texture": "#9"},
				"up": {"uv": [8, 6, 9, 7], "texture": "#9"},
				"down": {"uv": [8, 7, 9, 6], "texture": "#9"}
			}
		},
		{
			"name": "string_6",
			"from": [9, 0.25, 8],
			"to": [10, 0.75, 9],
			"rotation": {"angle": -45, "axis": "y", "origin": [8, 8, 8]},
			"faces": {
				"north": {"uv": [8, 7, 7, 8], "texture": "#9"},
				"east": {"uv": [7, 7, 8, 8], "rotation": 90, "texture": "#9"},
				"south": {"uv": [7, 7, 8, 8], "texture": "#9"},
				"west": {"uv": [7, 7, 8, 8], "rotation": 270, "texture": "#9"},
				"up": {"uv": [7, 7, 8, 8], "texture": "#9"},
				"down": {"uv": [7, 8, 8, 7], "texture": "#9"}
			}
		},
		{
			"name": "string_7",
			"from": [8, 0.25, 9],
			"to": [9, 0.75, 10],
			"rotation": {"angle": -45, "axis": "y", "origin": [8, 8, 8]},
			"faces": {
				"north": {"uv": [7, 8, 6, 9], "texture": "#9"},
				"east": {"uv": [6, 8, 7, 9], "rotation": 90, "texture": "#9"},
				"south": {"uv": [6, 8, 7, 9], "texture": "#9"},
				"west": {"uv": [6, 8, 7, 9], "rotation": 270, "texture": "#9"},
				"up": {"uv": [6, 8, 7, 9], "texture": "#9"},
				"down": {"uv": [6, 9, 7, 8], "texture": "#9"}
			}
		},
		{
			"name": "string_8",
			"from": [7, 0.25, 10],
			"to": [8, 0.75, 11],
			"rotation": {"angle": -45, "axis": "y", "origin": [8, 8, 8]},
			"faces": {
				"north": {"uv": [7, 8, 6, 9], "texture": "#9"},
				"east": {"uv": [6, 8, 7, 9], "rotation": 90, "texture": "#9"},
				"south": {"uv": [6, 8, 7, 9], "texture": "#9"},
				"west": {"uv": [6, 8, 7, 9], "rotation": 270, "texture": "#9"},
				"up": {"uv": [6, 8, 7, 9], "texture": "#9"},
				"down": {"uv": [6, 9, 7, 8], "texture": "#9"}
			}
		},
		{
			"name": "string_9",
			"from": [6, 0.25, 11],
			"to": [7, 0.75, 12],
			"rotation": {"angle": -45, "axis": "y", "origin": [8, 8, 8]},
			"faces": {
				"north": {"uv": [5, 10, 4, 11], "texture": "#9"},
				"east": {"uv": [4, 10, 5, 11], "rotation": 90, "texture": "#9"},
				"south": {"uv": [4, 10, 5, 11], "texture": "#9"},
				"west": {"uv": [4, 10, 5, 11], "rotation": 270, "texture": "#9"},
				"up": {"uv": [4, 10, 5, 11], "texture": "#9"},
				"down": {"uv": [4, 11, 5, 10], "texture": "#9"}
			}
		},
		{
			"name": "string_10",
			"from": [5, 0.25, 12],
			"to": [6, 0.75, 13],
			"rotation": {"angle": -45, "axis": "y", "origin": [8, 8, 8]},
			"faces": {
				"north": {"uv": [4, 11, 3, 12], "texture": "#9"},
				"east": {"uv": [3, 11, 4, 12], "rotation": 90, "texture": "#9"},
				"south": {"uv": [3, 11, 4, 12], "texture": "#9"},
				"west": {"uv": [3, 11, 4, 12], "rotation": 270, "texture": "#9"},
				"up": {"uv": [3, 11, 4, 12], "texture": "#9"},
				"down": {"uv": [3, 12, 4, 11], "texture": "#9"}
			}
		},
		{
			"name": "string_11",
			"from": [4, 0.25, 13],
			"to": [5, 0.75, 14],
			"rotation": {"angle": -45, "axis": "y", "origin": [8, 8, 8]},
			"faces": {
				"north": {"uv": [3, 12, 2, 13], "texture": "#9"},
				"east": {"uv": [2, 12, 3, 13], "rotation": 90, "texture": "#9"},
				"south": {"uv": [2, 12, 3, 13], "texture": "#9"},
				"west": {"uv": [2, 12, 3, 13], "rotation": 270, "texture": "#9"},
				"up": {"uv": [2, 12, 3, 13], "texture": "#9"},
				"down": {"uv": [2, 13, 3, 12], "texture": "#9"}
			}
		},
		{
			"name": "string_12",
			"from": [3, 0.25, 14],
			"to": [4, 0.75, 15],
			"rotation": {"angle": -45, "axis": "y", "origin": [8, 8, 8]},
			"faces": {
				"north": {"uv": [2, 13, 1, 14], "texture": "#9"},
				"east": {"uv": [1, 13, 2, 14], "rotation": 90, "texture": "#9"},
				"south": {"uv": [1, 13, 2, 14], "texture": "#9"},
				"west": {"uv": [1, 13, 2, 14], "rotation": 270, "texture": "#9"},
				"up": {"uv": [1, 13, 2, 14], "texture": "#9"},
				"down": {"uv": [1, 14, 2, 13], "texture": "#9"}
			}
		},
		{
			"name": "Bow_0",
			"from": [12, 0, 0],
			"to": [13, 1, 1],
			"rotation": {"angle": -45, "axis": "y", "origin": [8, 8, 8]},
			"faces": {
				"north": {"uv": [13, 0, 12, 1], "texture": "#8"},
				"east": {"uv": [12, 0, 13, 1], "rotation": 90, "texture": "#8"},
				"south": {"uv": [12, 0, 13, 1], "texture": "#8"},
				"west": {"uv": [12, 0, 13, 1], "rotation": 270, "texture": "#8"},
				"up": {"uv": [12, 0, 13, 1], "texture": "#8"},
				"down": {"uv": [12, 1, 13, 0], "texture": "#8"}
			}
		},
		{
			"name": "Bow_1",
			"from": [13, 0, 0],
			"to": [14, 1, 1],
			"rotation": {"angle": -45, "axis": "y", "origin": [8, 8, 8]},
			"faces": {
				"north": {"uv": [14, 0, 13, 1], "texture": "#8"},
				"east": {"uv": [13, 0, 14, 1], "rotation": 90, "texture": "#8"},
				"south": {"uv": [13, 0, 14, 1], "texture": "#8"},
				"west": {"uv": [13, 0, 14, 1], "rotation": 270, "texture": "#8"},
				"up": {"uv": [13, 0, 14, 1], "texture": "#8"},
				"down": {"uv": [13, 1, 14, 0], "texture": "#8"}
			}
		},
		{
			"name": "Bow_2",
			"from": [14, 0, 0],
			"to": [15, 1, 1],
			"rotation": {"angle": -45, "axis": "y", "origin": [8, 8, 8]},
			"faces": {
				"north": {"uv": [15, 0, 14, 1], "texture": "#8"},
				"east": {"uv": [14, 0, 15, 1], "rotation": 90, "texture": "#8"},
				"south": {"uv": [14, 0, 15, 1], "texture": "#8"},
				"west": {"uv": [14, 0, 15, 1], "rotation": 270, "texture": "#8"},
				"up": {"uv": [14, 0, 15, 1], "texture": "#8"},
				"down": {"uv": [14, 1, 15, 0], "texture": "#8"}
			}
		},
		{
			"name": "Bow_3",
			"from": [8, 0, 1],
			"to": [9, 1, 2],
			"rotation": {"angle": -45, "axis": "y", "origin": [8, 8, 8]},
			"faces": {
				"north": {"uv": [9, 1, 8, 2], "texture": "#8"},
				"east": {"uv": [8, 1, 9, 2], "rotation": 90, "texture": "#8"},
				"south": {"uv": [8, 1, 9, 2], "texture": "#8"},
				"west": {"uv": [8, 1, 9, 2], "rotation": 270, "texture": "#8"},
				"up": {"uv": [8, 1, 9, 2], "texture": "#8"},
				"down": {"uv": [8, 2, 9, 1], "texture": "#8"}
			}
		},
		{
			"name": "Bow_4",
			"from": [9, 0, 1],
			"to": [10, 1, 2],
			"rotation": {"angle": -45, "axis": "y", "origin": [8, 8, 8]},
			"faces": {
				"north": {"uv": [10, 1, 9, 2], "texture": "#8"},
				"east": {"uv": [9, 1, 10, 2], "rotation": 90, "texture": "#8"},
				"south": {"uv": [9, 1, 10, 2], "texture": "#8"},
				"west": {"uv": [9, 1, 10, 2], "rotation": 270, "texture": "#8"},
				"up": {"uv": [9, 1, 10, 2], "texture": "#8"},
				"down": {"uv": [9, 2, 10, 1], "texture": "#8"}
			}
		},
		{
			"name": "Bow_5",
			"from": [10, 0, 1],
			"to": [11, 1, 2],
			"rotation": {"angle": -45, "axis": "y", "origin": [8, 8, 8]},
			"faces": {
				"north": {"uv": [11, 1, 10, 2], "texture": "#8"},
				"east": {"uv": [10, 1, 11, 2], "rotation": 90, "texture": "#8"},
				"south": {"uv": [10, 1, 11, 2], "texture": "#8"},
				"west": {"uv": [10, 1, 11, 2], "rotation": 270, "texture": "#8"},
				"up": {"uv": [10, 1, 11, 2], "texture": "#8"},
				"down": {"uv": [10, 2, 11, 1], "texture": "#8"}
			}
		},
		{
			"name": "Bow_6",
			"from": [11, 0, 1],
			"to": [12, 1, 2],
			"rotation": {"angle": -45, "axis": "y", "origin": [8, 8, 8]},
			"faces": {
				"north": {"uv": [12, 1, 11, 2], "texture": "#8"},
				"east": {"uv": [11, 1, 12, 2], "rotation": 90, "texture": "#8"},
				"south": {"uv": [11, 1, 12, 2], "texture": "#8"},
				"west": {"uv": [11, 1, 12, 2], "rotation": 270, "texture": "#8"},
				"up": {"uv": [11, 1, 12, 2], "texture": "#8"},
				"down": {"uv": [11, 2, 12, 1], "texture": "#8"}
			}
		},
		{
			"name": "Bow_7",
			"from": [12, 0, 1],
			"to": [13, 1, 2],
			"rotation": {"angle": -45, "axis": "y", "origin": [8, 8, 8]},
			"faces": {
				"north": {"uv": [13, 1, 12, 2], "texture": "#8"},
				"east": {"uv": [12, 1, 13, 2], "rotation": 90, "texture": "#8"},
				"south": {"uv": [12, 1, 13, 2], "texture": "#8"},
				"west": {"uv": [12, 1, 13, 2], "rotation": 270, "texture": "#8"},
				"up": {"uv": [12, 1, 13, 2], "texture": "#8"},
				"down": {"uv": [12, 2, 13, 1], "texture": "#8"}
			}
		},
		{
			"name": "Bow_8",
			"from": [13, 0, 1],
			"to": [14, 1, 2],
			"rotation": {"angle": -45, "axis": "y", "origin": [8, 8, 8]},
			"faces": {
				"north": {"uv": [14, 1, 13, 2], "texture": "#8"},
				"east": {"uv": [13, 1, 14, 2], "rotation": 90, "texture": "#8"},
				"south": {"uv": [13, 1, 14, 2], "texture": "#8"},
				"west": {"uv": [13, 1, 14, 2], "rotation": 270, "texture": "#8"},
				"up": {"uv": [13, 1, 14, 2], "texture": "#8"},
				"down": {"uv": [13, 2, 14, 1], "texture": "#8"}
			}
		},
		{
			"name": "Bow_9",
			"from": [14, 0, 1],
			"to": [15, 1, 2],
			"rotation": {"angle": -45, "axis": "y", "origin": [8, 8, 8]},
			"faces": {
				"north": {"uv": [15, 1, 14, 2], "texture": "#8"},
				"east": {"uv": [14, 1, 15, 2], "rotation": 90, "texture": "#8"},
				"south": {"uv": [14, 1, 15, 2], "texture": "#8"},
				"west": {"uv": [14, 1, 15, 2], "rotation": 270, "texture": "#8"},
				"up": {"uv": [14, 1, 15, 2], "texture": "#8"},
				"down": {"uv": [14, 2, 15, 1], "texture": "#8"}
			}
		},
		{
			"name": "Bow_10",
			"from": [15, 0, 1],
			"to": [16, 1, 2],
			"rotation": {"angle": -45, "axis": "y", "origin": [8, 8, 8]},
			"faces": {
				"north": {"uv": [16, 1, 15, 2], "texture": "#8"},
				"east": {"uv": [15, 1, 16, 2], "rotation": 90, "texture": "#8"},
				"south": {"uv": [15, 1, 16, 2], "texture": "#8"},
				"west": {"uv": [15, 1, 16, 2], "rotation": 270, "texture": "#8"},
				"up": {"uv": [15, 1, 16, 2], "texture": "#8"},
				"down": {"uv": [15, 2, 16, 1], "texture": "#8"}
			}
		},
		{
			"name": "Bow_11",
			"from": [6, 0, 2],
			"to": [7, 1, 3],
			"rotation": {"angle": -45, "axis": "y", "origin": [8, 8, 8]},
			"faces": {
				"north": {"uv": [7, 2, 6, 3], "texture": "#8"},
				"east": {"uv": [6, 2, 7, 3], "rotation": 90, "texture": "#8"},
				"south": {"uv": [6, 2, 7, 3], "texture": "#8"},
				"west": {"uv": [6, 2, 7, 3], "rotation": 270, "texture": "#8"},
				"up": {"uv": [6, 2, 7, 3], "texture": "#8"},
				"down": {"uv": [6, 3, 7, 2], "texture": "#8"}
			}
		},
		{
			"name": "Bow_12",
			"from": [7, 0, 2],
			"to": [8, 1, 3],
			"rotation": {"angle": -45, "axis": "y", "origin": [8, 8, 8]},
			"faces": {
				"north": {"uv": [8, 2, 7, 3], "texture": "#8"},
				"east": {"uv": [7, 2, 8, 3], "rotation": 90, "texture": "#8"},
				"south": {"uv": [7, 2, 8, 3], "texture": "#8"},
				"west": {"uv": [7, 2, 8, 3], "rotation": 270, "texture": "#8"},
				"up": {"uv": [7, 2, 8, 3], "texture": "#8"},
				"down": {"uv": [7, 3, 8, 2], "texture": "#8"}
			}
		},
		{
			"name": "Bow_13",
			"from": [8, 0, 2],
			"to": [9, 1, 3],
			"rotation": {"angle": -45, "axis": "y", "origin": [8, 8, 8]},
			"faces": {
				"north": {"uv": [9, 2, 8, 3], "texture": "#8"},
				"east": {"uv": [8, 2, 9, 3], "rotation": 90, "texture": "#8"},
				"south": {"uv": [8, 2, 9, 3], "texture": "#8"},
				"west": {"uv": [8, 2, 9, 3], "rotation": 270, "texture": "#8"},
				"up": {"uv": [8, 2, 9, 3], "texture": "#8"},
				"down": {"uv": [8, 3, 9, 2], "texture": "#8"}
			}
		},
		{
			"name": "Bow_14",
			"from": [9, 0, 2],
			"to": [10, 1, 3],
			"rotation": {"angle": -45, "axis": "y", "origin": [8, 8, 8]},
			"faces": {
				"north": {"uv": [10, 2, 9, 3], "texture": "#8"},
				"east": {"uv": [9, 2, 10, 3], "rotation": 90, "texture": "#8"},
				"south": {"uv": [9, 2, 10, 3], "texture": "#8"},
				"west": {"uv": [9, 2, 10, 3], "rotation": 270, "texture": "#8"},
				"up": {"uv": [9, 2, 10, 3], "texture": "#8"},
				"down": {"uv": [9, 3, 10, 2], "texture": "#8"}
			}
		},
		{
			"name": "Bow_15",
			"from": [10, 0, 2],
			"to": [11, 1, 3],
			"rotation": {"angle": -45, "axis": "y", "origin": [8, 8, 8]},
			"faces": {
				"north": {"uv": [11, 2, 10, 3], "texture": "#8"},
				"east": {"uv": [10, 2, 11, 3], "rotation": 90, "texture": "#8"},
				"south": {"uv": [10, 2, 11, 3], "texture": "#8"},
				"west": {"uv": [10, 2, 11, 3], "rotation": 270, "texture": "#8"},
				"up": {"uv": [10, 2, 11, 3], "texture": "#8"},
				"down": {"uv": [10, 3, 11, 2], "texture": "#8"}
			}
		},
		{
			"name": "Bow_16",
			"from": [11, 0, 2],
			"to": [12, 1, 3],
			"rotation": {"angle": -45, "axis": "y", "origin": [8, 8, 8]},
			"faces": {
				"north": {"uv": [12, 2, 11, 3], "texture": "#8"},
				"east": {"uv": [11, 2, 12, 3], "rotation": 90, "texture": "#8"},
				"south": {"uv": [11, 2, 12, 3], "texture": "#8"},
				"west": {"uv": [11, 2, 12, 3], "rotation": 270, "texture": "#8"},
				"up": {"uv": [11, 2, 12, 3], "texture": "#8"},
				"down": {"uv": [11, 3, 12, 2], "texture": "#8"}
			}
		},
		{
			"name": "Bow_17",
			"from": [12, 0, 2],
			"to": [13, 1, 3],
			"rotation": {"angle": -45, "axis": "y", "origin": [8, 8, 8]},
			"faces": {
				"north": {"uv": [13, 2, 12, 3], "texture": "#8"},
				"east": {"uv": [12, 2, 13, 3], "rotation": 90, "texture": "#8"},
				"south": {"uv": [12, 2, 13, 3], "texture": "#8"},
				"west": {"uv": [12, 2, 13, 3], "rotation": 270, "texture": "#8"},
				"up": {"uv": [12, 2, 13, 3], "texture": "#8"},
				"down": {"uv": [12, 3, 13, 2], "texture": "#8"}
			}
		},
		{
			"name": "Bow_18",
			"from": [13, 0, 2],
			"to": [14, 1, 3],
			"rotation": {"angle": -45, "axis": "y", "origin": [8, 8, 8]},
			"faces": {
				"north": {"uv": [14, 2, 13, 3], "texture": "#8"},
				"east": {"uv": [13, 2, 14, 3], "rotation": 90, "texture": "#8"},
				"south": {"uv": [13, 2, 14, 3], "texture": "#8"},
				"west": {"uv": [13, 2, 14, 3], "rotation": 270, "texture": "#8"},
				"up": {"uv": [13, 2, 14, 3], "texture": "#8"},
				"down": {"uv": [13, 3, 14, 2], "texture": "#8"}
			}
		},
		{
			"name": "Bow_22",
			"from": [7, 0, 3],
			"to": [8, 1, 4],
			"rotation": {"angle": -45, "axis": "y", "origin": [8, 8, 8]},
			"faces": {
				"north": {"uv": [8, 3, 7, 4], "texture": "#8"},
				"east": {"uv": [7, 3, 8, 4], "rotation": 90, "texture": "#8"},
				"south": {"uv": [7, 3, 8, 4], "texture": "#8"},
				"west": {"uv": [7, 3, 8, 4], "rotation": 270, "texture": "#8"},
				"up": {"uv": [7, 3, 8, 4], "texture": "#8"},
				"down": {"uv": [7, 4, 8, 3], "texture": "#8"}
			}
		},
		{
			"name": "Bow_23",
			"from": [8, 0, 3],
			"to": [9, 1, 4],
			"rotation": {"angle": -45, "axis": "y", "origin": [8, 8, 8]},
			"faces": {
				"north": {"uv": [9, 3, 8, 4], "texture": "#8"},
				"east": {"uv": [8, 3, 9, 4], "rotation": 90, "texture": "#8"},
				"south": {"uv": [8, 3, 9, 4], "texture": "#8"},
				"west": {"uv": [8, 3, 9, 4], "rotation": 270, "texture": "#8"},
				"up": {"uv": [8, 3, 9, 4], "texture": "#8"},
				"down": {"uv": [8, 4, 9, 3], "texture": "#8"}
			}
		},
		{
			"name": "Bow_24",
			"from": [9, 0, 3],
			"to": [10, 1, 4],
			"rotation": {"angle": -45, "axis": "y", "origin": [8, 8, 8]},
			"faces": {
				"north": {"uv": [10, 3, 9, 4], "texture": "#8"},
				"east": {"uv": [9, 3, 10, 4], "rotation": 90, "texture": "#8"},
				"south": {"uv": [9, 3, 10, 4], "texture": "#8"},
				"west": {"uv": [9, 3, 10, 4], "rotation": 270, "texture": "#8"},
				"up": {"uv": [9, 3, 10, 4], "texture": "#8"},
				"down": {"uv": [9, 4, 10, 3], "texture": "#8"}
			}
		},
		{
			"name": "Bow_33",
			"from": [2, 0, 6],
			"to": [3, 1, 7],
			"rotation": {"angle": -45, "axis": "y", "origin": [8, 8, 8]},
			"faces": {
				"north": {"uv": [3, 6, 2, 7], "texture": "#8"},
				"east": {"uv": [2, 6, 3, 7], "rotation": 90, "texture": "#8"},
				"south": {"uv": [2, 6, 3, 7], "texture": "#8"},
				"west": {"uv": [2, 6, 3, 7], "rotation": 270, "texture": "#8"},
				"up": {"uv": [2, 6, 3, 7], "texture": "#8"},
				"down": {"uv": [2, 7, 3, 6], "texture": "#8"}
			}
		},
		{
			"name": "Bow_37",
			"from": [2, 0, 7],
			"to": [3, 1, 8],
			"rotation": {"angle": -45, "axis": "y", "origin": [8, 8, 8]},
			"faces": {
				"north": {"uv": [3, 7, 2, 8], "texture": "#8"},
				"east": {"uv": [2, 7, 3, 8], "rotation": 90, "texture": "#8"},
				"south": {"uv": [2, 7, 3, 8], "texture": "#8"},
				"west": {"uv": [2, 7, 3, 8], "rotation": 270, "texture": "#8"},
				"up": {"uv": [2, 7, 3, 8], "texture": "#8"},
				"down": {"uv": [2, 8, 3, 7], "texture": "#8"}
			}
		},
		{
			"name": "Bow_38",
			"from": [3, 0, 7],
			"to": [4, 1, 8],
			"rotation": {"angle": -45, "axis": "y", "origin": [8, 8, 8]},
			"faces": {
				"north": {"uv": [4, 7, 3, 8], "texture": "#8"},
				"east": {"uv": [3, 7, 4, 8], "rotation": 90, "texture": "#8"},
				"south": {"uv": [3, 7, 4, 8], "texture": "#8"},
				"west": {"uv": [3, 7, 4, 8], "rotation": 270, "texture": "#8"},
				"up": {"uv": [3, 7, 4, 8], "texture": "#8"},
				"down": {"uv": [3, 8, 4, 7], "texture": "#8"}
			}
		},
		{
			"name": "Bow_40",
			"from": [1, 0, 8],
			"to": [2, 1, 9],
			"rotation": {"angle": -45, "axis": "y", "origin": [8, 8, 8]},
			"faces": {
				"north": {"uv": [2, 8, 1, 9], "texture": "#8"},
				"east": {"uv": [1, 8, 2, 9], "rotation": 90, "texture": "#8"},
				"south": {"uv": [1, 8, 2, 9], "texture": "#8"},
				"west": {"uv": [1, 8, 2, 9], "rotation": 270, "texture": "#8"},
				"up": {"uv": [1, 8, 2, 9], "texture": "#8"},
				"down": {"uv": [1, 9, 2, 8], "texture": "#8"}
			}
		},
		{
			"name": "Bow_41",
			"from": [2, 0, 8],
			"to": [3, 1, 9],
			"rotation": {"angle": -45, "axis": "y", "origin": [8, 8, 8]},
			"faces": {
				"north": {"uv": [3, 8, 2, 9], "texture": "#8"},
				"east": {"uv": [2, 8, 3, 9], "rotation": 90, "texture": "#8"},
				"south": {"uv": [2, 8, 3, 9], "texture": "#8"},
				"west": {"uv": [2, 8, 3, 9], "rotation": 270, "texture": "#8"},
				"up": {"uv": [2, 8, 3, 9], "texture": "#8"},
				"down": {"uv": [2, 9, 3, 8], "texture": "#8"}
			}
		},
		{
			"name": "Bow_42",
			"from": [3, 0, 8],
			"to": [4, 1, 9],
			"rotation": {"angle": -45, "axis": "y", "origin": [8, 8, 8]},
			"faces": {
				"north": {"uv": [4, 8, 3, 9], "texture": "#8"},
				"east": {"uv": [3, 8, 4, 9], "rotation": 90, "texture": "#8"},
				"south": {"uv": [3, 8, 4, 9], "texture": "#8"},
				"west": {"uv": [3, 8, 4, 9], "rotation": 270, "texture": "#8"},
				"up": {"uv": [3, 8, 4, 9], "texture": "#8"},
				"down": {"uv": [3, 9, 4, 8], "texture": "#8"}
			}
		},
		{
			"name": "Bow_43",
			"from": [1, 0, 9],
			"to": [2, 1, 10],
			"rotation": {"angle": -45, "axis": "y", "origin": [8, 8, 8]},
			"faces": {
				"north": {"uv": [2, 9, 1, 10], "texture": "#8"},
				"east": {"uv": [1, 9, 2, 10], "rotation": 90, "texture": "#8"},
				"south": {"uv": [1, 9, 2, 10], "texture": "#8"},
				"west": {"uv": [1, 9, 2, 10], "rotation": 270, "texture": "#8"},
				"up": {"uv": [1, 9, 2, 10], "texture": "#8"},
				"down": {"uv": [1, 10, 2, 9], "texture": "#8"}
			}
		},
		{
			"name": "Bow_44",
			"from": [2, 0, 9],
			"to": [3, 1, 10],
			"rotation": {"angle": -45, "axis": "y", "origin": [8, 8, 8]},
			"faces": {
				"north": {"uv": [3, 9, 2, 10], "texture": "#8"},
				"east": {"uv": [2, 9, 3, 10], "rotation": 90, "texture": "#8"},
				"south": {"uv": [2, 9, 3, 10], "texture": "#8"},
				"west": {"uv": [2, 9, 3, 10], "rotation": 270, "texture": "#8"},
				"up": {"uv": [2, 9, 3, 10], "texture": "#8"},
				"down": {"uv": [2, 10, 3, 9], "texture": "#8"}
			}
		},
		{
			"name": "Bow_45",
			"from": [3, 0, 9],
			"to": [4, 1, 10],
			"rotation": {"angle": -45, "axis": "y", "origin": [8, 8, 8]},
			"faces": {
				"north": {"uv": [4, 9, 3, 10], "texture": "#8"},
				"east": {"uv": [3, 9, 4, 10], "rotation": 90, "texture": "#8"},
				"south": {"uv": [3, 9, 4, 10], "texture": "#8"},
				"west": {"uv": [3, 9, 4, 10], "rotation": 270, "texture": "#8"},
				"up": {"uv": [3, 9, 4, 10], "texture": "#8"},
				"down": {"uv": [3, 10, 4, 9], "texture": "#8"}
			}
		},
		{
			"name": "Bow_46",
			"from": [1, 0, 10],
			"to": [2, 1, 11],
			"rotation": {"angle": -45, "axis": "y", "origin": [8, 8, 8]},
			"faces": {
				"north": {"uv": [2, 10, 1, 11], "texture": "#8"},
				"east": {"uv": [1, 10, 2, 11], "rotation": 90, "texture": "#8"},
				"south": {"uv": [1, 10, 2, 11], "texture": "#8"},
				"west": {"uv": [1, 10, 2, 11], "rotation": 270, "texture": "#8"},
				"up": {"uv": [1, 10, 2, 11], "texture": "#8"},
				"down": {"uv": [1, 11, 2, 10], "texture": "#8"}
			}
		},
		{
			"name": "Bow_47",
			"from": [2, 0, 10],
			"to": [3, 1, 11],
			"rotation": {"angle": -45, "axis": "y", "origin": [8, 8, 8]},
			"faces": {
				"north": {"uv": [3, 10, 2, 11], "texture": "#8"},
				"east": {"uv": [2, 10, 3, 11], "rotation": 90, "texture": "#8"},
				"south": {"uv": [2, 10, 3, 11], "texture": "#8"},
				"west": {"uv": [2, 10, 3, 11], "rotation": 270, "texture": "#8"},
				"up": {"uv": [2, 10, 3, 11], "texture": "#8"},
				"down": {"uv": [2, 11, 3, 10], "texture": "#8"}
			}
		},
		{
			"name": "Bow_48",
			"from": [1, 0, 11],
			"to": [2, 1, 12],
			"rotation": {"angle": -45, "axis": "y", "origin": [8, 8, 8]},
			"faces": {
				"north": {"uv": [2, 11, 1, 12], "texture": "#8"},
				"east": {"uv": [1, 11, 2, 12], "rotation": 90, "texture": "#8"},
				"south": {"uv": [1, 11, 2, 12], "texture": "#8"},
				"west": {"uv": [1, 11, 2, 12], "rotation": 270, "texture": "#8"},
				"up": {"uv": [1, 11, 2, 12], "texture": "#8"},
				"down": {"uv": [1, 12, 2, 11], "texture": "#8"}
			}
		},
		{
			"name": "Bow_49",
			"from": [2, 0, 11],
			"to": [3, 1, 12],
			"rotation": {"angle": -45, "axis": "y", "origin": [8, 8, 8]},
			"faces": {
				"north": {"uv": [3, 11, 2, 12], "texture": "#8"},
				"east": {"uv": [2, 11, 3, 12], "rotation": 90, "texture": "#8"},
				"south": {"uv": [2, 11, 3, 12], "texture": "#8"},
				"west": {"uv": [2, 11, 3, 12], "rotation": 270, "texture": "#8"},
				"up": {"uv": [2, 11, 3, 12], "texture": "#8"},
				"down": {"uv": [2, 12, 3, 11], "texture": "#8"}
			}
		},
		{
			"name": "Bow_50",
			"from": [0, 0, 12],
			"to": [1, 1, 13],
			"rotation": {"angle": -45, "axis": "y", "origin": [8, 8, 8]},
			"faces": {
				"north": {"uv": [1, 12, 0, 13], "texture": "#8"},
				"east": {"uv": [0, 12, 1, 13], "rotation": 90, "texture": "#8"},
				"south": {"uv": [0, 12, 1, 13], "texture": "#8"},
				"west": {"uv": [0, 12, 1, 13], "rotation": 270, "texture": "#8"},
				"up": {"uv": [0, 12, 1, 13], "texture": "#8"},
				"down": {"uv": [0, 13, 1, 12], "texture": "#8"}
			}
		},
		{
			"name": "Bow_51",
			"from": [1, 0, 12],
			"to": [2, 1, 13],
			"rotation": {"angle": -45, "axis": "y", "origin": [8, 8, 8]},
			"faces": {
				"north": {"uv": [2, 12, 1, 13], "texture": "#8"},
				"east": {"uv": [1, 12, 2, 13], "rotation": 90, "texture": "#8"},
				"south": {"uv": [1, 12, 2, 13], "texture": "#8"},
				"west": {"uv": [1, 12, 2, 13], "rotation": 270, "texture": "#8"},
				"up": {"uv": [1, 12, 2, 13], "texture": "#8"},
				"down": {"uv": [1, 13, 2, 12], "texture": "#8"}
			}
		},
		{
			"name": "Bow_52",
			"from": [2, 0, 12],
			"to": [3, 1, 13],
			"rotation": {"angle": -45, "axis": "y", "origin": [8, 8, 8]},
			"faces": {
				"north": {"uv": [3, 12, 2, 13], "texture": "#8"},
				"east": {"uv": [2, 12, 3, 13], "rotation": 90, "texture": "#8"},
				"south": {"uv": [2, 12, 3, 13], "texture": "#8"},
				"west": {"uv": [2, 12, 3, 13], "rotation": 270, "texture": "#8"},
				"up": {"uv": [2, 12, 3, 13], "texture": "#8"},
				"down": {"uv": [2, 13, 3, 12], "texture": "#8"}
			}
		},
		{
			"name": "Bow_53",
			"from": [0, 0, 13],
			"to": [1, 1, 14],
			"rotation": {"angle": -45, "axis": "y", "origin": [8, 8, 8]},
			"faces": {
				"north": {"uv": [1, 13, 0, 14], "texture": "#8"},
				"east": {"uv": [0, 13, 1, 14], "rotation": 90, "texture": "#8"},
				"south": {"uv": [0, 13, 1, 14], "texture": "#8"},
				"west": {"uv": [0, 13, 1, 14], "rotation": 270, "texture": "#8"},
				"up": {"uv": [0, 13, 1, 14], "texture": "#8"},
				"down": {"uv": [0, 14, 1, 13], "texture": "#8"}
			}
		},
		{
			"name": "Bow_54",
			"from": [1, 0, 13],
			"to": [2, 1, 14],
			"rotation": {"angle": -45, "axis": "y", "origin": [8, 8, 8]},
			"faces": {
				"north": {"uv": [2, 13, 1, 14], "texture": "#8"},
				"east": {"uv": [1, 13, 2, 14], "rotation": 90, "texture": "#8"},
				"south": {"uv": [1, 13, 2, 14], "texture": "#8"},
				"west": {"uv": [1, 13, 2, 14], "rotation": 270, "texture": "#8"},
				"up": {"uv": [1, 13, 2, 14], "texture": "#8"},
				"down": {"uv": [1, 14, 2, 13], "texture": "#8"}
			}
		},
		{
			"name": "Bow_55",
			"from": [2, 0, 13],
			"to": [3, 1, 14],
			"rotation": {"angle": -45, "axis": "y", "origin": [8, 8, 8]},
			"faces": {
				"north": {"uv": [3, 13, 2, 14], "texture": "#8"},
				"east": {"uv": [2, 13, 3, 14], "rotation": 90, "texture": "#8"},
				"south": {"uv": [2, 13, 3, 14], "texture": "#8"},
				"west": {"uv": [2, 13, 3, 14], "rotation": 270, "texture": "#8"},
				"up": {"uv": [2, 13, 3, 14], "texture": "#8"},
				"down": {"uv": [2, 14, 3, 13], "texture": "#8"}
			}
		},
		{
			"name": "Bow_56",
			"from": [0, 0, 14],
			"to": [1, 1, 15],
			"rotation": {"angle": -45, "axis": "y", "origin": [8, 8, 8]},
			"faces": {
				"north": {"uv": [1, 14, 0, 15], "texture": "#8"},
				"east": {"uv": [0, 14, 1, 15], "rotation": 90, "texture": "#8"},
				"south": {"uv": [0, 14, 1, 15], "texture": "#8"},
				"west": {"uv": [0, 14, 1, 15], "rotation": 270, "texture": "#8"},
				"up": {"uv": [0, 14, 1, 15], "texture": "#8"},
				"down": {"uv": [0, 15, 1, 14], "texture": "#8"}
			}
		},
		{
			"name": "Bow_57",
			"from": [1, 0, 14],
			"to": [2, 1, 15],
			"rotation": {"angle": -45, "axis": "y", "origin": [8, 8, 8]},
			"faces": {
				"north": {"uv": [2, 14, 1, 15], "texture": "#8"},
				"east": {"uv": [1, 14, 2, 15], "rotation": 90, "texture": "#8"},
				"south": {"uv": [1, 14, 2, 15], "texture": "#8"},
				"west": {"uv": [1, 14, 2, 15], "rotation": 270, "texture": "#8"},
				"up": {"uv": [1, 14, 2, 15], "texture": "#8"},
				"down": {"uv": [1, 15, 2, 14], "texture": "#8"}
			}
		},
		{
			"name": "Bow_58",
			"from": [1, 0, 15],
			"to": [2, 1, 16],
			"rotation": {"angle": -45, "axis": "y", "origin": [8, 8, 8]},
			"faces": {
				"north": {"uv": [2, 15, 1, 16], "texture": "#8"},
				"east": {"uv": [1, 15, 2, 16], "rotation": 90, "texture": "#8"},
				"south": {"uv": [1, 15, 2, 16], "texture": "#8"},
				"west": {"uv": [1, 15, 2, 16], "rotation": 270, "texture": "#8"},
				"up": {"uv": [1, 15, 2, 16], "texture": "#8"},
				"down": {"uv": [1, 16, 2, 15], "texture": "#8"}
			}
		},
		{
			"name": "Bow_20",
			"from": [5, 0, 3],
			"to": [6, 1, 4],
			"rotation": {"angle": -45, "axis": "y", "origin": [8, 8, 8]},
			"faces": {
				"north": {"uv": [6, 3, 5, 4], "texture": "#8"},
				"east": {"uv": [5, 3, 6, 4], "rotation": 90, "texture": "#8"},
				"south": {"uv": [5, 3, 6, 4], "texture": "#8"},
				"west": {"uv": [5, 3, 6, 4], "rotation": 270, "texture": "#8"},
				"up": {"uv": [5, 3, 6, 4], "texture": "#8"},
				"down": {"uv": [5, 4, 6, 3], "texture": "#8"}
			}
		},
		{
			"name": "Bow_27",
			"from": [6, 0, 4],
			"to": [7, 1, 5],
			"rotation": {"angle": -45, "axis": "y", "origin": [8, 8, 8]},
			"faces": {
				"north": {"uv": [7, 4, 6, 5], "texture": "#8"},
				"east": {"uv": [6, 4, 7, 5], "rotation": 90, "texture": "#8"},
				"south": {"uv": [6, 4, 7, 5], "texture": "#8"},
				"west": {"uv": [6, 4, 7, 5], "rotation": 270, "texture": "#8"},
				"up": {"uv": [6, 4, 7, 5], "texture": "#8"},
				"down": {"uv": [6, 5, 7, 4], "texture": "#8"}
			}
		},
		{
			"name": "Bow_21",
			"from": [6, 0, 3],
			"to": [7, 1, 4],
			"rotation": {"angle": -45, "axis": "y", "origin": [8, 8, 8]},
			"faces": {
				"north": {"uv": [7, 3, 6, 4], "texture": "#8"},
				"east": {"uv": [6, 3, 7, 4], "rotation": 90, "texture": "#8"},
				"south": {"uv": [6, 3, 7, 4], "texture": "#8"},
				"west": {"uv": [6, 3, 7, 4], "rotation": 270, "texture": "#8"},
				"up": {"uv": [6, 3, 7, 4], "texture": "#8"},
				"down": {"uv": [6, 4, 7, 3], "texture": "#8"}
			}
		},
		{
			"name": "Bow_28",
			"from": [7, 0, 4],
			"to": [8, 1, 5],
			"rotation": {"angle": -45, "axis": "y", "origin": [8, 8, 8]},
			"faces": {
				"north": {"uv": [8, 4, 7, 5], "texture": "#8"},
				"east": {"uv": [7, 4, 8, 5], "rotation": 90, "texture": "#8"},
				"south": {"uv": [7, 4, 8, 5], "texture": "#8"},
				"west": {"uv": [7, 4, 8, 5], "rotation": 270, "texture": "#8"},
				"up": {"uv": [7, 4, 8, 5], "texture": "#8"},
				"down": {"uv": [7, 5, 8, 4], "texture": "#8"}
			}
		},
		{
			"name": "Bow_32",
			"from": [6, 0, 5],
			"to": [7, 1, 6],
			"rotation": {"angle": -45, "axis": "y", "origin": [8, 8, 8]},
			"faces": {
				"north": {"uv": [7, 5, 6, 6], "texture": "#8"},
				"east": {"uv": [6, 5, 7, 6], "rotation": 90, "texture": "#8"},
				"south": {"uv": [6, 5, 7, 6], "texture": "#8"},
				"west": {"uv": [6, 5, 7, 6], "rotation": 270, "texture": "#8"},
				"up": {"uv": [6, 5, 7, 6], "texture": "#8"},
				"down": {"uv": [6, 6, 7, 5], "texture": "#8"}
			}
		},
		{
			"name": "Bow_26",
			"from": [5, 0, 4],
			"to": [6, 1, 5],
			"rotation": {"angle": -45, "axis": "y", "origin": [8, 8, 8]},
			"faces": {
				"north": {"uv": [6, 4, 5, 5], "texture": "#8"},
				"east": {"uv": [5, 4, 6, 5], "rotation": 90, "texture": "#8"},
				"south": {"uv": [5, 4, 6, 5], "texture": "#8"},
				"west": {"uv": [5, 4, 6, 5], "rotation": 270, "texture": "#8"},
				"up": {"uv": [5, 4, 6, 5], "texture": "#8"},
				"down": {"uv": [5, 5, 6, 4], "texture": "#8"}
			}
		},
		{
			"name": "Bow_25",
			"from": [4, 0, 4],
			"to": [5, 1, 5],
			"rotation": {"angle": -45, "axis": "y", "origin": [8, 8, 8]},
			"faces": {
				"north": {"uv": [5, 4, 4, 5], "texture": "#8"},
				"east": {"uv": [4, 4, 5, 5], "rotation": 90, "texture": "#8"},
				"south": {"uv": [4, 4, 5, 5], "texture": "#8"},
				"west": {"uv": [4, 4, 5, 5], "rotation": 270, "texture": "#8"},
				"up": {"uv": [4, 4, 5, 5], "texture": "#8"},
				"down": {"uv": [4, 5, 5, 4], "texture": "#8"}
			}
		},
		{
			"name": "Bow_31",
			"from": [5, 0, 5],
			"to": [6, 1, 6],
			"rotation": {"angle": -45, "axis": "y", "origin": [8, 8, 8]},
			"faces": {
				"north": {"uv": [6, 5, 5, 6], "texture": "#8"},
				"east": {"uv": [5, 5, 6, 6], "rotation": 90, "texture": "#8"},
				"south": {"uv": [5, 5, 6, 6], "texture": "#8"},
				"west": {"uv": [5, 5, 6, 6], "rotation": 270, "texture": "#8"},
				"up": {"uv": [5, 5, 6, 6], "texture": "#8"},
				"down": {"uv": [5, 6, 6, 5], "texture": "#8"}
			}
		},
		{
			"name": "Bow_30",
			"from": [4, 0, 5],
			"to": [5, 1, 6],
			"rotation": {"angle": -45, "axis": "y", "origin": [8, 8, 8]},
			"faces": {
				"north": {"uv": [5, 5, 4, 6], "texture": "#8"},
				"east": {"uv": [4, 5, 5, 6], "rotation": 90, "texture": "#8"},
				"south": {"uv": [4, 5, 5, 6], "texture": "#8"},
				"west": {"uv": [4, 5, 5, 6], "rotation": 270, "texture": "#8"},
				"up": {"uv": [4, 5, 5, 6], "texture": "#8"},
				"down": {"uv": [4, 6, 5, 5], "texture": "#8"}
			}
		},
		{
			"name": "Bow_29",
			"from": [3, 0, 5],
			"to": [4, 1, 6],
			"rotation": {"angle": -45, "axis": "y", "origin": [8, 8, 8]},
			"faces": {
				"north": {"uv": [4, 5, 3, 6], "texture": "#8"},
				"east": {"uv": [3, 5, 4, 6], "rotation": 90, "texture": "#8"},
				"south": {"uv": [3, 5, 4, 6], "texture": "#8"},
				"west": {"uv": [3, 5, 4, 6], "rotation": 270, "texture": "#8"},
				"up": {"uv": [3, 5, 4, 6], "texture": "#8"},
				"down": {"uv": [3, 6, 4, 5], "texture": "#8"}
			}
		},
		{
			"name": "Bow_34",
			"from": [3, 0, 6],
			"to": [4, 1, 7],
			"rotation": {"angle": -45, "axis": "y", "origin": [8, 8, 8]},
			"faces": {
				"north": {"uv": [4, 6, 3, 7], "texture": "#8"},
				"east": {"uv": [3, 6, 4, 7], "rotation": 90, "texture": "#8"},
				"south": {"uv": [3, 6, 4, 7], "texture": "#8"},
				"west": {"uv": [3, 6, 4, 7], "rotation": 270, "texture": "#8"},
				"up": {"uv": [3, 6, 4, 7], "texture": "#8"},
				"down": {"uv": [3, 7, 4, 6], "texture": "#8"}
			}
		},
		{
			"name": "Bow_35",
			"from": [4, 0, 6],
			"to": [5, 1, 7],
			"rotation": {"angle": -45, "axis": "y", "origin": [8, 8, 8]},
			"faces": {
				"north": {"uv": [5, 6, 4, 7], "texture": "#8"},
				"east": {"uv": [4, 6, 5, 7], "rotation": 90, "texture": "#8"},
				"south": {"uv": [4, 6, 5, 7], "texture": "#8"},
				"west": {"uv": [4, 6, 5, 7], "rotation": 270, "texture": "#8"},
				"up": {"uv": [4, 6, 5, 7], "texture": "#8"},
				"down": {"uv": [4, 7, 5, 6], "texture": "#8"}
			}
		},
		{
			"name": "Bow_39",
			"from": [4, 0, 7],
			"to": [5, 1, 8],
			"rotation": {"angle": -45, "axis": "y", "origin": [8, 8, 8]},
			"faces": {
				"north": {"uv": [5, 7, 4, 8], "texture": "#8"},
				"east": {"uv": [4, 7, 5, 8], "rotation": 90, "texture": "#8"},
				"south": {"uv": [4, 7, 5, 8], "texture": "#8"},
				"west": {"uv": [4, 7, 5, 8], "rotation": 270, "texture": "#8"},
				"up": {"uv": [4, 7, 5, 8], "texture": "#8"},
				"down": {"uv": [4, 8, 5, 7], "texture": "#8"}
			}
		},
		{
			"name": "Bow_36",
			"from": [5, 0, 6],
			"to": [6, 1, 7],
			"rotation": {"angle": -45, "axis": "y", "origin": [8, 8, 8]},
			"faces": {
				"north": {"uv": [6, 6, 5, 7], "texture": "#8"},
				"east": {"uv": [5, 6, 6, 7], "rotation": 90, "texture": "#8"},
				"south": {"uv": [5, 6, 6, 7], "texture": "#8"},
				"west": {"uv": [5, 6, 6, 7], "rotation": 270, "texture": "#8"},
				"up": {"uv": [5, 6, 6, 7], "texture": "#8"},
				"down": {"uv": [5, 7, 6, 6], "texture": "#8"}
			}
		},
		{
			"name": "Crossbow string3_17",
			"from": [13.6, 0.25, 3.55],
			"to": [14.6, 0.75, 4.55],
			"rotation": {"angle": -45, "axis": "y", "origin": [9.1, 8, 10.45]},
			"faces": {
				"north": {"uv": [1, 14, 2, 13], "rotation": 270, "texture": "#7"},
				"east": {"uv": [2, 13, 1, 14], "texture": "#7"},
				"south": {"uv": [1, 14, 2, 13], "rotation": 90, "texture": "#7"},
				"west": {"uv": [1, 13, 2, 14], "texture": "#7"},
				"up": {"uv": [1, 14, 2, 13], "rotation": 90, "texture": "#7"},
				"down": {"uv": [1, 13, 2, 14], "rotation": 270, "texture": "#7"}
			}
		},
		{
			"name": "Crossbow string2_2",
			"from": [-1.35, -0.3, 15.2],
			"to": [0.15, 1.2, 15.7],
			"rotation": {"angle": -45, "axis": "y", "origin": [6.9, 8, 10.45]},
			"faces": {
				"north": {"uv": [13, 2, 14, 1], "rotation": 90, "texture": "#6"},
				"east": {"uv": [14, 1, 13, 2], "rotation": 270, "texture": "#6"},
				"south": {"uv": [13, 1, 14, 2], "rotation": 90, "texture": "#6"},
				"west": {"uv": [13, 1, 14, 2], "rotation": 90, "texture": "#6"},
				"up": {"uv": [13, 1, 14, 2], "rotation": 90, "texture": "#6"},
				"down": {"uv": [13, 1, 14, 2], "rotation": 90, "texture": "#6"}
			}
		},
		{
			"name": "Crossbow string3_3",
			"from": [15.85, -0.3, 15.2],
			"to": [17.35, 1.2, 15.7],
			"rotation": {"angle": 45, "axis": "y", "origin": [9.1, 8, 10.45]},
			"faces": {
				"north": {"uv": [13, 1, 14, 2], "rotation": 90, "texture": "#6"},
				"east": {"uv": [13, 2, 14, 1], "rotation": 90, "texture": "#6"},
				"south": {"uv": [13, 2, 14, 1], "rotation": 90, "texture": "#6"},
				"west": {"uv": [14, 2, 13, 1], "rotation": 270, "texture": "#6"},
				"up": {"uv": [13, 2, 14, 1], "rotation": 90, "texture": "#6"},
				"down": {"uv": [13, 2, 14, 1], "rotation": 90, "texture": "#6"}
			}
		},
		{
			"name": "Crossbow string3_16",
			"from": [1.4, 0.25, 3.55],
			"to": [2.4, 0.75, 4.55],
			"rotation": {"angle": 45, "axis": "y", "origin": [6.9, 8, 10.45]},
			"faces": {
				"north": {"uv": [1, 13, 2, 14], "rotation": 270, "texture": "#7"},
				"east": {"uv": [2, 13, 1, 14], "texture": "#7"},
				"south": {"uv": [1, 13, 2, 14], "rotation": 90, "texture": "#7"},
				"west": {"uv": [1, 13, 2, 14], "texture": "#7"},
				"up": {"uv": [1, 13, 2, 14], "rotation": 90, "texture": "#7"},
				"down": {"uv": [1, 14, 2, 13], "rotation": 270, "texture": "#7"}
			}
		}
	],
	"display": {
		"thirdperson_righthand": {
			"rotation": [0, 0, 90],
			"translation": [-6.25, 0.25, 3.25],
			"scale": [0.85, 0.85, 0.85]
		},
		"thirdperson_lefthand": {
			"rotation": [0, 0, 90],
			"translation": [-6.25, 0.25, 3.25],
			"scale": [0.85, 0.85, 0.85]
		},
		"firstperson_righthand": {
			"rotation": [9, 8, 90],
			"translation": [-2.5, 5.75, 1],
			"scale": [0.68, 0.68, 0.68]
		},
		"firstperson_lefthand": {
			"rotation": [9, 8, 90],
			"translation": [-2.5, 5.75, 1],
			"scale": [0.68, 0.68, 0.68]
		},
		"ground": {
			"translation": [-0.25, 2, 0],
			"scale": [0.5, 0.5, 0.5]
		},
		"gui": {
			"rotation": [90, -45, 0],
			"scale": [0.9, 0.625, 0.9]
		},
		"head": {
			"translation": [0, 14.25, 0]
		},
		"fixed": {
			"rotation": [-90, 135, 0],
			"translation": [0, 0, -7.5],
			"scale": [0.91, 0.91, 0.91]
		}
	},
	"groups": [
		{
			"name": "string",
			"origin": [8, 8, 8],
			"children": [0, 1, 2, 3, 4, 5, 6, 7, 8, 9, 10, 11, 12]
		},
		{
			"name": "Bow",
			"origin": [8, 8, 8],
			"children": [13, 14, 15, 16, 17, 18, 19, 20, 21, 22, 23, 24, 25, 26, 27, 28, 29, 30, 31, 32, 33, 34, 35, 36, 37, 38, 39, 40, 41, 42, 43, 44, 45, 46, 47, 48, 49, 50, 51, 52, 53, 54, 55, 56, 57, 58, 59, 60, 61, 62, 63, 64, 65, 66, 67, 68, 69, 70]
		},
		{
			"name": "group",
			"origin": [6.9, 8, 10.45],
			"children": [71, 72, 73, 74]
		}
	]
}