{
	"credit": "Made with Blockbench",
	"textures": {
		"2": "item/Bow_Crossbow/feather",
		"3": "item/Bow_Crossbow/arrow",
		"6": "item/Bow_Crossbow/string1",
		"7": "item/Bow_Crossbow/string3",
		"8": "item/Bow_Crossbow/Bow"
	},
	"elements": [
		{
			"name": "arrow_1",
			"from": [8.55589, 0.75, -2.75],
			"to": [9.55589, 1.75, -1.75],
			"rotation": {"angle": 0, "axis": "y", "origin": [9.55589, 8.75, 4.25]},
			"faces": {
				"north": {"uv": [1, 8, 2, 9], "rotation": 270, "texture": "#3"},
				"east": {"uv": [2, 8, 1, 9], "texture": "#3"},
				"south": {"uv": [1, 8, 2, 9], "rotation": 90, "texture": "#3"},
				"west": {"uv": [1, 8, 2, 9], "texture": "#3"},
				"up": {"uv": [1, 8, 2, 9], "rotation": 90, "texture": "#3"},
				"down": {"uv": [1, 9, 2, 8], "rotation": 270, "texture": "#3"}
			}
		},
		{
			"name": "arrow_2",
			"from": [8.55589, 0.75, -1.75],
			"to": [9.55589, 1.75, -0.75],
			"rotation": {"angle": 0, "axis": "y", "origin": [9.55589, 8.75, 4.25]},
			"faces": {
				"north": {"uv": [2, 8, 3, 9], "rotation": 270, "texture": "#3"},
				"east": {"uv": [3, 8, 2, 9], "texture": "#3"},
				"south": {"uv": [2, 8, 3, 9], "rotation": 90, "texture": "#3"},
				"west": {"uv": [2, 8, 3, 9], "texture": "#3"},
				"up": {"uv": [2, 8, 3, 9], "rotation": 90, "texture": "#3"},
				"down": {"uv": [2, 9, 3, 8], "rotation": 270, "texture": "#3"}
			}
		},
		{
			"name": "arrow_3",
			"from": [8.55589, 0.75, -0.75],
			"to": [9.55589, 1.75, 0.25],
			"rotation": {"angle": 0, "axis": "y", "origin": [9.55589, 8.75, 4.25]},
			"faces": {
				"north": {"uv": [3, 8, 4, 9], "rotation": 270, "texture": "#3"},
				"east": {"uv": [4, 8, 3, 9], "texture": "#3"},
				"south": {"uv": [3, 8, 4, 9], "rotation": 90, "texture": "#3"},
				"west": {"uv": [3, 8, 4, 9], "texture": "#3"},
				"up": {"uv": [3, 8, 4, 9], "rotation": 90, "texture": "#3"},
				"down": {"uv": [3, 9, 4, 8], "rotation": 270, "texture": "#3"}
			}
		},
		{
			"name": "arrow_4",
			"from": [7.55589, 0.75, -3.75],
			"to": [8.55589, 1.75, -2.75],
			"rotation": {"angle": 0, "axis": "y", "origin": [9.55589, 8.75, 4.25]},
			"faces": {
				"north": {"uv": [0, 9, 1, 10], "rotation": 270, "texture": "#3"},
				"east": {"uv": [1, 9, 0, 10], "texture": "#3"},
				"south": {"uv": [0, 9, 1, 10], "rotation": 90, "texture": "#3"},
				"west": {"uv": [0, 9, 1, 10], "texture": "#3"},
				"up": {"uv": [0, 9, 1, 10], "rotation": 90, "texture": "#3"},
				"down": {"uv": [0, 10, 1, 9], "rotation": 270, "texture": "#3"}
			}
		},
		{
			"name": "arrow_5",
			"from": [7.55589, 0.75, -2.75],
			"to": [8.55589, 1.75, -1.75],
			"rotation": {"angle": 0, "axis": "y", "origin": [9.55589, 8.75, 4.25]},
			"faces": {
				"north": {"uv": [1, 9, 2, 10], "rotation": 270, "texture": "#3"},
				"east": {"uv": [2, 9, 1, 10], "texture": "#3"},
				"south": {"uv": [1, 9, 2, 10], "rotation": 90, "texture": "#3"},
				"west": {"uv": [1, 9, 2, 10], "texture": "#3"},
				"up": {"uv": [1, 9, 2, 10], "rotation": 90, "texture": "#3"},
				"down": {"uv": [1, 10, 2, 9], "rotation": 270, "texture": "#3"}
			}
		},
		{
			"name": "arrow_6",
			"from": [7.55589, 0.75, -1.75],
			"to": [8.55589, 1.75, -0.75],
			"rotation": {"angle": 0, "axis": "y", "origin": [9.55589, 8.75, 4.25]},
			"faces": {
				"north": {"uv": [2, 9, 3, 10], "rotation": 270, "texture": "#3"},
				"east": {"uv": [3, 9, 2, 10], "texture": "#3"},
				"south": {"uv": [2, 9, 3, 10], "rotation": 90, "texture": "#3"},
				"west": {"uv": [2, 9, 3, 10], "texture": "#3"},
				"up": {"uv": [2, 9, 3, 10], "rotation": 90, "texture": "#3"},
				"down": {"uv": [2, 10, 3, 9], "rotation": 270, "texture": "#3"}
			}
		},
		{
			"name": "arrow_7",
			"from": [7.55589, 0.75, -0.75],
			"to": [8.55589, 1.75, 0.25],
			"rotation": {"angle": 0, "axis": "y", "origin": [9.55589, 8.75, 4.25]},
			"faces": {
				"north": {"uv": [3, 9, 4, 10], "rotation": 270, "texture": "#3"},
				"east": {"uv": [4, 9, 3, 10], "texture": "#3"},
				"south": {"uv": [3, 9, 4, 10], "rotation": 90, "texture": "#3"},
				"west": {"uv": [3, 9, 4, 10], "texture": "#3"},
				"up": {"uv": [3, 9, 4, 10], "rotation": 90, "texture": "#3"},
				"down": {"uv": [3, 10, 4, 9], "rotation": 270, "texture": "#3"}
			}
		},
		{
			"name": "arrow_8",
			"from": [7.55589, 0.75, 0.25],
			"to": [8.55589, 1.75, 1.25],
			"rotation": {"angle": 0, "axis": "y", "origin": [9.55589, 8.75, 4.25]},
			"faces": {
				"north": {"uv": [4, 9, 5, 10], "rotation": 270, "texture": "#3"},
				"east": {"uv": [5, 9, 4, 10], "texture": "#3"},
				"south": {"uv": [4, 9, 5, 10], "rotation": 90, "texture": "#3"},
				"west": {"uv": [4, 9, 5, 10], "texture": "#3"},
				"up": {"uv": [4, 9, 5, 10], "rotation": 90, "texture": "#3"},
				"down": {"uv": [4, 10, 5, 9], "rotation": 270, "texture": "#3"}
			}
		},
		{
			"name": "arrow_9",
			"from": [7.55589, 0.75, 1.25],
			"to": [8.55589, 1.75, 2.25],
			"rotation": {"angle": 0, "axis": "y", "origin": [9.55589, 8.75, 4.25]},
			"faces": {
				"north": {"uv": [5, 9, 6, 10], "rotation": 270, "texture": "#3"},
				"east": {"uv": [6, 9, 5, 10], "texture": "#3"},
				"south": {"uv": [5, 9, 6, 10], "rotation": 90, "texture": "#3"},
				"west": {"uv": [5, 9, 6, 10], "texture": "#3"},
				"up": {"uv": [5, 9, 6, 10], "rotation": 90, "texture": "#3"},
				"down": {"uv": [5, 10, 6, 9], "rotation": 270, "texture": "#3"}
			}
		},
		{
			"name": "arrow_10",
			"from": [7.55589, 0.75, 2.25],
			"to": [8.55589, 1.75, 3.25],
			"rotation": {"angle": 0, "axis": "y", "origin": [9.55589, 8.75, 4.25]},
			"faces": {
				"north": {"uv": [6, 9, 7, 10], "rotation": 270, "texture": "#3"},
				"east": {"uv": [7, 9, 6, 10], "texture": "#3"},
				"south": {"uv": [6, 9, 7, 10], "rotation": 90, "texture": "#3"},
				"west": {"uv": [6, 9, 7, 10], "texture": "#3"},
				"up": {"uv": [6, 9, 7, 10], "rotation": 90, "texture": "#3"},
				"down": {"uv": [6, 10, 7, 9], "rotation": 270, "texture": "#3"}
			}
		},
		{
			"name": "arrow_11",
			"from": [7.55589, 0.75, 3.25],
			"to": [8.55589, 1.75, 4.25],
			"rotation": {"angle": 0, "axis": "y", "origin": [9.55589, 8.75, 4.25]},
			"faces": {
				"north": {"uv": [7, 9, 8, 10], "rotation": 270, "texture": "#3"},
				"east": {"uv": [8, 9, 7, 10], "texture": "#3"},
				"south": {"uv": [7, 9, 8, 10], "rotation": 90, "texture": "#3"},
				"west": {"uv": [7, 9, 8, 10], "texture": "#3"},
				"up": {"uv": [7, 9, 8, 10], "rotation": 90, "texture": "#3"},
				"down": {"uv": [7, 10, 8, 9], "rotation": 270, "texture": "#3"}
			}
		},
		{
			"name": "arrow_12",
			"from": [7.55589, 0.75, 4.25],
			"to": [8.55589, 1.75, 5.25],
			"rotation": {"angle": 0, "axis": "y", "origin": [9.55589, 8.75, 4.25]},
			"faces": {
				"north": {"uv": [8, 9, 9, 10], "rotation": 270, "texture": "#3"},
				"east": {"uv": [9, 9, 8, 10], "texture": "#3"},
				"south": {"uv": [8, 9, 9, 10], "rotation": 90, "texture": "#3"},
				"west": {"uv": [8, 9, 9, 10], "texture": "#3"},
				"up": {"uv": [8, 9, 9, 10], "rotation": 90, "texture": "#3"},
				"down": {"uv": [8, 10, 9, 9], "rotation": 270, "texture": "#3"}
			}
		},
		{
			"name": "arrow_13",
			"from": [7.55589, 0.75, 5.25],
			"to": [8.55589, 1.75, 6.25],
			"rotation": {"angle": 0, "axis": "y", "origin": [9.55589, 8.75, 4.25]},
			"faces": {
				"north": {"uv": [9, 9, 10, 10], "rotation": 270, "texture": "#3"},
				"east": {"uv": [10, 9, 9, 10], "texture": "#3"},
				"south": {"uv": [9, 9, 10, 10], "rotation": 90, "texture": "#3"},
				"west": {"uv": [9, 9, 10, 10], "texture": "#3"},
				"up": {"uv": [9, 9, 10, 10], "rotation": 90, "texture": "#3"},
				"down": {"uv": [9, 10, 10, 9], "rotation": 270, "texture": "#3"}
			}
		},
		{
			"name": "arrow_14",
			"from": [7.55589, 0.75, 6.25],
			"to": [8.55589, 1.75, 7.25],
			"rotation": {"angle": 0, "axis": "y", "origin": [9.55589, 8.75, 4.25]},
			"faces": {
				"north": {"uv": [10, 9, 11, 10], "rotation": 270, "texture": "#3"},
				"east": {"uv": [11, 9, 10, 10], "texture": "#3"},
				"south": {"uv": [10, 9, 11, 10], "rotation": 90, "texture": "#3"},
				"west": {"uv": [10, 9, 11, 10], "texture": "#3"},
				"up": {"uv": [10, 9, 11, 10], "rotation": 90, "texture": "#3"},
				"down": {"uv": [10, 10, 11, 9], "rotation": 270, "texture": "#3"}
			}
		},
		{
			"name": "arrow_15",
			"from": [7.55589, 0.75, 7.25],
			"to": [8.55589, 1.75, 8.25],
			"rotation": {"angle": 0, "axis": "y", "origin": [9.55589, 8.75, 4.25]},
			"faces": {
				"north": {"uv": [11, 9, 12, 10], "rotation": 270, "texture": "#3"},
				"east": {"uv": [12, 9, 11, 10], "texture": "#3"},
				"south": {"uv": [11, 9, 12, 10], "rotation": 90, "texture": "#3"},
				"west": {"uv": [11, 9, 12, 10], "texture": "#3"},
				"up": {"uv": [11, 9, 12, 10], "rotation": 90, "texture": "#3"},
				"down": {"uv": [11, 10, 12, 9], "rotation": 270, "texture": "#3"}
			}
		},
		{
			"name": "arrow_16",
			"from": [7.55589, 0.75, 8.25],
			"to": [8.55589, 1.75, 9.25],
			"rotation": {"angle": 0, "axis": "y", "origin": [9.55589, 8.75, 4.25]},
			"faces": {
				"north": {"uv": [12, 9, 13, 10], "rotation": 270, "texture": "#3"},
				"east": {"uv": [13, 9, 12, 10], "texture": "#3"},
				"south": {"uv": [12, 9, 13, 10], "rotation": 90, "texture": "#3"},
				"west": {"uv": [12, 9, 13, 10], "texture": "#3"},
				"up": {"uv": [12, 9, 13, 10], "rotation": 90, "texture": "#3"},
				"down": {"uv": [12, 10, 13, 9], "rotation": 270, "texture": "#3"}
			}
		},
		{
			"name": "arrow_17",
			"from": [7.55589, 0.75, 9.25],
			"to": [8.55589, 1.75, 10.25],
			"rotation": {"angle": 0, "axis": "y", "origin": [9.55589, 8.75, 4.25]},
			"faces": {
				"north": {"uv": [13, 9, 14, 10], "rotation": 270, "texture": "#3"},
				"east": {"uv": [14, 9, 13, 10], "texture": "#3"},
				"south": {"uv": [13, 9, 14, 10], "rotation": 90, "texture": "#3"},
				"west": {"uv": [13, 9, 14, 10], "texture": "#3"},
				"up": {"uv": [13, 9, 14, 10], "rotation": 90, "texture": "#3"},
				"down": {"uv": [13, 10, 14, 9], "rotation": 270, "texture": "#3"}
			}
		},
		{
			"name": "arrow_18",
			"from": [7.55589, 0.75, 10.25],
			"to": [8.55589, 1.75, 11.25],
			"rotation": {"angle": 0, "axis": "y", "origin": [9.55589, 8.75, 4.25]},
			"faces": {
				"north": {"uv": [14, 9, 15, 10], "rotation": 270, "texture": "#3"},
				"east": {"uv": [15, 9, 14, 10], "texture": "#3"},
				"south": {"uv": [14, 9, 15, 10], "rotation": 90, "texture": "#3"},
				"west": {"uv": [14, 9, 15, 10], "texture": "#3"},
				"up": {"uv": [14, 9, 15, 10], "rotation": 90, "texture": "#3"},
				"down": {"uv": [14, 10, 15, 9], "rotation": 270, "texture": "#3"}
			}
		},
		{
			"name": "arrow_19",
			"from": [6.55589, 0.75, -2.75],
			"to": [7.55589, 1.75, -1.75],
			"rotation": {"angle": 0, "axis": "y", "origin": [9.55589, 8.75, 4.25]},
			"faces": {
				"north": {"uv": [1, 10, 2, 11], "rotation": 270, "texture": "#3"},
				"east": {"uv": [2, 10, 1, 11], "texture": "#3"},
				"south": {"uv": [1, 10, 2, 11], "rotation": 90, "texture": "#3"},
				"west": {"uv": [1, 10, 2, 11], "texture": "#3"},
				"up": {"uv": [1, 10, 2, 11], "rotation": 90, "texture": "#3"},
				"down": {"uv": [1, 11, 2, 10], "rotation": 270, "texture": "#3"}
			}
		},
		{
			"name": "arrow_20",
			"from": [6.55589, 0.75, -1.75],
			"to": [7.55589, 1.75, -0.75],
			"rotation": {"angle": 0, "axis": "y", "origin": [9.55589, 8.75, 4.25]},
			"faces": {
				"north": {"uv": [2, 10, 3, 11], "rotation": 270, "texture": "#3"},
				"east": {"uv": [3, 10, 2, 11], "texture": "#3"},
				"south": {"uv": [2, 10, 3, 11], "rotation": 90, "texture": "#3"},
				"west": {"uv": [2, 10, 3, 11], "texture": "#3"},
				"up": {"uv": [2, 10, 3, 11], "rotation": 90, "texture": "#3"},
				"down": {"uv": [2, 11, 3, 10], "rotation": 270, "texture": "#3"}
			}
		},
		{
			"name": "arrow_21",
			"from": [6.55589, 0.75, -0.75],
			"to": [7.55589, 1.75, 0.25],
			"rotation": {"angle": 0, "axis": "y", "origin": [9.55589, 8.75, 4.25]},
			"faces": {
				"north": {"uv": [3, 10, 4, 11], "rotation": 270, "texture": "#3"},
				"east": {"uv": [4, 10, 3, 11], "texture": "#3"},
				"south": {"uv": [3, 10, 4, 11], "rotation": 90, "texture": "#3"},
				"west": {"uv": [3, 10, 4, 11], "texture": "#3"},
				"up": {"uv": [3, 10, 4, 11], "rotation": 90, "texture": "#3"},
				"down": {"uv": [3, 11, 4, 10], "rotation": 270, "texture": "#3"}
			}
		},
		{
			"name": "Crossbow arrow_33",
			"from": [7.10391, 0.75, 8.04973],
			"to": [8.10391, 1.25, 9.04973],
			"rotation": {"angle": 22.5, "axis": "z", "origin": [6.02045, 0.98741, 9.90802]},
			"faces": {
				"north": {"uv": [12, 11, 13, 12], "rotation": 270, "texture": "#2"},
				"east": {"uv": [13, 11, 12, 12], "texture": "#2"},
				"south": {"uv": [12, 11, 13, 12], "rotation": 90, "texture": "#2"},
				"west": {"uv": [12, 11, 13, 12], "texture": "#2"},
				"up": {"uv": [12, 11, 13, 12], "rotation": 90, "texture": "#2"},
				"down": {"uv": [12, 12, 13, 11], "rotation": 270, "texture": "#2"}
			}
		},
		{
			"name": "Crossbow arrow_34",
			"from": [6.10391, 0.75, 8.04973],
			"to": [7.10391, 1.25, 9.04973],
			"rotation": {"angle": 22.5, "axis": "z", "origin": [6.02045, 0.98741, 9.90802]},
			"faces": {
				"north": {"uv": [12, 12, 13, 13], "rotation": 270, "texture": "#2"},
				"east": {"uv": [13, 12, 12, 13], "texture": "#2"},
				"south": {"uv": [12, 12, 13, 13], "rotation": 90, "texture": "#2"},
				"west": {"uv": [12, 12, 13, 13], "texture": "#2"},
				"up": {"uv": [12, 12, 13, 13], "rotation": 90, "texture": "#2"},
				"down": {"uv": [12, 13, 13, 12], "rotation": 270, "texture": "#2"}
			}
		},
		{
			"name": "Crossbow arrow_35",
			"from": [6.10391, 0.75, 9.04973],
			"to": [7.10391, 1.25, 10.04973],
			"rotation": {"angle": 22.5, "axis": "z", "origin": [6.02045, 0.98741, 9.90802]},
			"faces": {
				"north": {"uv": [13, 12, 14, 13], "rotation": 270, "texture": "#2"},
				"east": {"uv": [14, 12, 13, 13], "texture": "#2"},
				"south": {"uv": [13, 12, 14, 13], "rotation": 90, "texture": "#2"},
				"west": {"uv": [13, 12, 14, 13], "texture": "#2"},
				"up": {"uv": [13, 12, 14, 13], "rotation": 90, "texture": "#2"},
				"down": {"uv": [13, 13, 14, 12], "rotation": 270, "texture": "#2"}
			}
		},
		{
			"name": "Crossbow arrow_37",
			"from": [5.10391, 0.75, 9.04973],
			"to": [6.10391, 1.25, 10.04973],
			"rotation": {"angle": 22.5, "axis": "z", "origin": [6.02045, 0.98741, 9.90802]},
			"faces": {
				"north": {"uv": [13, 13, 14, 14], "rotation": 270, "texture": "#2"},
				"east": {"uv": [14, 13, 13, 14], "texture": "#2"},
				"south": {"uv": [13, 13, 14, 14], "rotation": 90, "texture": "#2"},
				"west": {"uv": [13, 13, 14, 14], "texture": "#2"},
				"up": {"uv": [13, 13, 14, 14], "rotation": 90, "texture": "#2"},
				"down": {"uv": [13, 14, 14, 13], "rotation": 270, "texture": "#2"}
			}
		},
		{
			"name": "Crossbow arrow_38",
			"from": [5.10391, 0.75, 10.04973],
			"to": [6.10391, 1.25, 11.04973],
			"rotation": {"angle": 22.5, "axis": "z", "origin": [6.02045, 0.98741, 9.90802]},
			"faces": {
				"north": {"uv": [14, 13, 15, 14], "rotation": 270, "texture": "#2"},
				"east": {"uv": [15, 13, 14, 14], "texture": "#2"},
				"south": {"uv": [14, 13, 15, 14], "rotation": 90, "texture": "#2"},
				"west": {"uv": [14, 13, 15, 14], "texture": "#2"},
				"up": {"uv": [14, 13, 15, 14], "rotation": 90, "texture": "#2"},
				"down": {"uv": [14, 14, 15, 13], "rotation": 270, "texture": "#2"}
			}
		},
		{
			"name": "Crossbow arrow_40",
			"from": [4.10391, 0.75, 10.04973],
			"to": [5.10391, 1.25, 11.04973],
			"rotation": {"angle": 22.5, "axis": "z", "origin": [6.02045, 0.98741, 9.90802]},
			"faces": {
				"north": {"uv": [14, 14, 15, 15], "rotation": 270, "texture": "#2"},
				"east": {"uv": [15, 14, 14, 15], "texture": "#2"},
				"south": {"uv": [14, 14, 15, 15], "rotation": 90, "texture": "#2"},
				"west": {"uv": [14, 14, 15, 15], "texture": "#2"},
				"up": {"uv": [14, 14, 15, 15], "rotation": 90, "texture": "#2"},
				"down": {"uv": [14, 15, 15, 14], "rotation": 270, "texture": "#2"}
			}
		},
		{
			"name": "Crossbow arrow_34",
			"from": [7.68652, 1.5, 8.02152],
			"to": [8.68652, 2, 9.02152],
			"rotation": {"angle": -22.5, "axis": "z", "origin": [8.01444, 0.59377, 4.68162]},
			"faces": {
				"north": {"uv": [12, 12, 13, 11], "rotation": 270, "texture": "#2"},
				"east": {"uv": [13, 11, 12, 12], "texture": "#2"},
				"south": {"uv": [12, 12, 13, 11], "rotation": 90, "texture": "#2"},
				"west": {"uv": [12, 11, 13, 12], "texture": "#2"},
				"up": {"uv": [12, 12, 13, 11], "rotation": 90, "texture": "#2"},
				"down": {"uv": [12, 11, 13, 12], "rotation": 270, "texture": "#2"}
			}
		},
		{
			"name": "Crossbow arrow_35",
			"from": [8.68652, 1.5, 8.02152],
			"to": [9.68652, 2, 9.02152],
			"rotation": {"angle": -22.5, "axis": "z", "origin": [8.01444, 0.59377, 4.68162]},
			"faces": {
				"north": {"uv": [12, 13, 13, 12], "rotation": 270, "texture": "#2"},
				"east": {"uv": [13, 12, 12, 13], "texture": "#2"},
				"south": {"uv": [12, 13, 13, 12], "rotation": 90, "texture": "#2"},
				"west": {"uv": [12, 12, 13, 13], "texture": "#2"},
				"up": {"uv": [12, 13, 13, 12], "rotation": 90, "texture": "#2"},
				"down": {"uv": [12, 12, 13, 13], "rotation": 270, "texture": "#2"}
			}
		},
		{
			"name": "Crossbow arrow_36",
			"from": [8.68652, 1.5, 9.02152],
			"to": [9.68652, 2, 10.02152],
			"rotation": {"angle": -22.5, "axis": "z", "origin": [8.01444, 0.59377, 4.68162]},
			"faces": {
				"north": {"uv": [13, 13, 14, 12], "rotation": 270, "texture": "#2"},
				"east": {"uv": [14, 12, 13, 13], "texture": "#2"},
				"south": {"uv": [13, 13, 14, 12], "rotation": 90, "texture": "#2"},
				"west": {"uv": [13, 12, 14, 13], "texture": "#2"},
				"up": {"uv": [13, 13, 14, 12], "rotation": 90, "texture": "#2"},
				"down": {"uv": [13, 12, 14, 13], "rotation": 270, "texture": "#2"}
			}
		},
		{
			"name": "Crossbow arrow_38",
			"from": [9.68652, 1.5, 9.02152],
			"to": [10.68652, 2, 10.02152],
			"rotation": {"angle": -22.5, "axis": "z", "origin": [8.01444, 0.59377, 4.68162]},
			"faces": {
				"north": {"uv": [13, 14, 14, 13], "rotation": 270, "texture": "#2"},
				"east": {"uv": [14, 13, 13, 14], "texture": "#2"},
				"south": {"uv": [13, 14, 14, 13], "rotation": 90, "texture": "#2"},
				"west": {"uv": [13, 13, 14, 14], "texture": "#2"},
				"up": {"uv": [13, 14, 14, 13], "rotation": 90, "texture": "#2"},
				"down": {"uv": [13, 13, 14, 14], "rotation": 270, "texture": "#2"}
			}
		},
		{
			"name": "Crossbow arrow_39",
			"from": [9.68652, 1.5, 10.02152],
			"to": [10.68652, 2, 11.02152],
			"rotation": {"angle": -22.5, "axis": "z", "origin": [8.01444, 0.59377, 4.68162]},
			"faces": {
				"north": {"uv": [14, 14, 15, 13], "rotation": 270, "texture": "#2"},
				"east": {"uv": [15, 13, 14, 14], "texture": "#2"},
				"south": {"uv": [14, 14, 15, 13], "rotation": 90, "texture": "#2"},
				"west": {"uv": [14, 13, 15, 14], "texture": "#2"},
				"up": {"uv": [14, 14, 15, 13], "rotation": 90, "texture": "#2"},
				"down": {"uv": [14, 13, 15, 14], "rotation": 270, "texture": "#2"}
			}
		},
		{
			"name": "Crossbow arrow_41",
			"from": [10.68652, 1.5, 10.02152],
			"to": [11.68652, 2, 11.02152],
			"rotation": {"angle": -22.5, "axis": "z", "origin": [8.01444, 0.59377, 4.68162]},
			"faces": {
				"north": {"uv": [14, 15, 15, 14], "rotation": 270, "texture": "#2"},
				"east": {"uv": [15, 14, 14, 15], "texture": "#2"},
				"south": {"uv": [14, 15, 15, 14], "rotation": 90, "texture": "#2"},
				"west": {"uv": [14, 14, 15, 15], "texture": "#2"},
				"up": {"uv": [14, 15, 15, 14], "rotation": 90, "texture": "#2"},
				"down": {"uv": [14, 14, 15, 15], "rotation": 270, "texture": "#2"}
			}
		},
		{
			"name": "Crossbow arrow_36",
			"from": [7.80589, 1.1, 8.05217],
			"to": [8.30589, 2.1, 9.05217],
			"rotation": {"angle": 0, "axis": "y", "origin": [8.07493, 0.69377, 4.68162]},
			"faces": {
				"north": {"uv": [12, 13, 13, 12], "texture": "#2"},
				"east": {"uv": [12, 12, 13, 13], "rotation": 180, "texture": "#2"},
				"south": {"uv": [12, 13, 13, 12], "texture": "#2"},
				"west": {"uv": [12, 13, 13, 12], "texture": "#2"},
				"up": {"uv": [13, 12, 12, 13], "rotation": 270, "texture": "#2"},
				"down": {"uv": [12, 12, 13, 13], "rotation": 270, "texture": "#2"}
			}
		},
		{
			"name": "Crossbow arrow_37",
			"from": [7.80589, 1.1, 9.05217],
			"to": [8.30589, 2.1, 10.05217],
			"rotation": {"angle": 0, "axis": "y", "origin": [8.07493, 0.69377, 4.68162]},
			"faces": {
				"north": {"uv": [13, 13, 14, 12], "texture": "#2"},
				"east": {"uv": [13, 12, 14, 13], "rotation": 180, "texture": "#2"},
				"south": {"uv": [13, 13, 14, 12], "texture": "#2"},
				"west": {"uv": [13, 13, 14, 12], "texture": "#2"},
				"up": {"uv": [14, 12, 13, 13], "rotation": 270, "texture": "#2"},
				"down": {"uv": [13, 12, 14, 13], "rotation": 270, "texture": "#2"}
			}
		},
		{
			"name": "Crossbow arrow_39",
			"from": [7.80589, 2.1, 9.05217],
			"to": [8.30589, 3.1, 10.05217],
			"rotation": {"angle": 0, "axis": "y", "origin": [8.07493, 0.69377, 4.68162]},
			"faces": {
				"north": {"uv": [13, 14, 14, 13], "texture": "#2"},
				"east": {"uv": [13, 13, 14, 14], "rotation": 180, "texture": "#2"},
				"south": {"uv": [13, 14, 14, 13], "texture": "#2"},
				"west": {"uv": [13, 14, 14, 13], "texture": "#2"},
				"up": {"uv": [14, 13, 13, 14], "rotation": 270, "texture": "#2"},
				"down": {"uv": [13, 13, 14, 14], "rotation": 270, "texture": "#2"}
			}
		},
		{
			"name": "Crossbow arrow_40",
			"from": [7.80589, 2.1, 10.05217],
			"to": [8.30589, 3.1, 11.05217],
			"rotation": {"angle": 0, "axis": "y", "origin": [8.07493, 0.69377, 4.68162]},
			"faces": {
				"north": {"uv": [14, 14, 15, 13], "texture": "#2"},
				"east": {"uv": [14, 13, 15, 14], "rotation": 180, "texture": "#2"},
				"south": {"uv": [14, 14, 15, 13], "texture": "#2"},
				"west": {"uv": [14, 14, 15, 13], "texture": "#2"},
				"up": {"uv": [15, 13, 14, 14], "rotation": 270, "texture": "#2"},
				"down": {"uv": [14, 13, 15, 14], "rotation": 270, "texture": "#2"}
			}
		},
		{
			"name": "Crossbow arrow_42",
			"from": [7.80589, 3.1, 10.05217],
			"to": [8.30589, 4.1, 11.05217],
			"rotation": {"angle": 0, "axis": "y", "origin": [8.07493, 0.69377, 4.68162]},
			"faces": {
				"north": {"uv": [14, 15, 15, 14], "texture": "#2"},
				"east": {"uv": [14, 14, 15, 15], "rotation": 180, "texture": "#2"},
				"south": {"uv": [14, 15, 15, 14], "texture": "#2"},
				"west": {"uv": [14, 15, 15, 14], "texture": "#2"},
				"up": {"uv": [15, 14, 14, 15], "rotation": 270, "texture": "#2"},
				"down": {"uv": [14, 14, 15, 15], "rotation": 270, "texture": "#2"}
			}
		},
		{
			"name": "Crossbow string1_0",
			"from": [13.4, 0.25, 16.5],
			"to": [14.4, 0.75, 17.5],
			"rotation": {"angle": 45, "axis": "y", "origin": [6.9, 8, 10.45]},
			"faces": {
				"north": {"uv": [13, 1, 14, 2], "rotation": 270, "texture": "#6"},
				"east": {"uv": [14, 1, 13, 2], "texture": "#6"},
				"south": {"uv": [13, 1, 14, 2], "rotation": 90, "texture": "#6"},
				"west": {"uv": [13, 1, 14, 2], "texture": "#6"},
				"up": {"uv": [13, 1, 14, 2], "rotation": 90, "texture": "#6"},
				"down": {"uv": [13, 2, 14, 1], "rotation": 270, "texture": "#6"}
			}
		},
		{
			"name": "Crossbow string1_1",
			"from": [12.4, 0.5, 15.6],
			"to": [13.4, 1, 16.6],
			"rotation": {"angle": 45, "axis": "y", "origin": [6.9, 8, 10.45]},
			"faces": {
				"north": {"uv": [12, 2, 13, 3], "rotation": 270, "texture": "#6"},
				"east": {"uv": [13, 2, 12, 3], "texture": "#6"},
				"south": {"uv": [12, 2, 13, 3], "rotation": 90, "texture": "#6"},
				"west": {"uv": [12, 2, 13, 3], "texture": "#6"},
				"up": {"uv": [12, 2, 13, 3], "rotation": 90, "texture": "#6"},
				"down": {"uv": [12, 3, 13, 2], "rotation": 270, "texture": "#6"}
			}
		},
		{
			"name": "Crossbow string1_2",
			"from": [11.4, 0.5, 15.6],
			"to": [12.4, 1, 16.6],
			"rotation": {"angle": 45, "axis": "y", "origin": [6.9, 8, 10.45]},
			"faces": {
				"north": {"uv": [12, 3, 13, 4], "rotation": 270, "texture": "#6"},
				"east": {"uv": [13, 3, 12, 4], "texture": "#6"},
				"south": {"uv": [12, 3, 13, 4], "rotation": 90, "texture": "#6"},
				"west": {"uv": [12, 3, 13, 4], "texture": "#6"},
				"up": {"uv": [12, 3, 13, 4], "rotation": 90, "texture": "#6"},
				"down": {"uv": [12, 4, 13, 3], "rotation": 270, "texture": "#6"}
			}
		},
		{
			"name": "Crossbow string1_3",
			"from": [10.4, 0.5, 14.6],
			"to": [11.4, 1, 15.6],
			"rotation": {"angle": 45, "axis": "y", "origin": [6.9, 8, 10.45]},
			"faces": {
				"north": {"uv": [11, 4, 12, 5], "rotation": 270, "texture": "#6"},
				"east": {"uv": [12, 4, 11, 5], "texture": "#6"},
				"south": {"uv": [11, 4, 12, 5], "rotation": 90, "texture": "#6"},
				"west": {"uv": [11, 4, 12, 5], "texture": "#6"},
				"up": {"uv": [11, 4, 12, 5], "rotation": 90, "texture": "#6"},
				"down": {"uv": [11, 5, 12, 4], "rotation": 270, "texture": "#6"}
			}
		},
		{
			"name": "Crossbow string1_4",
			"from": [9.4, 0.75, 13.6],
			"to": [10.4, 1.25, 14.6],
			"rotation": {"angle": 45, "axis": "y", "origin": [6.9, 8, 10.45]},
			"faces": {
				"north": {"uv": [10, 5, 11, 6], "rotation": 270, "texture": "#6"},
				"east": {"uv": [11, 5, 10, 6], "texture": "#6"},
				"south": {"uv": [10, 5, 11, 6], "rotation": 90, "texture": "#6"},
				"west": {"uv": [10, 5, 11, 6], "texture": "#6"},
				"up": {"uv": [10, 5, 11, 6], "rotation": 90, "texture": "#6"},
				"down": {"uv": [10, 6, 11, 5], "rotation": 270, "texture": "#6"}
			}
		},
		{
			"name": "Crossbow string1_5",
			"from": [8.4, 0.75, 13.6],
			"to": [9.4, 1.25, 14.6],
			"rotation": {"angle": 45, "axis": "y", "origin": [6.9, 8, 10.45]},
			"faces": {
				"north": {"uv": [10, 6, 11, 7], "rotation": 270, "texture": "#6"},
				"east": {"uv": [11, 6, 10, 7], "texture": "#6"},
				"south": {"uv": [10, 6, 11, 7], "rotation": 90, "texture": "#6"},
				"west": {"uv": [10, 6, 11, 7], "texture": "#6"},
				"up": {"uv": [10, 6, 11, 7], "rotation": 90, "texture": "#6"},
				"down": {"uv": [10, 7, 11, 6], "rotation": 270, "texture": "#6"}
			}
		},
		{
			"name": "Crossbow string1_6",
			"from": [7.4, 0.75, 12.6],
			"to": [8.4, 1.25, 13.6],
			"rotation": {"angle": 45, "axis": "y", "origin": [6.9, 8, 10.45]},
			"faces": {
				"north": {"uv": [9, 7, 10, 8], "rotation": 270, "texture": "#6"},
				"east": {"uv": [10, 7, 9, 8], "texture": "#6"},
				"south": {"uv": [9, 7, 10, 8], "rotation": 90, "texture": "#6"},
				"west": {"uv": [9, 7, 10, 8], "texture": "#6"},
				"up": {"uv": [9, 7, 10, 8], "rotation": 90, "texture": "#6"},
				"down": {"uv": [9, 8, 10, 7], "rotation": 270, "texture": "#6"}
			}
		},
		{
			"name": "Crossbow string1_7",
			"from": [6.4, 0.75, 11.6],
			"to": [7.4, 1.25, 12.6],
			"rotation": {"angle": 45, "axis": "y", "origin": [6.9, 8, 10.45]},
			"faces": {
				"north": {"uv": [8, 8, 9, 9], "rotation": 270, "texture": "#6"},
				"east": {"uv": [9, 8, 8, 9], "texture": "#6"},
				"south": {"uv": [8, 8, 9, 9], "rotation": 90, "texture": "#6"},
				"west": {"uv": [8, 8, 9, 9], "texture": "#6"},
				"up": {"uv": [8, 8, 9, 9], "rotation": 90, "texture": "#6"},
				"down": {"uv": [8, 9, 9, 8], "rotation": 270, "texture": "#6"}
			}
		},
		{
			"name": "Crossbow string1_8",
			"from": [5.4, 0.75, 10.6],
			"to": [6.4, 1.25, 11.6],
			"rotation": {"angle": 45, "axis": "y", "origin": [6.9, 8, 10.45]},
			"faces": {
				"north": {"uv": [7, 9, 8, 10], "rotation": 270, "texture": "#6"},
				"east": {"uv": [8, 9, 7, 10], "texture": "#6"},
				"south": {"uv": [7, 9, 8, 10], "rotation": 90, "texture": "#6"},
				"west": {"uv": [7, 9, 8, 10], "texture": "#6"},
				"up": {"uv": [7, 9, 8, 10], "rotation": 90, "texture": "#6"},
				"down": {"uv": [7, 10, 8, 9], "rotation": 270, "texture": "#6"}
			}
		},
		{
			"name": "Crossbow string1_9",
			"from": [4.4, 0.75, 8.6],
			"to": [5.4, 1.25, 9.6],
			"rotation": {"angle": 45, "axis": "y", "origin": [6.9, 8, 10.45]},
			"faces": {
				"north": {"uv": [5, 10, 6, 11], "rotation": 270, "texture": "#6"},
				"east": {"uv": [6, 10, 5, 11], "texture": "#6"},
				"south": {"uv": [5, 10, 6, 11], "rotation": 90, "texture": "#6"},
				"west": {"uv": [5, 10, 6, 11], "texture": "#6"},
				"up": {"uv": [5, 10, 6, 11], "rotation": 90, "texture": "#6"},
				"down": {"uv": [5, 11, 6, 10], "rotation": 270, "texture": "#6"}
			}
		},
		{
			"name": "Crossbow string1_10",
			"from": [4.4, 0.75, 9.6],
			"to": [5.4, 1.25, 10.6],
			"rotation": {"angle": 45, "axis": "y", "origin": [6.9, 8, 10.45]},
			"faces": {
				"north": {"uv": [6, 10, 7, 11], "rotation": 270, "texture": "#6"},
				"east": {"uv": [7, 10, 6, 11], "texture": "#6"},
				"south": {"uv": [6, 10, 7, 11], "rotation": 90, "texture": "#6"},
				"west": {"uv": [6, 10, 7, 11], "texture": "#6"},
				"up": {"uv": [6, 10, 7, 11], "rotation": 90, "texture": "#6"},
				"down": {"uv": [6, 11, 7, 10], "rotation": 270, "texture": "#6"}
			}
		},
		{
			"name": "Crossbow string1_11",
			"from": [3.4, 0.5, 7.6],
			"to": [4.4, 1, 8.6],
			"rotation": {"angle": 45, "axis": "y", "origin": [6.9, 8, 10.45]},
			"faces": {
				"north": {"uv": [4, 11, 5, 12], "rotation": 270, "texture": "#6"},
				"east": {"uv": [5, 11, 4, 12], "texture": "#6"},
				"south": {"uv": [4, 11, 5, 12], "rotation": 90, "texture": "#6"},
				"west": {"uv": [4, 11, 5, 12], "texture": "#6"},
				"up": {"uv": [4, 11, 5, 12], "rotation": 90, "texture": "#6"},
				"down": {"uv": [4, 12, 5, 11], "rotation": 270, "texture": "#6"}
			}
		},
		{
			"name": "Crossbow string1_12",
			"from": [2.4, 0.5, 5.6],
			"to": [3.4, 1, 6.6],
			"rotation": {"angle": 45, "axis": "y", "origin": [6.9, 8, 10.45]},
			"faces": {
				"north": {"uv": [2, 12, 3, 13], "rotation": 270, "texture": "#6"},
				"east": {"uv": [3, 12, 2, 13], "texture": "#6"},
				"south": {"uv": [2, 12, 3, 13], "rotation": 90, "texture": "#6"},
				"west": {"uv": [2, 12, 3, 13], "texture": "#6"},
				"up": {"uv": [2, 12, 3, 13], "rotation": 90, "texture": "#6"},
				"down": {"uv": [2, 13, 3, 12], "rotation": 270, "texture": "#6"}
			}
		},
		{
			"name": "Crossbow string1_13",
			"from": [2.4, 0.5, 6.6],
			"to": [3.4, 1, 7.6],
			"rotation": {"angle": 45, "axis": "y", "origin": [6.9, 8, 10.45]},
			"faces": {
				"north": {"uv": [3, 12, 4, 13], "rotation": 270, "texture": "#6"},
				"east": {"uv": [4, 12, 3, 13], "texture": "#6"},
				"south": {"uv": [3, 12, 4, 13], "rotation": 90, "texture": "#6"},
				"west": {"uv": [3, 12, 4, 13], "texture": "#6"},
				"up": {"uv": [3, 12, 4, 13], "rotation": 90, "texture": "#6"},
				"down": {"uv": [3, 13, 4, 12], "rotation": 270, "texture": "#6"}
			}
		},
		{
			"name": "Crossbow string1_14",
			"from": [1.4, 0.25, 4.5],
			"to": [2.4, 0.75, 5.6],
			"rotation": {"angle": 45, "axis": "y", "origin": [6.9, 8, 10.45]},
			"faces": {
				"north": {"uv": [1, 13, 2, 14], "rotation": 270, "texture": "#6"},
				"east": {"uv": [2, 13, 1, 14], "texture": "#6"},
				"south": {"uv": [1, 13, 2, 14], "rotation": 90, "texture": "#6"},
				"west": {"uv": [1, 13, 2, 14], "texture": "#6"},
				"up": {"uv": [1, 13, 2, 14], "rotation": 90, "texture": "#6"},
				"down": {"uv": [1, 14, 2, 13], "rotation": 270, "texture": "#6"}
			}
		},
		{
			"name": "Bow_0",
			"from": [12, 0, 0],
			"to": [13, 1, 1],
			"rotation": {"angle": -45, "axis": "y", "origin": [8, 8, 8]},
			"faces": {
				"north": {"uv": [13, 0, 12, 1], "texture": "#8"},
				"east": {"uv": [12, 0, 13, 1], "rotation": 90, "texture": "#8"},
				"south": {"uv": [12, 0, 13, 1], "texture": "#8"},
				"west": {"uv": [12, 0, 13, 1], "rotation": 270, "texture": "#8"},
				"up": {"uv": [12, 0, 13, 1], "texture": "#8"},
				"down": {"uv": [12, 1, 13, 0], "texture": "#8"}
			}
		},
		{
			"name": "Bow_1",
			"from": [13, 0, 0],
			"to": [14, 1, 1],
			"rotation": {"angle": -45, "axis": "y", "origin": [8, 8, 8]},
			"faces": {
				"north": {"uv": [14, 0, 13, 1], "texture": "#8"},
				"east": {"uv": [13, 0, 14, 1], "rotation": 90, "texture": "#8"},
				"south": {"uv": [13, 0, 14, 1], "texture": "#8"},
				"west": {"uv": [13, 0, 14, 1], "rotation": 270, "texture": "#8"},
				"up": {"uv": [13, 0, 14, 1], "texture": "#8"},
				"down": {"uv": [13, 1, 14, 0], "texture": "#8"}
			}
		},
		{
			"name": "Bow_2",
			"from": [14, 0, 0],
			"to": [15, 1, 1],
			"rotation": {"angle": -45, "axis": "y", "origin": [8, 8, 8]},
			"faces": {
				"north": {"uv": [15, 0, 14, 1], "texture": "#8"},
				"east": {"uv": [14, 0, 15, 1], "rotation": 90, "texture": "#8"},
				"south": {"uv": [14, 0, 15, 1], "texture": "#8"},
				"west": {"uv": [14, 0, 15, 1], "rotation": 270, "texture": "#8"},
				"up": {"uv": [14, 0, 15, 1], "texture": "#8"},
				"down": {"uv": [14, 1, 15, 0], "texture": "#8"}
			}
		},
		{
			"name": "Bow_3",
			"from": [8, 0, 1],
			"to": [9, 1, 2],
			"rotation": {"angle": -45, "axis": "y", "origin": [8, 8, 8]},
			"faces": {
				"north": {"uv": [9, 1, 8, 2], "texture": "#8"},
				"east": {"uv": [8, 1, 9, 2], "rotation": 90, "texture": "#8"},
				"south": {"uv": [8, 1, 9, 2], "texture": "#8"},
				"west": {"uv": [8, 1, 9, 2], "rotation": 270, "texture": "#8"},
				"up": {"uv": [8, 1, 9, 2], "texture": "#8"},
				"down": {"uv": [8, 2, 9, 1], "texture": "#8"}
			}
		},
		{
			"name": "Bow_4",
			"from": [9, 0, 1],
			"to": [10, 1, 2],
			"rotation": {"angle": -45, "axis": "y", "origin": [8, 8, 8]},
			"faces": {
				"north": {"uv": [10, 1, 9, 2], "texture": "#8"},
				"east": {"uv": [9, 1, 10, 2], "rotation": 90, "texture": "#8"},
				"south": {"uv": [9, 1, 10, 2], "texture": "#8"},
				"west": {"uv": [9, 1, 10, 2], "rotation": 270, "texture": "#8"},
				"up": {"uv": [9, 1, 10, 2], "texture": "#8"},
				"down": {"uv": [9, 2, 10, 1], "texture": "#8"}
			}
		},
		{
			"name": "Bow_5",
			"from": [10, 0, 1],
			"to": [11, 1, 2],
			"rotation": {"angle": -45, "axis": "y", "origin": [8, 8, 8]},
			"faces": {
				"north": {"uv": [11, 1, 10, 2], "texture": "#8"},
				"east": {"uv": [10, 1, 11, 2], "rotation": 90, "texture": "#8"},
				"south": {"uv": [10, 1, 11, 2], "texture": "#8"},
				"west": {"uv": [10, 1, 11, 2], "rotation": 270, "texture": "#8"},
				"up": {"uv": [10, 1, 11, 2], "texture": "#8"},
				"down": {"uv": [10, 2, 11, 1], "texture": "#8"}
			}
		},
		{
			"name": "Bow_6",
			"from": [11, 0, 1],
			"to": [12, 1, 2],
			"rotation": {"angle": -45, "axis": "y", "origin": [8, 8, 8]},
			"faces": {
				"north": {"uv": [12, 1, 11, 2], "texture": "#8"},
				"east": {"uv": [11, 1, 12, 2], "rotation": 90, "texture": "#8"},
				"south": {"uv": [11, 1, 12, 2], "texture": "#8"},
				"west": {"uv": [11, 1, 12, 2], "rotation": 270, "texture": "#8"},
				"up": {"uv": [11, 1, 12, 2], "texture": "#8"},
				"down": {"uv": [11, 2, 12, 1], "texture": "#8"}
			}
		},
		{
			"name": "Bow_7",
			"from": [12, 0, 1],
			"to": [13, 1, 2],
			"rotation": {"angle": -45, "axis": "y", "origin": [8, 8, 8]},
			"faces": {
				"north": {"uv": [13, 1, 12, 2], "texture": "#8"},
				"east": {"uv": [12, 1, 13, 2], "rotation": 90, "texture": "#8"},
				"south": {"uv": [12, 1, 13, 2], "texture": "#8"},
				"west": {"uv": [12, 1, 13, 2], "rotation": 270, "texture": "#8"},
				"up": {"uv": [12, 1, 13, 2], "texture": "#8"},
				"down": {"uv": [12, 2, 13, 1], "texture": "#8"}
			}
		},
		{
			"name": "Bow_8",
			"from": [13, 0, 1],
			"to": [14, 1, 2],
			"rotation": {"angle": -45, "axis": "y", "origin": [8, 8, 8]},
			"faces": {
				"north": {"uv": [14, 1, 13, 2], "texture": "#8"},
				"east": {"uv": [13, 1, 14, 2], "rotation": 90, "texture": "#8"},
				"south": {"uv": [13, 1, 14, 2], "texture": "#8"},
				"west": {"uv": [13, 1, 14, 2], "rotation": 270, "texture": "#8"},
				"up": {"uv": [13, 1, 14, 2], "texture": "#8"},
				"down": {"uv": [13, 2, 14, 1], "texture": "#8"}
			}
		},
		{
			"name": "Bow_9",
			"from": [14, 0, 1],
			"to": [15, 1, 2],
			"rotation": {"angle": -45, "axis": "y", "origin": [8, 8, 8]},
			"faces": {
				"north": {"uv": [15, 1, 14, 2], "texture": "#8"},
				"east": {"uv": [14, 1, 15, 2], "rotation": 90, "texture": "#8"},
				"south": {"uv": [14, 1, 15, 2], "texture": "#8"},
				"west": {"uv": [14, 1, 15, 2], "rotation": 270, "texture": "#8"},
				"up": {"uv": [14, 1, 15, 2], "texture": "#8"},
				"down": {"uv": [14, 2, 15, 1], "texture": "#8"}
			}
		},
		{
			"name": "Bow_10",
			"from": [15, 0, 1],
			"to": [16, 1, 2],
			"rotation": {"angle": -45, "axis": "y", "origin": [8, 8, 8]},
			"faces": {
				"north": {"uv": [16, 1, 15, 2], "texture": "#8"},
				"east": {"uv": [15, 1, 16, 2], "rotation": 90, "texture": "#8"},
				"south": {"uv": [15, 1, 16, 2], "texture": "#8"},
				"west": {"uv": [15, 1, 16, 2], "rotation": 270, "texture": "#8"},
				"up": {"uv": [15, 1, 16, 2], "texture": "#8"},
				"down": {"uv": [15, 2, 16, 1], "texture": "#8"}
			}
		},
		{
			"name": "Bow_11",
			"from": [6, 0, 2],
			"to": [7, 1, 3],
			"rotation": {"angle": -45, "axis": "y", "origin": [8, 8, 8]},
			"faces": {
				"north": {"uv": [7, 2, 6, 3], "texture": "#8"},
				"east": {"uv": [6, 2, 7, 3], "rotation": 90, "texture": "#8"},
				"south": {"uv": [6, 2, 7, 3], "texture": "#8"},
				"west": {"uv": [6, 2, 7, 3], "rotation": 270, "texture": "#8"},
				"up": {"uv": [6, 2, 7, 3], "texture": "#8"},
				"down": {"uv": [6, 3, 7, 2], "texture": "#8"}
			}
		},
		{
			"name": "Bow_12",
			"from": [7, 0, 2],
			"to": [8, 1, 3],
			"rotation": {"angle": -45, "axis": "y", "origin": [8, 8, 8]},
			"faces": {
				"north": {"uv": [8, 2, 7, 3], "texture": "#8"},
				"east": {"uv": [7, 2, 8, 3], "rotation": 90, "texture": "#8"},
				"south": {"uv": [7, 2, 8, 3], "texture": "#8"},
				"west": {"uv": [7, 2, 8, 3], "rotation": 270, "texture": "#8"},
				"up": {"uv": [7, 2, 8, 3], "texture": "#8"},
				"down": {"uv": [7, 3, 8, 2], "texture": "#8"}
			}
		},
		{
			"name": "Bow_13",
			"from": [8, 0, 2],
			"to": [9, 1, 3],
			"rotation": {"angle": -45, "axis": "y", "origin": [8, 8, 8]},
			"faces": {
				"north": {"uv": [9, 2, 8, 3], "texture": "#8"},
				"east": {"uv": [8, 2, 9, 3], "rotation": 90, "texture": "#8"},
				"south": {"uv": [8, 2, 9, 3], "texture": "#8"},
				"west": {"uv": [8, 2, 9, 3], "rotation": 270, "texture": "#8"},
				"up": {"uv": [8, 2, 9, 3], "texture": "#8"},
				"down": {"uv": [8, 3, 9, 2], "texture": "#8"}
			}
		},
		{
			"name": "Bow_14",
			"from": [9, 0, 2],
			"to": [10, 1, 3],
			"rotation": {"angle": -45, "axis": "y", "origin": [8, 8, 8]},
			"faces": {
				"north": {"uv": [10, 2, 9, 3], "texture": "#8"},
				"east": {"uv": [9, 2, 10, 3], "rotation": 90, "texture": "#8"},
				"south": {"uv": [9, 2, 10, 3], "texture": "#8"},
				"west": {"uv": [9, 2, 10, 3], "rotation": 270, "texture": "#8"},
				"up": {"uv": [9, 2, 10, 3], "texture": "#8"},
				"down": {"uv": [9, 3, 10, 2], "texture": "#8"}
			}
		},
		{
			"name": "Bow_15",
			"from": [10, 0, 2],
			"to": [11, 1, 3],
			"rotation": {"angle": -45, "axis": "y", "origin": [8, 8, 8]},
			"faces": {
				"north": {"uv": [11, 2, 10, 3], "texture": "#8"},
				"east": {"uv": [10, 2, 11, 3], "rotation": 90, "texture": "#8"},
				"south": {"uv": [10, 2, 11, 3], "texture": "#8"},
				"west": {"uv": [10, 2, 11, 3], "rotation": 270, "texture": "#8"},
				"up": {"uv": [10, 2, 11, 3], "texture": "#8"},
				"down": {"uv": [10, 3, 11, 2], "texture": "#8"}
			}
		},
		{
			"name": "Bow_16",
			"from": [11, 0, 2],
			"to": [12, 1, 3],
			"rotation": {"angle": -45, "axis": "y", "origin": [8, 8, 8]},
			"faces": {
				"north": {"uv": [12, 2, 11, 3], "texture": "#8"},
				"east": {"uv": [11, 2, 12, 3], "rotation": 90, "texture": "#8"},
				"south": {"uv": [11, 2, 12, 3], "texture": "#8"},
				"west": {"uv": [11, 2, 12, 3], "rotation": 270, "texture": "#8"},
				"up": {"uv": [11, 2, 12, 3], "texture": "#8"},
				"down": {"uv": [11, 3, 12, 2], "texture": "#8"}
			}
		},
		{
			"name": "Bow_17",
			"from": [12, 0, 2],
			"to": [13, 1, 3],
			"rotation": {"angle": -45, "axis": "y", "origin": [8, 8, 8]},
			"faces": {
				"north": {"uv": [13, 2, 12, 3], "texture": "#8"},
				"east": {"uv": [12, 2, 13, 3], "rotation": 90, "texture": "#8"},
				"south": {"uv": [12, 2, 13, 3], "texture": "#8"},
				"west": {"uv": [12, 2, 13, 3], "rotation": 270, "texture": "#8"},
				"up": {"uv": [12, 2, 13, 3], "texture": "#8"},
				"down": {"uv": [12, 3, 13, 2], "texture": "#8"}
			}
		},
		{
			"name": "Bow_18",
			"from": [13, 0, 2],
			"to": [14, 1, 3],
			"rotation": {"angle": -45, "axis": "y", "origin": [8, 8, 8]},
			"faces": {
				"north": {"uv": [14, 2, 13, 3], "texture": "#8"},
				"east": {"uv": [13, 2, 14, 3], "rotation": 90, "texture": "#8"},
				"south": {"uv": [13, 2, 14, 3], "texture": "#8"},
				"west": {"uv": [13, 2, 14, 3], "rotation": 270, "texture": "#8"},
				"up": {"uv": [13, 2, 14, 3], "texture": "#8"},
				"down": {"uv": [13, 3, 14, 2], "texture": "#8"}
			}
		},
		{
			"name": "Bow_22",
			"from": [7, 0, 3],
			"to": [8, 1, 4],
			"rotation": {"angle": -45, "axis": "y", "origin": [8, 8, 8]},
			"faces": {
				"north": {"uv": [8, 3, 7, 4], "texture": "#8"},
				"east": {"uv": [7, 3, 8, 4], "rotation": 90, "texture": "#8"},
				"south": {"uv": [7, 3, 8, 4], "texture": "#8"},
				"west": {"uv": [7, 3, 8, 4], "rotation": 270, "texture": "#8"},
				"up": {"uv": [7, 3, 8, 4], "texture": "#8"},
				"down": {"uv": [7, 4, 8, 3], "texture": "#8"}
			}
		},
		{
			"name": "Bow_23",
			"from": [8, 0, 3],
			"to": [9, 1, 4],
			"rotation": {"angle": -45, "axis": "y", "origin": [8, 8, 8]},
			"faces": {
				"north": {"uv": [9, 3, 8, 4], "texture": "#8"},
				"east": {"uv": [8, 3, 9, 4], "rotation": 90, "texture": "#8"},
				"south": {"uv": [8, 3, 9, 4], "texture": "#8"},
				"west": {"uv": [8, 3, 9, 4], "rotation": 270, "texture": "#8"},
				"up": {"uv": [8, 3, 9, 4], "texture": "#8"},
				"down": {"uv": [8, 4, 9, 3], "texture": "#8"}
			}
		},
		{
			"name": "Bow_24",
			"from": [9, 0, 3],
			"to": [10, 1, 4],
			"rotation": {"angle": -45, "axis": "y", "origin": [8, 8, 8]},
			"faces": {
				"north": {"uv": [10, 3, 9, 4], "texture": "#8"},
				"east": {"uv": [9, 3, 10, 4], "rotation": 90, "texture": "#8"},
				"south": {"uv": [9, 3, 10, 4], "texture": "#8"},
				"west": {"uv": [9, 3, 10, 4], "rotation": 270, "texture": "#8"},
				"up": {"uv": [9, 3, 10, 4], "texture": "#8"},
				"down": {"uv": [9, 4, 10, 3], "texture": "#8"}
			}
		},
		{
			"name": "Bow_33",
			"from": [2, 0, 6],
			"to": [3, 1, 7],
			"rotation": {"angle": -45, "axis": "y", "origin": [8, 8, 8]},
			"faces": {
				"north": {"uv": [3, 6, 2, 7], "texture": "#8"},
				"east": {"uv": [2, 6, 3, 7], "rotation": 90, "texture": "#8"},
				"south": {"uv": [2, 6, 3, 7], "texture": "#8"},
				"west": {"uv": [2, 6, 3, 7], "rotation": 270, "texture": "#8"},
				"up": {"uv": [2, 6, 3, 7], "texture": "#8"},
				"down": {"uv": [2, 7, 3, 6], "texture": "#8"}
			}
		},
		{
			"name": "Bow_37",
			"from": [2, 0, 7],
			"to": [3, 1, 8],
			"rotation": {"angle": -45, "axis": "y", "origin": [8, 8, 8]},
			"faces": {
				"north": {"uv": [3, 7, 2, 8], "texture": "#8"},
				"east": {"uv": [2, 7, 3, 8], "rotation": 90, "texture": "#8"},
				"south": {"uv": [2, 7, 3, 8], "texture": "#8"},
				"west": {"uv": [2, 7, 3, 8], "rotation": 270, "texture": "#8"},
				"up": {"uv": [2, 7, 3, 8], "texture": "#8"},
				"down": {"uv": [2, 8, 3, 7], "texture": "#8"}
			}
		},
		{
			"name": "Bow_38",
			"from": [3, 0, 7],
			"to": [4, 1, 8],
			"rotation": {"angle": -45, "axis": "y", "origin": [8, 8, 8]},
			"faces": {
				"north": {"uv": [4, 7, 3, 8], "texture": "#8"},
				"east": {"uv": [3, 7, 4, 8], "rotation": 90, "texture": "#8"},
				"south": {"uv": [3, 7, 4, 8], "texture": "#8"},
				"west": {"uv": [3, 7, 4, 8], "rotation": 270, "texture": "#8"},
				"up": {"uv": [3, 7, 4, 8], "texture": "#8"},
				"down": {"uv": [3, 8, 4, 7], "texture": "#8"}
			}
		},
		{
			"name": "Bow_40",
			"from": [1, 0, 8],
			"to": [2, 1, 9],
			"rotation": {"angle": -45, "axis": "y", "origin": [8, 8, 8]},
			"faces": {
				"north": {"uv": [2, 8, 1, 9], "texture": "#8"},
				"east": {"uv": [1, 8, 2, 9], "rotation": 90, "texture": "#8"},
				"south": {"uv": [1, 8, 2, 9], "texture": "#8"},
				"west": {"uv": [1, 8, 2, 9], "rotation": 270, "texture": "#8"},
				"up": {"uv": [1, 8, 2, 9], "texture": "#8"},
				"down": {"uv": [1, 9, 2, 8], "texture": "#8"}
			}
		},
		{
			"name": "Bow_41",
			"from": [2, 0, 8],
			"to": [3, 1, 9],
			"rotation": {"angle": -45, "axis": "y", "origin": [8, 8, 8]},
			"faces": {
				"north": {"uv": [3, 8, 2, 9], "texture": "#8"},
				"east": {"uv": [2, 8, 3, 9], "rotation": 90, "texture": "#8"},
				"south": {"uv": [2, 8, 3, 9], "texture": "#8"},
				"west": {"uv": [2, 8, 3, 9], "rotation": 270, "texture": "#8"},
				"up": {"uv": [2, 8, 3, 9], "texture": "#8"},
				"down": {"uv": [2, 9, 3, 8], "texture": "#8"}
			}
		},
		{
			"name": "Bow_42",
			"from": [3, 0, 8],
			"to": [4, 1, 9],
			"rotation": {"angle": -45, "axis": "y", "origin": [8, 8, 8]},
			"faces": {
				"north": {"uv": [4, 8, 3, 9], "texture": "#8"},
				"east": {"uv": [3, 8, 4, 9], "rotation": 90, "texture": "#8"},
				"south": {"uv": [3, 8, 4, 9], "texture": "#8"},
				"west": {"uv": [3, 8, 4, 9], "rotation": 270, "texture": "#8"},
				"up": {"uv": [3, 8, 4, 9], "texture": "#8"},
				"down": {"uv": [3, 9, 4, 8], "texture": "#8"}
			}
		},
		{
			"name": "Bow_43",
			"from": [1, 0, 9],
			"to": [2, 1, 10],
			"rotation": {"angle": -45, "axis": "y", "origin": [8, 8, 8]},
			"faces": {
				"north": {"uv": [2, 9, 1, 10], "texture": "#8"},
				"east": {"uv": [1, 9, 2, 10], "rotation": 90, "texture": "#8"},
				"south": {"uv": [1, 9, 2, 10], "texture": "#8"},
				"west": {"uv": [1, 9, 2, 10], "rotation": 270, "texture": "#8"},
				"up": {"uv": [1, 9, 2, 10], "texture": "#8"},
				"down": {"uv": [1, 10, 2, 9], "texture": "#8"}
			}
		},
		{
			"name": "Bow_44",
			"from": [2, 0, 9],
			"to": [3, 1, 10],
			"rotation": {"angle": -45, "axis": "y", "origin": [8, 8, 8]},
			"faces": {
				"north": {"uv": [3, 9, 2, 10], "texture": "#8"},
				"east": {"uv": [2, 9, 3, 10], "rotation": 90, "texture": "#8"},
				"south": {"uv": [2, 9, 3, 10], "texture": "#8"},
				"west": {"uv": [2, 9, 3, 10], "rotation": 270, "texture": "#8"},
				"up": {"uv": [2, 9, 3, 10], "texture": "#8"},
				"down": {"uv": [2, 10, 3, 9], "texture": "#8"}
			}
		},
		{
			"name": "Bow_45",
			"from": [3, 0, 9],
			"to": [4, 1, 10],
			"rotation": {"angle": -45, "axis": "y", "origin": [8, 8, 8]},
			"faces": {
				"north": {"uv": [4, 9, 3, 10], "texture": "#8"},
				"east": {"uv": [3, 9, 4, 10], "rotation": 90, "texture": "#8"},
				"south": {"uv": [3, 9, 4, 10], "texture": "#8"},
				"west": {"uv": [3, 9, 4, 10], "rotation": 270, "texture": "#8"},
				"up": {"uv": [3, 9, 4, 10], "texture": "#8"},
				"down": {"uv": [3, 10, 4, 9], "texture": "#8"}
			}
		},
		{
			"name": "Bow_46",
			"from": [1, 0, 10],
			"to": [2, 1, 11],
			"rotation": {"angle": -45, "axis": "y", "origin": [8, 8, 8]},
			"faces": {
				"north": {"uv": [2, 10, 1, 11], "texture": "#8"},
				"east": {"uv": [1, 10, 2, 11], "rotation": 90, "texture": "#8"},
				"south": {"uv": [1, 10, 2, 11], "texture": "#8"},
				"west": {"uv": [1, 10, 2, 11], "rotation": 270, "texture": "#8"},
				"up": {"uv": [1, 10, 2, 11], "texture": "#8"},
				"down": {"uv": [1, 11, 2, 10], "texture": "#8"}
			}
		},
		{
			"name": "Bow_47",
			"from": [2, 0, 10],
			"to": [3, 1, 11],
			"rotation": {"angle": -45, "axis": "y", "origin": [8, 8, 8]},
			"faces": {
				"north": {"uv": [3, 10, 2, 11], "texture": "#8"},
				"east": {"uv": [2, 10, 3, 11], "rotation": 90, "texture": "#8"},
				"south": {"uv": [2, 10, 3, 11], "texture": "#8"},
				"west": {"uv": [2, 10, 3, 11], "rotation": 270, "texture": "#8"},
				"up": {"uv": [2, 10, 3, 11], "texture": "#8"},
				"down": {"uv": [2, 11, 3, 10], "texture": "#8"}
			}
		},
		{
			"name": "Bow_48",
			"from": [1, 0, 11],
			"to": [2, 1, 12],
			"rotation": {"angle": -45, "axis": "y", "origin": [8, 8, 8]},
			"faces": {
				"north": {"uv": [2, 11, 1, 12], "texture": "#8"},
				"east": {"uv": [1, 11, 2, 12], "rotation": 90, "texture": "#8"},
				"south": {"uv": [1, 11, 2, 12], "texture": "#8"},
				"west": {"uv": [1, 11, 2, 12], "rotation": 270, "texture": "#8"},
				"up": {"uv": [1, 11, 2, 12], "texture": "#8"},
				"down": {"uv": [1, 12, 2, 11], "texture": "#8"}
			}
		},
		{
			"name": "Bow_49",
			"from": [2, 0, 11],
			"to": [3, 1, 12],
			"rotation": {"angle": -45, "axis": "y", "origin": [8, 8, 8]},
			"faces": {
				"north": {"uv": [3, 11, 2, 12], "texture": "#8"},
				"east": {"uv": [2, 11, 3, 12], "rotation": 90, "texture": "#8"},
				"south": {"uv": [2, 11, 3, 12], "texture": "#8"},
				"west": {"uv": [2, 11, 3, 12], "rotation": 270, "texture": "#8"},
				"up": {"uv": [2, 11, 3, 12], "texture": "#8"},
				"down": {"uv": [2, 12, 3, 11], "texture": "#8"}
			}
		},
		{
			"name": "Bow_50",
			"from": [0, 0, 12],
			"to": [1, 1, 13],
			"rotation": {"angle": -45, "axis": "y", "origin": [8, 8, 8]},
			"faces": {
				"north": {"uv": [1, 12, 0, 13], "texture": "#8"},
				"east": {"uv": [0, 12, 1, 13], "rotation": 90, "texture": "#8"},
				"south": {"uv": [0, 12, 1, 13], "texture": "#8"},
				"west": {"uv": [0, 12, 1, 13], "rotation": 270, "texture": "#8"},
				"up": {"uv": [0, 12, 1, 13], "texture": "#8"},
				"down": {"uv": [0, 13, 1, 12], "texture": "#8"}
			}
		},
		{
			"name": "Bow_51",
			"from": [1, 0, 12],
			"to": [2, 1, 13],
			"rotation": {"angle": -45, "axis": "y", "origin": [8, 8, 8]},
			"faces": {
				"north": {"uv": [2, 12, 1, 13], "texture": "#8"},
				"east": {"uv": [1, 12, 2, 13], "rotation": 90, "texture": "#8"},
				"south": {"uv": [1, 12, 2, 13], "texture": "#8"},
				"west": {"uv": [1, 12, 2, 13], "rotation": 270, "texture": "#8"},
				"up": {"uv": [1, 12, 2, 13], "texture": "#8"},
				"down": {"uv": [1, 13, 2, 12], "texture": "#8"}
			}
		},
		{
			"name": "Bow_52",
			"from": [2, 0, 12],
			"to": [3, 1, 13],
			"rotation": {"angle": -45, "axis": "y", "origin": [8, 8, 8]},
			"faces": {
				"north": {"uv": [3, 12, 2, 13], "texture": "#8"},
				"east": {"uv": [2, 12, 3, 13], "rotation": 90, "texture": "#8"},
				"south": {"uv": [2, 12, 3, 13], "texture": "#8"},
				"west": {"uv": [2, 12, 3, 13], "rotation": 270, "texture": "#8"},
				"up": {"uv": [2, 12, 3, 13], "texture": "#8"},
				"down": {"uv": [2, 13, 3, 12], "texture": "#8"}
			}
		},
		{
			"name": "Bow_53",
			"from": [0, 0, 13],
			"to": [1, 1, 14],
			"rotation": {"angle": -45, "axis": "y", "origin": [8, 8, 8]},
			"faces": {
				"north": {"uv": [1, 13, 0, 14], "texture": "#8"},
				"east": {"uv": [0, 13, 1, 14], "rotation": 90, "texture": "#8"},
				"south": {"uv": [0, 13, 1, 14], "texture": "#8"},
				"west": {"uv": [0, 13, 1, 14], "rotation": 270, "texture": "#8"},
				"up": {"uv": [0, 13, 1, 14], "texture": "#8"},
				"down": {"uv": [0, 14, 1, 13], "texture": "#8"}
			}
		},
		{
			"name": "Bow_54",
			"from": [1, 0, 13],
			"to": [2, 1, 14],
			"rotation": {"angle": -45, "axis": "y", "origin": [8, 8, 8]},
			"faces": {
				"north": {"uv": [2, 13, 1, 14], "texture": "#8"},
				"east": {"uv": [1, 13, 2, 14], "rotation": 90, "texture": "#8"},
				"south": {"uv": [1, 13, 2, 14], "texture": "#8"},
				"west": {"uv": [1, 13, 2, 14], "rotation": 270, "texture": "#8"},
				"up": {"uv": [1, 13, 2, 14], "texture": "#8"},
				"down": {"uv": [1, 14, 2, 13], "texture": "#8"}
			}
		},
		{
			"name": "Bow_55",
			"from": [2, 0, 13],
			"to": [3, 1, 14],
			"rotation": {"angle": -45, "axis": "y", "origin": [8, 8, 8]},
			"faces": {
				"north": {"uv": [3, 13, 2, 14], "texture": "#8"},
				"east": {"uv": [2, 13, 3, 14], "rotation": 90, "texture": "#8"},
				"south": {"uv": [2, 13, 3, 14], "texture": "#8"},
				"west": {"uv": [2, 13, 3, 14], "rotation": 270, "texture": "#8"},
				"up": {"uv": [2, 13, 3, 14], "texture": "#8"},
				"down": {"uv": [2, 14, 3, 13], "texture": "#8"}
			}
		},
		{
			"name": "Bow_56",
			"from": [0, 0, 14],
			"to": [1, 1, 15],
			"rotation": {"angle": -45, "axis": "y", "origin": [8, 8, 8]},
			"faces": {
				"north": {"uv": [1, 14, 0, 15], "texture": "#8"},
				"east": {"uv": [0, 14, 1, 15], "rotation": 90, "texture": "#8"},
				"south": {"uv": [0, 14, 1, 15], "texture": "#8"},
				"west": {"uv": [0, 14, 1, 15], "rotation": 270, "texture": "#8"},
				"up": {"uv": [0, 14, 1, 15], "texture": "#8"},
				"down": {"uv": [0, 15, 1, 14], "texture": "#8"}
			}
		},
		{
			"name": "Bow_57",
			"from": [1, 0, 14],
			"to": [2, 1, 15],
			"rotation": {"angle": -45, "axis": "y", "origin": [8, 8, 8]},
			"faces": {
				"north": {"uv": [2, 14, 1, 15], "texture": "#8"},
				"east": {"uv": [1, 14, 2, 15], "rotation": 90, "texture": "#8"},
				"south": {"uv": [1, 14, 2, 15], "texture": "#8"},
				"west": {"uv": [1, 14, 2, 15], "rotation": 270, "texture": "#8"},
				"up": {"uv": [1, 14, 2, 15], "texture": "#8"},
				"down": {"uv": [1, 15, 2, 14], "texture": "#8"}
			}
		},
		{
			"name": "Bow_58",
			"from": [1, 0, 15],
			"to": [2, 1, 16],
			"rotation": {"angle": -45, "axis": "y", "origin": [8, 8, 8]},
			"faces": {
				"north": {"uv": [2, 15, 1, 16], "texture": "#8"},
				"east": {"uv": [1, 15, 2, 16], "rotation": 90, "texture": "#8"},
				"south": {"uv": [1, 15, 2, 16], "texture": "#8"},
				"west": {"uv": [1, 15, 2, 16], "rotation": 270, "texture": "#8"},
				"up": {"uv": [1, 15, 2, 16], "texture": "#8"},
				"down": {"uv": [1, 16, 2, 15], "texture": "#8"}
			}
		},
		{
			"name": "Bow_20",
			"from": [5, 0, 3],
			"to": [6, 1, 4],
			"rotation": {"angle": -45, "axis": "y", "origin": [8, 8, 8]},
			"faces": {
				"north": {"uv": [6, 3, 5, 4], "texture": "#8"},
				"east": {"uv": [5, 3, 6, 4], "rotation": 90, "texture": "#8"},
				"south": {"uv": [5, 3, 6, 4], "texture": "#8"},
				"west": {"uv": [5, 3, 6, 4], "rotation": 270, "texture": "#8"},
				"up": {"uv": [5, 3, 6, 4], "texture": "#8"},
				"down": {"uv": [5, 4, 6, 3], "texture": "#8"}
			}
		},
		{
			"name": "Bow_27",
			"from": [6, 0, 4],
			"to": [7, 1, 5],
			"rotation": {"angle": -45, "axis": "y", "origin": [8, 8, 8]},
			"faces": {
				"north": {"uv": [7, 4, 6, 5], "texture": "#8"},
				"east": {"uv": [6, 4, 7, 5], "rotation": 90, "texture": "#8"},
				"south": {"uv": [6, 4, 7, 5], "texture": "#8"},
				"west": {"uv": [6, 4, 7, 5], "rotation": 270, "texture": "#8"},
				"up": {"uv": [6, 4, 7, 5], "texture": "#8"},
				"down": {"uv": [6, 5, 7, 4], "texture": "#8"}
			}
		},
		{
			"name": "Bow_21",
			"from": [6, 0, 3],
			"to": [7, 1, 4],
			"rotation": {"angle": -45, "axis": "y", "origin": [8, 8, 8]},
			"faces": {
				"north": {"uv": [7, 3, 6, 4], "texture": "#8"},
				"east": {"uv": [6, 3, 7, 4], "rotation": 90, "texture": "#8"},
				"south": {"uv": [6, 3, 7, 4], "texture": "#8"},
				"west": {"uv": [6, 3, 7, 4], "rotation": 270, "texture": "#8"},
				"up": {"uv": [6, 3, 7, 4], "texture": "#8"},
				"down": {"uv": [6, 4, 7, 3], "texture": "#8"}
			}
		},
		{
			"name": "Bow_28",
			"from": [7, 0, 4],
			"to": [8, 1, 5],
			"rotation": {"angle": -45, "axis": "y", "origin": [8, 8, 8]},
			"faces": {
				"north": {"uv": [8, 4, 7, 5], "texture": "#8"},
				"east": {"uv": [7, 4, 8, 5], "rotation": 90, "texture": "#8"},
				"south": {"uv": [7, 4, 8, 5], "texture": "#8"},
				"west": {"uv": [7, 4, 8, 5], "rotation": 270, "texture": "#8"},
				"up": {"uv": [7, 4, 8, 5], "texture": "#8"},
				"down": {"uv": [7, 5, 8, 4], "texture": "#8"}
			}
		},
		{
			"name": "Bow_32",
			"from": [6, 0, 5],
			"to": [7, 1, 6],
			"rotation": {"angle": -45, "axis": "y", "origin": [8, 8, 8]},
			"faces": {
				"north": {"uv": [7, 5, 6, 6], "texture": "#8"},
				"east": {"uv": [6, 5, 7, 6], "rotation": 90, "texture": "#8"},
				"south": {"uv": [6, 5, 7, 6], "texture": "#8"},
				"west": {"uv": [6, 5, 7, 6], "rotation": 270, "texture": "#8"},
				"up": {"uv": [6, 5, 7, 6], "texture": "#8"},
				"down": {"uv": [6, 6, 7, 5], "texture": "#8"}
			}
		},
		{
			"name": "Bow_26",
			"from": [5, 0, 4],
			"to": [6, 1, 5],
			"rotation": {"angle": -45, "axis": "y", "origin": [8, 8, 8]},
			"faces": {
				"north": {"uv": [6, 4, 5, 5], "texture": "#8"},
				"east": {"uv": [5, 4, 6, 5], "rotation": 90, "texture": "#8"},
				"south": {"uv": [5, 4, 6, 5], "texture": "#8"},
				"west": {"uv": [5, 4, 6, 5], "rotation": 270, "texture": "#8"},
				"up": {"uv": [5, 4, 6, 5], "texture": "#8"},
				"down": {"uv": [5, 5, 6, 4], "texture": "#8"}
			}
		},
		{
			"name": "Bow_25",
			"from": [4, 0, 4],
			"to": [5, 1, 5],
			"rotation": {"angle": -45, "axis": "y", "origin": [8, 8, 8]},
			"faces": {
				"north": {"uv": [5, 4, 4, 5], "texture": "#8"},
				"east": {"uv": [4, 4, 5, 5], "rotation": 90, "texture": "#8"},
				"south": {"uv": [4, 4, 5, 5], "texture": "#8"},
				"west": {"uv": [4, 4, 5, 5], "rotation": 270, "texture": "#8"},
				"up": {"uv": [4, 4, 5, 5], "texture": "#8"},
				"down": {"uv": [4, 5, 5, 4], "texture": "#8"}
			}
		},
		{
			"name": "Bow_31",
			"from": [5, 0, 5],
			"to": [6, 1, 6],
			"rotation": {"angle": -45, "axis": "y", "origin": [8, 8, 8]},
			"faces": {
				"north": {"uv": [6, 5, 5, 6], "texture": "#8"},
				"east": {"uv": [5, 5, 6, 6], "rotation": 90, "texture": "#8"},
				"south": {"uv": [5, 5, 6, 6], "texture": "#8"},
				"west": {"uv": [5, 5, 6, 6], "rotation": 270, "texture": "#8"},
				"up": {"uv": [5, 5, 6, 6], "texture": "#8"},
				"down": {"uv": [5, 6, 6, 5], "texture": "#8"}
			}
		},
		{
			"name": "Bow_30",
			"from": [4, 0, 5],
			"to": [5, 1, 6],
			"rotation": {"angle": -45, "axis": "y", "origin": [8, 8, 8]},
			"faces": {
				"north": {"uv": [5, 5, 4, 6], "texture": "#8"},
				"east": {"uv": [4, 5, 5, 6], "rotation": 90, "texture": "#8"},
				"south": {"uv": [4, 5, 5, 6], "texture": "#8"},
				"west": {"uv": [4, 5, 5, 6], "rotation": 270, "texture": "#8"},
				"up": {"uv": [4, 5, 5, 6], "texture": "#8"},
				"down": {"uv": [4, 6, 5, 5], "texture": "#8"}
			}
		},
		{
			"name": "Bow_29",
			"from": [3, 0, 5],
			"to": [4, 1, 6],
			"rotation": {"angle": -45, "axis": "y", "origin": [8, 8, 8]},
			"faces": {
				"north": {"uv": [4, 5, 3, 6], "texture": "#8"},
				"east": {"uv": [3, 5, 4, 6], "rotation": 90, "texture": "#8"},
				"south": {"uv": [3, 5, 4, 6], "texture": "#8"},
				"west": {"uv": [3, 5, 4, 6], "rotation": 270, "texture": "#8"},
				"up": {"uv": [3, 5, 4, 6], "texture": "#8"},
				"down": {"uv": [3, 6, 4, 5], "texture": "#8"}
			}
		},
		{
			"name": "Bow_34",
			"from": [3, 0, 6],
			"to": [4, 1, 7],
			"rotation": {"angle": -45, "axis": "y", "origin": [8, 8, 8]},
			"faces": {
				"north": {"uv": [4, 6, 3, 7], "texture": "#8"},
				"east": {"uv": [3, 6, 4, 7], "rotation": 90, "texture": "#8"},
				"south": {"uv": [3, 6, 4, 7], "texture": "#8"},
				"west": {"uv": [3, 6, 4, 7], "rotation": 270, "texture": "#8"},
				"up": {"uv": [3, 6, 4, 7], "texture": "#8"},
				"down": {"uv": [3, 7, 4, 6], "texture": "#8"}
			}
		},
		{
			"name": "Bow_35",
			"from": [4, 0, 6],
			"to": [5, 1, 7],
			"rotation": {"angle": -45, "axis": "y", "origin": [8, 8, 8]},
			"faces": {
				"north": {"uv": [5, 6, 4, 7], "texture": "#8"},
				"east": {"uv": [4, 6, 5, 7], "rotation": 90, "texture": "#8"},
				"south": {"uv": [4, 6, 5, 7], "texture": "#8"},
				"west": {"uv": [4, 6, 5, 7], "rotation": 270, "texture": "#8"},
				"up": {"uv": [4, 6, 5, 7], "texture": "#8"},
				"down": {"uv": [4, 7, 5, 6], "texture": "#8"}
			}
		},
		{
			"name": "Bow_39",
			"from": [4, 0, 7],
			"to": [5, 1, 8],
			"rotation": {"angle": -45, "axis": "y", "origin": [8, 8, 8]},
			"faces": {
				"north": {"uv": [5, 7, 4, 8], "texture": "#8"},
				"east": {"uv": [4, 7, 5, 8], "rotation": 90, "texture": "#8"},
				"south": {"uv": [4, 7, 5, 8], "texture": "#8"},
				"west": {"uv": [4, 7, 5, 8], "rotation": 270, "texture": "#8"},
				"up": {"uv": [4, 7, 5, 8], "texture": "#8"},
				"down": {"uv": [4, 8, 5, 7], "texture": "#8"}
			}
		},
		{
			"name": "Bow_36",
			"from": [5, 0, 6],
			"to": [6, 1, 7],
			"rotation": {"angle": -45, "axis": "y", "origin": [8, 8, 8]},
			"faces": {
				"north": {"uv": [6, 6, 5, 7], "texture": "#8"},
				"east": {"uv": [5, 6, 6, 7], "rotation": 90, "texture": "#8"},
				"south": {"uv": [5, 6, 6, 7], "texture": "#8"},
				"west": {"uv": [5, 6, 6, 7], "rotation": 270, "texture": "#8"},
				"up": {"uv": [5, 6, 6, 7], "texture": "#8"},
				"down": {"uv": [5, 7, 6, 6], "texture": "#8"}
			}
		},
		{
			"name": "Crossbow string3_17",
			"from": [13.6, 0.25, 3.55],
			"to": [14.6, 0.75, 4.55],
			"rotation": {"angle": -45, "axis": "y", "origin": [9.1, 8, 10.45]},
			"faces": {
				"north": {"uv": [1, 14, 2, 13], "rotation": 270, "texture": "#7"},
				"east": {"uv": [2, 13, 1, 14], "texture": "#7"},
				"south": {"uv": [1, 14, 2, 13], "rotation": 90, "texture": "#7"},
				"west": {"uv": [1, 13, 2, 14], "texture": "#7"},
				"up": {"uv": [1, 14, 2, 13], "rotation": 90, "texture": "#7"},
				"down": {"uv": [1, 13, 2, 14], "rotation": 270, "texture": "#7"}
			}
		},
		{
			"name": "Crossbow string2_2",
			"from": [-1.35, -0.3, 15.2],
			"to": [0.15, 1.2, 15.7],
			"rotation": {"angle": -45, "axis": "y", "origin": [6.9, 8, 10.45]},
			"faces": {
				"north": {"uv": [13, 2, 14, 1], "rotation": 90, "texture": "#6"},
				"east": {"uv": [14, 1, 13, 2], "rotation": 270, "texture": "#6"},
				"south": {"uv": [13, 1, 14, 2], "rotation": 90, "texture": "#6"},
				"west": {"uv": [13, 1, 14, 2], "rotation": 90, "texture": "#6"},
				"up": {"uv": [13, 1, 14, 2], "rotation": 90, "texture": "#6"},
				"down": {"uv": [13, 1, 14, 2], "rotation": 90, "texture": "#6"}
			}
		},
		{
			"name": "Crossbow string3_3",
			"from": [15.85, -0.3, 15.2],
			"to": [17.35, 1.2, 15.7],
			"rotation": {"angle": 45, "axis": "y", "origin": [9.1, 8, 10.45]},
			"faces": {
				"north": {"uv": [13, 1, 14, 2], "rotation": 90, "texture": "#6"},
				"east": {"uv": [13, 2, 14, 1], "rotation": 90, "texture": "#6"},
				"south": {"uv": [13, 2, 14, 1], "rotation": 90, "texture": "#6"},
				"west": {"uv": [14, 2, 13, 1], "rotation": 270, "texture": "#6"},
				"up": {"uv": [13, 2, 14, 1], "rotation": 90, "texture": "#6"},
				"down": {"uv": [13, 2, 14, 1], "rotation": 90, "texture": "#6"}
			}
		},
		{
			"name": "Crossbow string3_16",
			"from": [1.4, 0.25, 3.55],
			"to": [2.4, 0.75, 4.55],
			"rotation": {"angle": 45, "axis": "y", "origin": [6.9, 8, 10.45]},
			"faces": {
				"north": {"uv": [1, 13, 2, 14], "rotation": 270, "texture": "#7"},
				"east": {"uv": [2, 13, 1, 14], "texture": "#7"},
				"south": {"uv": [1, 13, 2, 14], "rotation": 90, "texture": "#7"},
				"west": {"uv": [1, 13, 2, 14], "texture": "#7"},
				"up": {"uv": [1, 13, 2, 14], "rotation": 90, "texture": "#7"},
				"down": {"uv": [1, 14, 2, 13], "rotation": 270, "texture": "#7"}
			}
		}
	],
	"display": {
		"thirdperson_righthand": {
			"rotation": [0, 0, 90],
			"translation": [-6.25, 0.25, 3.25],
			"scale": [0.85, 0.85, 0.85]
		},
		"thirdperson_lefthand": {
			"rotation": [0, 0, 90],
			"translation": [-6.25, 0.25, 3.25],
			"scale": [0.85, 0.85, 0.85]
		},
		"firstperson_righthand": {
			"rotation": [23, 8, 90],
			"translation": [-0.5, 4.75, -4.25],
			"scale": [0.68, 0.68, 0.68]
		},
		"firstperson_lefthand": {
			"rotation": [23, 8, 90],
			"translation": [-0.5, 4.75, -4.25],
			"scale": [0.68, 0.68, 0.68]
		},
		"ground": {
			"translation": [-0.25, 2, 0],
			"scale": [0.5, 0.5, 0.5]
		},
		"gui": {
			"rotation": [90, -45, 0],
			"scale": [0.9, 0.625, 0.9]
		},
		"head": {
			"translation": [0, 14, 0]
		},
		"fixed": {
			"rotation": [-90, 135, 0],
			"translation": [0, 0, -7.5],
			"scale": [0.91, 0.91, 0.91]
		}
	},
	"groups": [
		{
			"name": "Arrow",
			"origin": [8, 8, 8],
			"children": [
				{
					"name": "arrow",
					"origin": [8, 8, 8],
					"children": [0, 1, 2, 3, 4, 5, 6, 7, 8, 9, 10, 11, 12, 13, 14, 15, 16, 17, 18, 19, 20]
				},
				{
					"name": "Feather",
					"origin": [8, 8, 8],
					"children": [
						{
							"name": "feather",
							"origin": [8, 8, 8],
							"children": [21, 22, 23, 24, 25, 26]
						},
						{
							"name": "feather",
							"origin": [8, 8, 8],
							"children": [27, 28, 29, 30, 31, 32]
						},
						{
							"name": "feather",
							"origin": [8, 8, 8],
							"children": [33, 34, 35, 36, 37]
						}
					]
				}
			]
		},
		{
			"name": "String1",
			"origin": [8, 8, 8],
			"children": [38, 39, 40, 41, 42, 43, 44, 45, 46, 47, 48, 49, 50, 51, 52]
		},
		{
			"name": "Bow",
			"origin": [8, 8, 8],
			"children": [53, 54, 55, 56, 57, 58, 59, 60, 61, 62, 63, 64, 65, 66, 67, 68, 69, 70, 71, 72, 73, 74, 75, 76, 77, 78, 79, 80, 81, 82, 83, 84, 85, 86, 87, 88, 89, 90, 91, 92, 93, 94, 95, 96, 97, 98, 99, 100, 101, 102, 103, 104, 105, 106, 107, 108, 109, 110]
		},
		{
			"name": "group",
			"origin": [6.9, 8, 10.45],
			"children": [111, 112, 113, 114]
		}
	]
}