{
	"credit": "Made with Blockbench",
	"textures": {
		"0": "item/Bow_Crossbow/Crossbow",
		"4": "block/firework_rocket",
		"5": "block/firework_rocket_bot",
		"7": "item/Bow_Crossbow/string3",
		"particle": "item/Bow_Crossbow/Crossbow"
	},
	"elements": [
		{
			"name": "Crossbow string3_0",
			"from": [12.85, 1, 0.25],
			"to": [14.35, 1.5, 1.75],
			"rotation": {"angle": -45, "axis": "y", "origin": [8, 9, 8]},
			"faces": {
				"north": {"uv": [14, 1, 13, 2], "texture": "#7"},
				"east": {"uv": [13, 1, 14, 2], "rotation": 90, "texture": "#7"},
				"south": {"uv": [13, 1, 14, 2], "texture": "#7"},
				"west": {"uv": [13, 1, 14, 2], "rotation": 270, "texture": "#7"},
				"up": {"uv": [13, 1, 14, 2], "texture": "#7"},
				"down": {"uv": [13, 2, 14, 1], "texture": "#7"}
			}
		},
		{
			"name": "Crossbow string3_1",
			"from": [13.1, 1, 1.5],
			"to": [14.1, 1.5, 2.5],
			"rotation": {"angle": -45, "axis": "y", "origin": [8, 9, 8]},
			"faces": {
				"north": {"uv": [14, 2, 13, 3], "texture": "#7"},
				"east": {"uv": [13, 2, 14, 3], "rotation": 90, "texture": "#7"},
				"south": {"uv": [13, 2, 14, 3], "texture": "#7"},
				"west": {"uv": [13, 2, 14, 3], "rotation": 270, "texture": "#7"},
				"up": {"uv": [13, 2, 14, 3], "texture": "#7"},
				"down": {"uv": [13, 3, 14, 2], "texture": "#7"}
			}
		},
		{
			"name": "Crossbow string3_2",
			"from": [13.1, 1, 2.5],
			"to": [14.1, 1.5, 3.5],
			"rotation": {"angle": -45, "axis": "y", "origin": [8, 9, 8]},
			"faces": {
				"north": {"uv": [14, 3, 13, 4], "texture": "#7"},
				"east": {"uv": [13, 3, 14, 4], "rotation": 90, "texture": "#7"},
				"south": {"uv": [13, 3, 14, 4], "texture": "#7"},
				"west": {"uv": [13, 3, 14, 4], "rotation": 270, "texture": "#7"},
				"up": {"uv": [13, 3, 14, 4], "texture": "#7"},
				"down": {"uv": [13, 4, 14, 3], "texture": "#7"}
			}
		},
		{
			"name": "Crossbow string3_3",
			"from": [13.1, 1, 3.5],
			"to": [14.1, 1.5, 4.5],
			"rotation": {"angle": -45, "axis": "y", "origin": [8, 9, 8]},
			"faces": {
				"north": {"uv": [14, 4, 13, 5], "texture": "#7"},
				"east": {"uv": [13, 4, 14, 5], "rotation": 90, "texture": "#7"},
				"south": {"uv": [13, 4, 14, 5], "texture": "#7"},
				"west": {"uv": [13, 4, 14, 5], "rotation": 270, "texture": "#7"},
				"up": {"uv": [13, 4, 14, 5], "texture": "#7"},
				"down": {"uv": [13, 5, 14, 4], "texture": "#7"}
			}
		},
		{
			"name": "Crossbow string3_4",
			"from": [12.1, 1, 4.5],
			"to": [13.1, 1.5, 5.5],
			"rotation": {"angle": -45, "axis": "y", "origin": [8, 9, 8]},
			"faces": {
				"north": {"uv": [13, 5, 12, 6], "texture": "#7"},
				"east": {"uv": [12, 5, 13, 6], "rotation": 90, "texture": "#7"},
				"south": {"uv": [12, 5, 13, 6], "texture": "#7"},
				"west": {"uv": [12, 5, 13, 6], "rotation": 270, "texture": "#7"},
				"up": {"uv": [12, 5, 13, 6], "texture": "#7"},
				"down": {"uv": [12, 6, 13, 5], "texture": "#7"}
			}
		},
		{
			"name": "Crossbow string3_5",
			"from": [12.1, 1, 5.5],
			"to": [13.1, 1.5, 6.5],
			"rotation": {"angle": -45, "axis": "y", "origin": [8, 9, 8]},
			"faces": {
				"north": {"uv": [13, 6, 12, 7], "texture": "#7"},
				"east": {"uv": [12, 6, 13, 7], "rotation": 90, "texture": "#7"},
				"south": {"uv": [12, 6, 13, 7], "texture": "#7"},
				"west": {"uv": [12, 6, 13, 7], "rotation": 270, "texture": "#7"},
				"up": {"uv": [12, 6, 13, 7], "texture": "#7"},
				"down": {"uv": [12, 7, 13, 6], "texture": "#7"}
			}
		},
		{
			"name": "Crossbow string3_6",
			"from": [12.1, 1, 6.5],
			"to": [13.1, 1.5, 7.5],
			"rotation": {"angle": -45, "axis": "y", "origin": [8, 9, 8]},
			"faces": {
				"north": {"uv": [13, 7, 12, 8], "texture": "#7"},
				"east": {"uv": [12, 7, 13, 8], "rotation": 90, "texture": "#7"},
				"south": {"uv": [12, 7, 13, 8], "texture": "#7"},
				"west": {"uv": [12, 7, 13, 8], "rotation": 270, "texture": "#7"},
				"up": {"uv": [12, 7, 13, 8], "texture": "#7"},
				"down": {"uv": [12, 8, 13, 7], "texture": "#7"}
			}
		},
		{
			"name": "Crossbow string3_7",
			"from": [11.1, 1, 7.5],
			"to": [12.1, 1.5, 8.5],
			"rotation": {"angle": -45, "axis": "y", "origin": [8, 9, 8]},
			"faces": {
				"north": {"uv": [12, 8, 11, 9], "texture": "#7"},
				"east": {"uv": [11, 8, 12, 9], "rotation": 90, "texture": "#7"},
				"south": {"uv": [11, 8, 12, 9], "texture": "#7"},
				"west": {"uv": [11, 8, 12, 9], "rotation": 270, "texture": "#7"},
				"up": {"uv": [11, 8, 12, 9], "texture": "#7"},
				"down": {"uv": [11, 9, 12, 8], "texture": "#7"}
			}
		},
		{
			"name": "Crossbow string3_8",
			"from": [11.1, 1, 8.5],
			"to": [12.1, 1.5, 9.5],
			"rotation": {"angle": -45, "axis": "y", "origin": [8, 9, 8]},
			"faces": {
				"north": {"uv": [12, 9, 11, 10], "texture": "#7"},
				"east": {"uv": [11, 9, 12, 10], "rotation": 90, "texture": "#7"},
				"south": {"uv": [11, 9, 12, 10], "texture": "#7"},
				"west": {"uv": [11, 9, 12, 10], "rotation": 270, "texture": "#7"},
				"up": {"uv": [11, 9, 12, 10], "texture": "#7"},
				"down": {"uv": [11, 10, 12, 9], "texture": "#7"}
			}
		},
		{
			"name": "Crossbow string3_9",
			"from": [10.1, 1, 9.5],
			"to": [11.1, 1.5, 10.5],
			"rotation": {"angle": -45, "axis": "y", "origin": [8, 9, 8]},
			"faces": {
				"north": {"uv": [11, 10, 10, 11], "texture": "#7"},
				"east": {"uv": [10, 10, 11, 11], "rotation": 90, "texture": "#7"},
				"south": {"uv": [10, 10, 11, 11], "texture": "#7"},
				"west": {"uv": [10, 10, 11, 11], "rotation": 270, "texture": "#7"},
				"up": {"uv": [10, 10, 11, 11], "texture": "#7"},
				"down": {"uv": [10, 11, 11, 10], "texture": "#7"}
			}
		},
		{
			"name": "Crossbow string3_10",
			"from": [8.1, 1, 10.5],
			"to": [9.1, 1.5, 11.5],
			"rotation": {"angle": -45, "axis": "y", "origin": [8, 9, 8]},
			"faces": {
				"north": {"uv": [9, 11, 8, 12], "texture": "#7"},
				"east": {"uv": [8, 11, 9, 12], "rotation": 90, "texture": "#7"},
				"south": {"uv": [8, 11, 9, 12], "texture": "#7"},
				"west": {"uv": [8, 11, 9, 12], "rotation": 270, "texture": "#7"},
				"up": {"uv": [8, 11, 9, 12], "texture": "#7"},
				"down": {"uv": [8, 12, 9, 11], "texture": "#7"}
			}
		},
		{
			"name": "Crossbow string3_11",
			"from": [9.1, 1, 10.5],
			"to": [10.1, 1.5, 11.5],
			"rotation": {"angle": -45, "axis": "y", "origin": [8, 9, 8]},
			"faces": {
				"north": {"uv": [10, 11, 9, 12], "texture": "#7"},
				"east": {"uv": [9, 11, 10, 12], "rotation": 90, "texture": "#7"},
				"south": {"uv": [9, 11, 10, 12], "texture": "#7"},
				"west": {"uv": [9, 11, 10, 12], "rotation": 270, "texture": "#7"},
				"up": {"uv": [9, 11, 10, 12], "texture": "#7"},
				"down": {"uv": [9, 12, 10, 11], "texture": "#7"}
			}
		},
		{
			"name": "Crossbow string3_12",
			"from": [5.1, 1, 11.5],
			"to": [6.1, 1.5, 12.5],
			"rotation": {"angle": -45, "axis": "y", "origin": [8, 9, 8]},
			"faces": {
				"north": {"uv": [6, 12, 5, 13], "texture": "#7"},
				"east": {"uv": [5, 12, 6, 13], "rotation": 90, "texture": "#7"},
				"south": {"uv": [5, 12, 6, 13], "texture": "#7"},
				"west": {"uv": [5, 12, 6, 13], "rotation": 270, "texture": "#7"},
				"up": {"uv": [5, 12, 6, 13], "texture": "#7"},
				"down": {"uv": [5, 13, 6, 12], "texture": "#7"}
			}
		},
		{
			"name": "Crossbow string3_13",
			"from": [6.1, 1, 11.5],
			"to": [7.1, 1.5, 12.5],
			"rotation": {"angle": -45, "axis": "y", "origin": [8, 9, 8]},
			"faces": {
				"north": {"uv": [7, 12, 6, 13], "texture": "#7"},
				"east": {"uv": [6, 12, 7, 13], "rotation": 90, "texture": "#7"},
				"south": {"uv": [6, 12, 7, 13], "texture": "#7"},
				"west": {"uv": [6, 12, 7, 13], "rotation": 270, "texture": "#7"},
				"up": {"uv": [6, 12, 7, 13], "texture": "#7"},
				"down": {"uv": [6, 13, 7, 12], "texture": "#7"}
			}
		},
		{
			"name": "Crossbow string3_14",
			"from": [7.1, 1, 11.5],
			"to": [8.1, 1.5, 12.5],
			"rotation": {"angle": -45, "axis": "y", "origin": [8, 9, 8]},
			"faces": {
				"north": {"uv": [8, 12, 7, 13], "texture": "#7"},
				"east": {"uv": [7, 12, 8, 13], "rotation": 90, "texture": "#7"},
				"south": {"uv": [7, 12, 8, 13], "texture": "#7"},
				"west": {"uv": [7, 12, 8, 13], "rotation": 270, "texture": "#7"},
				"up": {"uv": [7, 12, 8, 13], "texture": "#7"},
				"down": {"uv": [7, 13, 8, 12], "texture": "#7"}
			}
		},
		{
			"name": "Crossbow string3_15",
			"from": [0.85, 1, 12.25],
			"to": [2.35, 1.5, 13.75],
			"rotation": {"angle": -45, "axis": "y", "origin": [8, 9, 8]},
			"faces": {
				"north": {"uv": [2, 13, 1, 14], "texture": "#7"},
				"east": {"uv": [1, 13, 2, 14], "rotation": 90, "texture": "#7"},
				"south": {"uv": [1, 13, 2, 14], "texture": "#7"},
				"west": {"uv": [1, 13, 2, 14], "rotation": 270, "texture": "#7"},
				"up": {"uv": [1, 13, 2, 14], "texture": "#7"},
				"down": {"uv": [1, 14, 2, 13], "texture": "#7"}
			}
		},
		{
			"name": "Crossbow string3_16",
			"from": [2.1, 1, 12.5],
			"to": [3.1, 1.5, 13.5],
			"rotation": {"angle": -45, "axis": "y", "origin": [8, 9, 8]},
			"faces": {
				"north": {"uv": [3, 13, 2, 14], "texture": "#7"},
				"east": {"uv": [2, 13, 3, 14], "rotation": 90, "texture": "#7"},
				"south": {"uv": [2, 13, 3, 14], "texture": "#7"},
				"west": {"uv": [2, 13, 3, 14], "rotation": 270, "texture": "#7"},
				"up": {"uv": [2, 13, 3, 14], "texture": "#7"},
				"down": {"uv": [2, 14, 3, 13], "texture": "#7"}
			}
		},
		{
			"name": "Crossbow string3_17",
			"from": [3.1, 1, 12.5],
			"to": [4.1, 1.5, 13.5],
			"rotation": {"angle": -45, "axis": "y", "origin": [8, 9, 8]},
			"faces": {
				"north": {"uv": [4, 13, 3, 14], "texture": "#7"},
				"east": {"uv": [3, 13, 4, 14], "rotation": 90, "texture": "#7"},
				"south": {"uv": [3, 13, 4, 14], "texture": "#7"},
				"west": {"uv": [3, 13, 4, 14], "rotation": 270, "texture": "#7"},
				"up": {"uv": [3, 13, 4, 14], "texture": "#7"},
				"down": {"uv": [3, 14, 4, 13], "texture": "#7"}
			}
		},
		{
			"name": "Crossbow string3_18",
			"from": [4.1, 1, 12.5],
			"to": [5.1, 1.5, 13.5],
			"rotation": {"angle": -45, "axis": "y", "origin": [8, 9, 8]},
			"faces": {
				"north": {"uv": [5, 13, 4, 14], "texture": "#7"},
				"east": {"uv": [4, 13, 5, 14], "rotation": 90, "texture": "#7"},
				"south": {"uv": [4, 13, 5, 14], "texture": "#7"},
				"west": {"uv": [4, 13, 5, 14], "rotation": 270, "texture": "#7"},
				"up": {"uv": [4, 13, 5, 14], "texture": "#7"},
				"down": {"uv": [4, 14, 5, 13], "texture": "#7"}
			}
		},
		{
			"name": "Crossbow_92",
			"from": [6, 0, 11],
			"to": [7, 1, 12],
			"rotation": {"angle": -45, "axis": "y", "origin": [8.45856, 0.84377, 8.43162]},
			"faces": {
				"north": {"uv": [7, 11, 6, 12], "texture": "#0"},
				"east": {"uv": [6, 11, 7, 12], "rotation": 90, "texture": "#0"},
				"south": {"uv": [6, 11, 7, 12], "texture": "#0"},
				"west": {"uv": [6, 11, 7, 12], "rotation": 270, "texture": "#0"},
				"up": {"uv": [6, 11, 7, 12], "texture": "#0"},
				"down": {"uv": [6, 12, 7, 11], "texture": "#0"}
			}
		},
		{
			"name": "Crossbow_81",
			"from": [6, 0, 10],
			"to": [7, 1, 11],
			"rotation": {"angle": -45, "axis": "y", "origin": [8.45856, 0.84377, 8.43162]},
			"faces": {
				"north": {"uv": [7, 10, 6, 11], "texture": "#0"},
				"east": {"uv": [6, 10, 7, 11], "rotation": 90, "texture": "#0"},
				"south": {"uv": [6, 10, 7, 11], "texture": "#0"},
				"west": {"uv": [6, 10, 7, 11], "rotation": 270, "texture": "#0"},
				"up": {"uv": [6, 10, 7, 11], "texture": "#0"},
				"down": {"uv": [6, 11, 7, 10], "texture": "#0"}
			}
		},
		{
			"name": "Crossbow_72",
			"from": [5, 0, 9],
			"to": [6, 1, 10],
			"rotation": {"angle": -45, "axis": "y", "origin": [8.45856, 0.84377, 8.43162]},
			"faces": {
				"north": {"uv": [6, 9, 5, 10], "texture": "#0"},
				"east": {"uv": [5, 9, 6, 10], "rotation": 90, "texture": "#0"},
				"south": {"uv": [5, 9, 6, 10], "texture": "#0"},
				"west": {"uv": [5, 9, 6, 10], "rotation": 270, "texture": "#0"},
				"up": {"uv": [5, 9, 6, 10], "texture": "#0"},
				"down": {"uv": [5, 10, 6, 9], "texture": "#0"}
			}
		},
		{
			"name": "Crossbow_52",
			"from": [11, 0, 6],
			"to": [12, 1, 7],
			"rotation": {"angle": -45, "axis": "y", "origin": [8.45856, 0.84377, 8.43162]},
			"faces": {
				"north": {"uv": [12, 6, 11, 7], "texture": "#0"},
				"east": {"uv": [11, 6, 12, 7], "rotation": 90, "texture": "#0"},
				"south": {"uv": [11, 6, 12, 7], "texture": "#0"},
				"west": {"uv": [11, 6, 12, 7], "rotation": 270, "texture": "#0"},
				"up": {"uv": [11, 6, 12, 7], "texture": "#0"},
				"down": {"uv": [11, 7, 12, 6], "texture": "#0"}
			}
		},
		{
			"name": "Crossbow_51",
			"from": [10, 0, 6],
			"to": [11, 1, 7],
			"rotation": {"angle": -45, "axis": "y", "origin": [8.45856, 0.84377, 8.43162]},
			"faces": {
				"north": {"uv": [11, 6, 10, 7], "texture": "#0"},
				"east": {"uv": [10, 6, 11, 7], "rotation": 90, "texture": "#0"},
				"south": {"uv": [10, 6, 11, 7], "texture": "#0"},
				"west": {"uv": [10, 6, 11, 7], "rotation": 270, "texture": "#0"},
				"up": {"uv": [10, 6, 11, 7], "texture": "#0"},
				"down": {"uv": [10, 7, 11, 6], "texture": "#0"}
			}
		},
		{
			"name": "Crossbow_38",
			"from": [9, 0, 5],
			"to": [10, 1, 6],
			"rotation": {"angle": -45, "axis": "y", "origin": [8.45856, 0.84377, 8.43162]},
			"faces": {
				"north": {"uv": [10, 5, 9, 6], "texture": "#0"},
				"east": {"uv": [9, 5, 10, 6], "rotation": 90, "texture": "#0"},
				"south": {"uv": [9, 5, 10, 6], "texture": "#0"},
				"west": {"uv": [9, 5, 10, 6], "rotation": 270, "texture": "#0"},
				"up": {"uv": [9, 5, 10, 6], "texture": "#0"},
				"down": {"uv": [9, 6, 10, 5], "texture": "#0"}
			}
		},
		{
			"name": "Crossbow_26",
			"from": [8, 0, 4],
			"to": [9, 1, 5],
			"rotation": {"angle": -45, "axis": "y", "origin": [8.45856, 0.84377, 8.43162]},
			"faces": {
				"north": {"uv": [9, 4, 8, 5], "texture": "#0"},
				"east": {"uv": [8, 4, 9, 5], "rotation": 90, "texture": "#0"},
				"south": {"uv": [8, 4, 9, 5], "texture": "#0"},
				"west": {"uv": [8, 4, 9, 5], "rotation": 270, "texture": "#0"},
				"up": {"uv": [8, 4, 9, 5], "texture": "#0"},
				"down": {"uv": [8, 5, 9, 4], "texture": "#0"}
			}
		},
		{
			"name": "Crossbow_17",
			"from": [7, 0, 3],
			"to": [8, 1, 4],
			"rotation": {"angle": -45, "axis": "y", "origin": [8.45856, 0.84377, 8.43162]},
			"faces": {
				"north": {"uv": [8, 3, 7, 4], "texture": "#0"},
				"east": {"uv": [7, 3, 8, 4], "rotation": 90, "texture": "#0"},
				"south": {"uv": [7, 3, 8, 4], "texture": "#0"},
				"west": {"uv": [7, 3, 8, 4], "rotation": 270, "texture": "#0"},
				"up": {"uv": [7, 3, 8, 4], "texture": "#0"},
				"down": {"uv": [7, 4, 8, 3], "texture": "#0"}
			}
		},
		{
			"name": "Crossbow_10",
			"from": [6, 0, 2],
			"to": [7, 1, 3],
			"rotation": {"angle": -45, "axis": "y", "origin": [8.45856, 0.84377, 8.43162]},
			"faces": {
				"north": {"uv": [7, 2, 6, 3], "texture": "#0"},
				"east": {"uv": [6, 2, 7, 3], "rotation": 90, "texture": "#0"},
				"south": {"uv": [6, 2, 7, 3], "texture": "#0"},
				"west": {"uv": [6, 2, 7, 3], "rotation": 270, "texture": "#0"},
				"up": {"uv": [6, 2, 7, 3], "texture": "#0"},
				"down": {"uv": [6, 3, 7, 2], "texture": "#0"}
			}
		},
		{
			"name": "Crossbow_11",
			"from": [7, 0, 2],
			"to": [8, 1, 3],
			"rotation": {"angle": -45, "axis": "y", "origin": [8.45856, 0.84377, 8.43162]},
			"faces": {
				"north": {"uv": [8, 2, 7, 3], "texture": "#0"},
				"east": {"uv": [7, 2, 8, 3], "rotation": 90, "texture": "#0"},
				"south": {"uv": [7, 2, 8, 3], "texture": "#0"},
				"west": {"uv": [7, 2, 8, 3], "rotation": 270, "texture": "#0"},
				"up": {"uv": [7, 2, 8, 3], "texture": "#0"},
				"down": {"uv": [7, 3, 8, 2], "texture": "#0"}
			}
		},
		{
			"name": "Crossbow_18",
			"from": [8, 0, 3],
			"to": [9, 1, 4],
			"rotation": {"angle": -45, "axis": "y", "origin": [8.45856, 0.84377, 8.43162]},
			"faces": {
				"north": {"uv": [9, 3, 8, 4], "texture": "#0"},
				"east": {"uv": [8, 3, 9, 4], "rotation": 90, "texture": "#0"},
				"south": {"uv": [8, 3, 9, 4], "texture": "#0"},
				"west": {"uv": [8, 3, 9, 4], "rotation": 270, "texture": "#0"},
				"up": {"uv": [8, 3, 9, 4], "texture": "#0"},
				"down": {"uv": [8, 4, 9, 3], "texture": "#0"}
			}
		},
		{
			"name": "Crossbow_27",
			"from": [9, 0, 4],
			"to": [10, 1, 5],
			"rotation": {"angle": -45, "axis": "y", "origin": [8.45856, 0.84377, 8.43162]},
			"faces": {
				"north": {"uv": [10, 4, 9, 5], "texture": "#0"},
				"east": {"uv": [9, 4, 10, 5], "rotation": 90, "texture": "#0"},
				"south": {"uv": [9, 4, 10, 5], "texture": "#0"},
				"west": {"uv": [9, 4, 10, 5], "rotation": 270, "texture": "#0"},
				"up": {"uv": [9, 4, 10, 5], "texture": "#0"},
				"down": {"uv": [9, 5, 10, 4], "texture": "#0"}
			}
		},
		{
			"name": "Crossbow_39",
			"from": [10, 0, 5],
			"to": [11, 1, 6],
			"rotation": {"angle": -45, "axis": "y", "origin": [8.45856, 0.84377, 8.43162]},
			"faces": {
				"north": {"uv": [11, 5, 10, 6], "texture": "#0"},
				"east": {"uv": [10, 5, 11, 6], "rotation": 90, "texture": "#0"},
				"south": {"uv": [10, 5, 11, 6], "texture": "#0"},
				"west": {"uv": [10, 5, 11, 6], "rotation": 270, "texture": "#0"},
				"up": {"uv": [10, 5, 11, 6], "texture": "#0"},
				"down": {"uv": [10, 6, 11, 5], "texture": "#0"}
			}
		},
		{
			"name": "Crossbow_40",
			"from": [11, 0, 5],
			"to": [12, 1, 6],
			"rotation": {"angle": -45, "axis": "y", "origin": [8.45856, 0.84377, 8.43162]},
			"faces": {
				"north": {"uv": [12, 5, 11, 6], "texture": "#0"},
				"east": {"uv": [11, 5, 12, 6], "rotation": 90, "texture": "#0"},
				"south": {"uv": [11, 5, 12, 6], "texture": "#0"},
				"west": {"uv": [11, 5, 12, 6], "rotation": 270, "texture": "#0"},
				"up": {"uv": [11, 5, 12, 6], "texture": "#0"},
				"down": {"uv": [11, 6, 12, 5], "texture": "#0"}
			}
		},
		{
			"name": "Crossbow_28",
			"from": [11, 0, 4],
			"to": [12, 1, 5],
			"rotation": {"angle": -45, "axis": "y", "origin": [8.45856, 0.84377, 8.43162]},
			"faces": {
				"north": {"uv": [12, 4, 11, 5], "texture": "#0"},
				"east": {"uv": [11, 4, 12, 5], "rotation": 90, "texture": "#0"},
				"south": {"uv": [11, 4, 12, 5], "texture": "#0"},
				"west": {"uv": [11, 4, 12, 5], "rotation": 270, "texture": "#0"},
				"up": {"uv": [11, 4, 12, 5], "texture": "#0"},
				"down": {"uv": [11, 5, 12, 4], "texture": "#0"}
			}
		},
		{
			"name": "Crossbow_41",
			"from": [12, 0, 5],
			"to": [13, 1, 6],
			"rotation": {"angle": -45, "axis": "y", "origin": [8.45856, 0.84377, 8.43162]},
			"faces": {
				"north": {"uv": [13, 5, 12, 6], "texture": "#0"},
				"east": {"uv": [12, 5, 13, 6], "rotation": 90, "texture": "#0"},
				"south": {"uv": [12, 5, 13, 6], "texture": "#0"},
				"west": {"uv": [12, 5, 13, 6], "rotation": 270, "texture": "#0"},
				"up": {"uv": [12, 5, 13, 6], "texture": "#0"},
				"down": {"uv": [12, 6, 13, 5], "texture": "#0"}
			}
		},
		{
			"name": "Crossbow_42",
			"from": [13, 0, 5],
			"to": [14, 1, 6],
			"rotation": {"angle": -45, "axis": "y", "origin": [8.45856, 0.84377, 8.43162]},
			"faces": {
				"north": {"uv": [14, 5, 13, 6], "texture": "#0"},
				"east": {"uv": [13, 5, 14, 6], "rotation": 90, "texture": "#0"},
				"south": {"uv": [13, 5, 14, 6], "texture": "#0"},
				"west": {"uv": [13, 5, 14, 6], "rotation": 270, "texture": "#0"},
				"up": {"uv": [13, 5, 14, 6], "texture": "#0"},
				"down": {"uv": [13, 6, 14, 5], "texture": "#0"}
			}
		},
		{
			"name": "Crossbow_63",
			"from": [4, 0, 8],
			"to": [5, 1, 9],
			"rotation": {"angle": -45, "axis": "y", "origin": [8.45856, 0.84377, 8.43162]},
			"faces": {
				"north": {"uv": [5, 8, 4, 9], "texture": "#0"},
				"east": {"uv": [4, 8, 5, 9], "rotation": 90, "texture": "#0"},
				"south": {"uv": [4, 8, 5, 9], "texture": "#0"},
				"west": {"uv": [4, 8, 5, 9], "rotation": 270, "texture": "#0"},
				"up": {"uv": [4, 8, 5, 9], "texture": "#0"},
				"down": {"uv": [4, 9, 5, 8], "texture": "#0"}
			}
		},
		{
			"name": "Crossbow_54",
			"from": [3, 0, 7],
			"to": [4, 1, 8],
			"rotation": {"angle": -45, "axis": "y", "origin": [8.45856, 0.84377, 8.43162]},
			"faces": {
				"north": {"uv": [4, 7, 3, 8], "texture": "#0"},
				"east": {"uv": [3, 7, 4, 8], "rotation": 90, "texture": "#0"},
				"south": {"uv": [3, 7, 4, 8], "texture": "#0"},
				"west": {"uv": [3, 7, 4, 8], "rotation": 270, "texture": "#0"},
				"up": {"uv": [3, 7, 4, 8], "texture": "#0"},
				"down": {"uv": [3, 8, 4, 7], "texture": "#0"}
			}
		},
		{
			"name": "Crossbow_43",
			"from": [2, 0, 6],
			"to": [3, 1, 7],
			"rotation": {"angle": -45, "axis": "y", "origin": [8.45856, 0.84377, 8.43162]},
			"faces": {
				"north": {"uv": [3, 6, 2, 7], "texture": "#0"},
				"east": {"uv": [2, 6, 3, 7], "rotation": 90, "texture": "#0"},
				"south": {"uv": [2, 6, 3, 7], "texture": "#0"},
				"west": {"uv": [2, 6, 3, 7], "rotation": 270, "texture": "#0"},
				"up": {"uv": [2, 6, 3, 7], "texture": "#0"},
				"down": {"uv": [2, 7, 3, 6], "texture": "#0"}
			}
		},
		{
			"name": "Crossbow_53",
			"from": [2, 0, 7],
			"to": [3, 1, 8],
			"rotation": {"angle": -45, "axis": "y", "origin": [8.45856, 0.84377, 8.43162]},
			"faces": {
				"north": {"uv": [3, 7, 2, 8], "texture": "#0"},
				"east": {"uv": [2, 7, 3, 8], "rotation": 90, "texture": "#0"},
				"south": {"uv": [2, 7, 3, 8], "texture": "#0"},
				"west": {"uv": [2, 7, 3, 8], "rotation": 270, "texture": "#0"},
				"up": {"uv": [2, 7, 3, 8], "texture": "#0"},
				"down": {"uv": [2, 8, 3, 7], "texture": "#0"}
			}
		},
		{
			"name": "Crossbow_62",
			"from": [3, 0, 8],
			"to": [4, 1, 9],
			"rotation": {"angle": -45, "axis": "y", "origin": [8.45856, 0.84377, 8.43162]},
			"faces": {
				"north": {"uv": [4, 8, 3, 9], "texture": "#0"},
				"east": {"uv": [3, 8, 4, 9], "rotation": 90, "texture": "#0"},
				"south": {"uv": [3, 8, 4, 9], "texture": "#0"},
				"west": {"uv": [3, 8, 4, 9], "rotation": 270, "texture": "#0"},
				"up": {"uv": [3, 8, 4, 9], "texture": "#0"},
				"down": {"uv": [3, 9, 4, 8], "texture": "#0"}
			}
		},
		{
			"name": "Crossbow_71",
			"from": [4, 0, 9],
			"to": [5, 1, 10],
			"rotation": {"angle": -45, "axis": "y", "origin": [8.45856, 0.84377, 8.43162]},
			"faces": {
				"north": {"uv": [5, 9, 4, 10], "texture": "#0"},
				"east": {"uv": [4, 9, 5, 10], "rotation": 90, "texture": "#0"},
				"south": {"uv": [4, 9, 5, 10], "texture": "#0"},
				"west": {"uv": [4, 9, 5, 10], "rotation": 270, "texture": "#0"},
				"up": {"uv": [4, 9, 5, 10], "texture": "#0"},
				"down": {"uv": [4, 10, 5, 9], "texture": "#0"}
			}
		},
		{
			"name": "Crossbow_80",
			"from": [5, 0, 10],
			"to": [6, 1, 11],
			"rotation": {"angle": -45, "axis": "y", "origin": [8.45856, 0.84377, 8.43162]},
			"faces": {
				"north": {"uv": [6, 10, 5, 11], "texture": "#0"},
				"east": {"uv": [5, 10, 6, 11], "rotation": 90, "texture": "#0"},
				"south": {"uv": [5, 10, 6, 11], "texture": "#0"},
				"west": {"uv": [5, 10, 6, 11], "rotation": 270, "texture": "#0"},
				"up": {"uv": [5, 10, 6, 11], "texture": "#0"},
				"down": {"uv": [5, 11, 6, 10], "texture": "#0"}
			}
		},
		{
			"name": "Crossbow_91",
			"from": [5, 0, 11],
			"to": [6, 1, 12],
			"rotation": {"angle": -45, "axis": "y", "origin": [8.45856, 0.84377, 8.43162]},
			"faces": {
				"north": {"uv": [6, 11, 5, 12], "texture": "#0"},
				"east": {"uv": [5, 11, 6, 12], "rotation": 90, "texture": "#0"},
				"south": {"uv": [5, 11, 6, 12], "texture": "#0"},
				"west": {"uv": [5, 11, 6, 12], "rotation": 270, "texture": "#0"},
				"up": {"uv": [5, 11, 6, 12], "texture": "#0"},
				"down": {"uv": [5, 12, 6, 11], "texture": "#0"}
			}
		},
		{
			"name": "Crossbow_101",
			"from": [5, 0, 12],
			"to": [6, 1, 13],
			"rotation": {"angle": -45, "axis": "y", "origin": [8.45856, 0.84377, 8.43162]},
			"faces": {
				"north": {"uv": [6, 12, 5, 13], "texture": "#0"},
				"east": {"uv": [5, 12, 6, 13], "rotation": 90, "texture": "#0"},
				"south": {"uv": [5, 12, 6, 13], "texture": "#0"},
				"west": {"uv": [5, 12, 6, 13], "rotation": 270, "texture": "#0"},
				"up": {"uv": [5, 12, 6, 13], "texture": "#0"},
				"down": {"uv": [5, 13, 6, 12], "texture": "#0"}
			}
		},
		{
			"name": "Crossbow_112",
			"from": [5, 0, 13],
			"to": [6, 1, 14],
			"rotation": {"angle": -45, "axis": "y", "origin": [8.45856, 0.84377, 8.43162]},
			"faces": {
				"north": {"uv": [6, 13, 5, 14], "texture": "#0"},
				"east": {"uv": [5, 13, 6, 14], "rotation": 90, "texture": "#0"},
				"south": {"uv": [5, 13, 6, 14], "texture": "#0"},
				"west": {"uv": [5, 13, 6, 14], "rotation": 270, "texture": "#0"},
				"up": {"uv": [5, 13, 6, 14], "texture": "#0"},
				"down": {"uv": [5, 14, 6, 13], "texture": "#0"}
			}
		},
		{
			"name": "Crossbow_29",
			"from": [12, 0, 4],
			"to": [13, 1, 5],
			"rotation": {"angle": -45, "axis": "y", "origin": [8.45856, 0.84377, 8.43162]},
			"faces": {
				"north": {"uv": [13, 4, 12, 5], "texture": "#0"},
				"east": {"uv": [12, 4, 13, 5], "rotation": 90, "texture": "#0"},
				"south": {"uv": [12, 4, 13, 5], "texture": "#0"},
				"west": {"uv": [12, 4, 13, 5], "rotation": 270, "texture": "#0"},
				"up": {"uv": [12, 4, 13, 5], "texture": "#0"},
				"down": {"uv": [12, 5, 13, 4], "texture": "#0"}
			}
		},
		{
			"name": "Crossbow_30",
			"from": [13, 0, 4],
			"to": [14, 1, 5],
			"rotation": {"angle": -45, "axis": "y", "origin": [8.45856, 0.84377, 8.43162]},
			"faces": {
				"north": {"uv": [14, 4, 13, 5], "texture": "#0"},
				"east": {"uv": [13, 4, 14, 5], "rotation": 90, "texture": "#0"},
				"south": {"uv": [13, 4, 14, 5], "texture": "#0"},
				"west": {"uv": [13, 4, 14, 5], "rotation": 270, "texture": "#0"},
				"up": {"uv": [13, 4, 14, 5], "texture": "#0"},
				"down": {"uv": [13, 5, 14, 4], "texture": "#0"}
			}
		},
		{
			"name": "Crossbow_31",
			"from": [14, 0, 4],
			"to": [15, 1, 5],
			"rotation": {"angle": -45, "axis": "y", "origin": [8.45856, 0.84377, 8.43162]},
			"faces": {
				"north": {"uv": [15, 4, 14, 5], "texture": "#0"},
				"east": {"uv": [14, 4, 15, 5], "rotation": 90, "texture": "#0"},
				"south": {"uv": [14, 4, 15, 5], "texture": "#0"},
				"west": {"uv": [14, 4, 15, 5], "rotation": 270, "texture": "#0"},
				"up": {"uv": [14, 4, 15, 5], "texture": "#0"},
				"down": {"uv": [14, 5, 15, 4], "texture": "#0"}
			}
		},
		{
			"name": "Crossbow_19",
			"from": [13, 0, 3],
			"to": [14, 1, 4],
			"rotation": {"angle": -45, "axis": "y", "origin": [8.45856, 0.84377, 8.43162]},
			"faces": {
				"north": {"uv": [14, 3, 13, 4], "texture": "#0"},
				"east": {"uv": [13, 3, 14, 4], "rotation": 90, "texture": "#0"},
				"south": {"uv": [13, 3, 14, 4], "texture": "#0"},
				"west": {"uv": [13, 3, 14, 4], "rotation": 270, "texture": "#0"},
				"up": {"uv": [13, 3, 14, 4], "texture": "#0"},
				"down": {"uv": [13, 4, 14, 3], "texture": "#0"}
			}
		},
		{
			"name": "Crossbow_20",
			"from": [14, 0, 3],
			"to": [15, 1, 4],
			"rotation": {"angle": -45, "axis": "y", "origin": [8.45856, 0.84377, 8.43162]},
			"faces": {
				"north": {"uv": [15, 3, 14, 4], "texture": "#0"},
				"east": {"uv": [14, 3, 15, 4], "rotation": 90, "texture": "#0"},
				"south": {"uv": [14, 3, 15, 4], "texture": "#0"},
				"west": {"uv": [14, 3, 15, 4], "rotation": 270, "texture": "#0"},
				"up": {"uv": [14, 3, 15, 4], "texture": "#0"},
				"down": {"uv": [14, 4, 15, 3], "texture": "#0"}
			}
		},
		{
			"name": "Crossbow_12",
			"from": [14, 0, 2],
			"to": [15, 1, 3],
			"rotation": {"angle": -45, "axis": "y", "origin": [8.45856, 0.84377, 8.43162]},
			"faces": {
				"north": {"uv": [15, 2, 14, 3], "texture": "#0"},
				"east": {"uv": [14, 2, 15, 3], "rotation": 90, "texture": "#0"},
				"south": {"uv": [14, 2, 15, 3], "texture": "#0"},
				"west": {"uv": [14, 2, 15, 3], "rotation": 270, "texture": "#0"},
				"up": {"uv": [14, 2, 15, 3], "texture": "#0"},
				"down": {"uv": [14, 3, 15, 2], "texture": "#0"}
			}
		},
		{
			"name": "Crossbow_13",
			"from": [15, 0, 2],
			"to": [16, 1, 3],
			"rotation": {"angle": -45, "axis": "y", "origin": [8.45856, 0.84377, 8.43162]},
			"faces": {
				"north": {"uv": [16, 2, 15, 3], "texture": "#0"},
				"east": {"uv": [15, 2, 16, 3], "rotation": 90, "texture": "#0"},
				"south": {"uv": [15, 2, 16, 3], "texture": "#0"},
				"west": {"uv": [15, 2, 16, 3], "rotation": 270, "texture": "#0"},
				"up": {"uv": [15, 2, 16, 3], "texture": "#0"},
				"down": {"uv": [15, 3, 16, 2], "texture": "#0"}
			}
		},
		{
			"name": "Crossbow_7",
			"from": [15, 0, 1],
			"to": [16, 1, 2],
			"rotation": {"angle": -45, "axis": "y", "origin": [8.45856, 0.84377, 8.43162]},
			"faces": {
				"north": {"uv": [16, 1, 15, 2], "texture": "#0"},
				"east": {"uv": [15, 1, 16, 2], "rotation": 90, "texture": "#0"},
				"south": {"uv": [15, 1, 16, 2], "texture": "#0"},
				"west": {"uv": [15, 1, 16, 2], "rotation": 270, "texture": "#0"},
				"up": {"uv": [15, 1, 16, 2], "texture": "#0"},
				"down": {"uv": [15, 2, 16, 1], "texture": "#0"}
			}
		},
		{
			"name": "Crossbow_6",
			"from": [14, 0, 1],
			"to": [15, 1, 2],
			"rotation": {"angle": -45, "axis": "y", "origin": [8.45856, 0.84377, 8.43162]},
			"faces": {
				"north": {"uv": [15, 1, 14, 2], "texture": "#0"},
				"east": {"uv": [14, 1, 15, 2], "rotation": 90, "texture": "#0"},
				"south": {"uv": [14, 1, 15, 2], "texture": "#0"},
				"west": {"uv": [14, 1, 15, 2], "rotation": 270, "texture": "#0"},
				"up": {"uv": [14, 1, 15, 2], "texture": "#0"},
				"down": {"uv": [14, 2, 15, 1], "texture": "#0"}
			}
		},
		{
			"name": "Crossbow_5",
			"from": [13, 0, 1],
			"to": [14, 2, 2],
			"rotation": {"angle": -45, "axis": "y", "origin": [8.45856, 0.84377, 8.43162]},
			"faces": {
				"north": {"uv": [14, 1, 13, 2], "texture": "#0"},
				"east": {"uv": [13, 1, 14, 2], "rotation": 90, "texture": "#0"},
				"south": {"uv": [13, 1, 14, 2], "texture": "#0"},
				"west": {"uv": [13, 1, 14, 2], "rotation": 270, "texture": "#0"},
				"up": {"uv": [13, 1, 14, 2], "texture": "#0"},
				"down": {"uv": [13, 2, 14, 1], "texture": "#0"}
			}
		},
		{
			"name": "Crossbow_4",
			"from": [11, 0, 1],
			"to": [12, 1, 2],
			"rotation": {"angle": -45, "axis": "y", "origin": [8.45856, 0.84377, 8.43162]},
			"faces": {
				"north": {"uv": [12, 1, 11, 2], "texture": "#0"},
				"east": {"uv": [11, 1, 12, 2], "rotation": 90, "texture": "#0"},
				"south": {"uv": [11, 1, 12, 2], "texture": "#0"},
				"west": {"uv": [11, 1, 12, 2], "rotation": 270, "texture": "#0"},
				"up": {"uv": [11, 1, 12, 2], "texture": "#0"},
				"down": {"uv": [11, 2, 12, 1], "texture": "#0"}
			}
		},
		{
			"name": "Crossbow_0",
			"from": [11, 0, 0],
			"to": [12, 1, 1],
			"rotation": {"angle": -45, "axis": "y", "origin": [8.45856, 0.84377, 8.43162]},
			"faces": {
				"north": {"uv": [12, 0, 11, 1], "texture": "#0"},
				"east": {"uv": [11, 0, 12, 1], "rotation": 90, "texture": "#0"},
				"south": {"uv": [11, 0, 12, 1], "texture": "#0"},
				"west": {"uv": [11, 0, 12, 1], "rotation": 270, "texture": "#0"},
				"up": {"uv": [11, 0, 12, 1], "texture": "#0"},
				"down": {"uv": [11, 1, 12, 0], "texture": "#0"}
			}
		},
		{
			"name": "Crossbow_1",
			"from": [12, 0, 0],
			"to": [13, 1, 1],
			"rotation": {"angle": -45, "axis": "y", "origin": [8.45856, 0.84377, 8.43162]},
			"faces": {
				"north": {"uv": [13, 0, 12, 1], "texture": "#0"},
				"east": {"uv": [12, 0, 13, 1], "rotation": 90, "texture": "#0"},
				"south": {"uv": [12, 0, 13, 1], "texture": "#0"},
				"west": {"uv": [12, 0, 13, 1], "rotation": 270, "texture": "#0"},
				"up": {"uv": [12, 0, 13, 1], "texture": "#0"},
				"down": {"uv": [12, 1, 13, 0], "texture": "#0"}
			}
		},
		{
			"name": "Crossbow_2",
			"from": [13, 0, 0],
			"to": [14, 1, 1],
			"rotation": {"angle": -45, "axis": "y", "origin": [8.45856, 0.84377, 8.43162]},
			"faces": {
				"north": {"uv": [14, 0, 13, 1], "texture": "#0"},
				"east": {"uv": [13, 0, 14, 1], "rotation": 90, "texture": "#0"},
				"south": {"uv": [13, 0, 14, 1], "texture": "#0"},
				"west": {"uv": [13, 0, 14, 1], "rotation": 270, "texture": "#0"},
				"up": {"uv": [13, 0, 14, 1], "texture": "#0"},
				"down": {"uv": [13, 1, 14, 0], "texture": "#0"}
			}
		},
		{
			"name": "Crossbow_3",
			"from": [14, 0, 0],
			"to": [15, 1, 1],
			"rotation": {"angle": -45, "axis": "y", "origin": [8.45856, 0.84377, 8.43162]},
			"faces": {
				"north": {"uv": [15, 0, 14, 1], "texture": "#0"},
				"east": {"uv": [14, 0, 15, 1], "rotation": 90, "texture": "#0"},
				"south": {"uv": [14, 0, 15, 1], "texture": "#0"},
				"west": {"uv": [14, 0, 15, 1], "rotation": 270, "texture": "#0"},
				"up": {"uv": [14, 0, 15, 1], "texture": "#0"},
				"down": {"uv": [14, 1, 15, 0], "texture": "#0"}
			}
		},
		{
			"name": "Crossbow_100",
			"from": [4, 0, 12],
			"to": [5, 1, 13],
			"rotation": {"angle": -45, "axis": "y", "origin": [8.45856, 0.84377, 8.43162]},
			"faces": {
				"north": {"uv": [5, 12, 4, 13], "texture": "#0"},
				"east": {"uv": [4, 12, 5, 13], "rotation": 90, "texture": "#0"},
				"south": {"uv": [4, 12, 5, 13], "texture": "#0"},
				"west": {"uv": [4, 12, 5, 13], "rotation": 270, "texture": "#0"},
				"up": {"uv": [4, 12, 5, 13], "texture": "#0"},
				"down": {"uv": [4, 13, 5, 12], "texture": "#0"}
			}
		},
		{
			"name": "Crossbow_90",
			"from": [4, 0, 11],
			"to": [5, 1, 12],
			"rotation": {"angle": -45, "axis": "y", "origin": [8.45856, 0.84377, 8.43162]},
			"faces": {
				"north": {"uv": [5, 11, 4, 12], "texture": "#0"},
				"east": {"uv": [4, 11, 5, 12], "rotation": 90, "texture": "#0"},
				"south": {"uv": [4, 11, 5, 12], "texture": "#0"},
				"west": {"uv": [4, 11, 5, 12], "rotation": 270, "texture": "#0"},
				"up": {"uv": [4, 11, 5, 12], "texture": "#0"},
				"down": {"uv": [4, 12, 5, 11], "texture": "#0"}
			}
		},
		{
			"name": "Crossbow_111",
			"from": [4, 0, 13],
			"to": [5, 1, 14],
			"rotation": {"angle": -45, "axis": "y", "origin": [8.45856, 0.84377, 8.43162]},
			"faces": {
				"north": {"uv": [5, 13, 4, 14], "texture": "#0"},
				"east": {"uv": [4, 13, 5, 14], "rotation": 90, "texture": "#0"},
				"south": {"uv": [4, 13, 5, 14], "texture": "#0"},
				"west": {"uv": [4, 13, 5, 14], "rotation": 270, "texture": "#0"},
				"up": {"uv": [4, 13, 5, 14], "texture": "#0"},
				"down": {"uv": [4, 14, 5, 13], "texture": "#0"}
			}
		},
		{
			"name": "Crossbow_122",
			"from": [4, 0, 14],
			"to": [5, 1, 15],
			"rotation": {"angle": -45, "axis": "y", "origin": [8.45856, 0.84377, 8.43162]},
			"faces": {
				"north": {"uv": [5, 14, 4, 15], "texture": "#0"},
				"east": {"uv": [4, 14, 5, 15], "rotation": 90, "texture": "#0"},
				"south": {"uv": [4, 14, 5, 15], "texture": "#0"},
				"west": {"uv": [4, 14, 5, 15], "rotation": 270, "texture": "#0"},
				"up": {"uv": [4, 14, 5, 15], "texture": "#0"},
				"down": {"uv": [4, 15, 5, 14], "texture": "#0"}
			}
		},
		{
			"name": "Crossbow_110",
			"from": [3, 0, 13],
			"to": [4, 1, 14],
			"rotation": {"angle": -45, "axis": "y", "origin": [8.45856, 0.84377, 8.43162]},
			"faces": {
				"north": {"uv": [4, 13, 3, 14], "texture": "#0"},
				"east": {"uv": [3, 13, 4, 14], "rotation": 90, "texture": "#0"},
				"south": {"uv": [3, 13, 4, 14], "texture": "#0"},
				"west": {"uv": [3, 13, 4, 14], "rotation": 270, "texture": "#0"},
				"up": {"uv": [3, 13, 4, 14], "texture": "#0"},
				"down": {"uv": [3, 14, 4, 13], "texture": "#0"}
			}
		},
		{
			"name": "Crossbow_121",
			"from": [3, 0, 14],
			"to": [4, 1, 15],
			"rotation": {"angle": -45, "axis": "y", "origin": [8.45856, 0.84377, 8.43162]},
			"faces": {
				"north": {"uv": [4, 14, 3, 15], "texture": "#0"},
				"east": {"uv": [3, 14, 4, 15], "rotation": 90, "texture": "#0"},
				"south": {"uv": [3, 14, 4, 15], "texture": "#0"},
				"west": {"uv": [3, 14, 4, 15], "rotation": 270, "texture": "#0"},
				"up": {"uv": [3, 14, 4, 15], "texture": "#0"},
				"down": {"uv": [3, 15, 4, 14], "texture": "#0"}
			}
		},
		{
			"name": "Crossbow_120",
			"from": [2, 0, 14],
			"to": [3, 1, 15],
			"rotation": {"angle": -45, "axis": "y", "origin": [8.45856, 0.84377, 8.43162]},
			"faces": {
				"north": {"uv": [3, 14, 2, 15], "texture": "#0"},
				"east": {"uv": [2, 14, 3, 15], "rotation": 90, "texture": "#0"},
				"south": {"uv": [2, 14, 3, 15], "texture": "#0"},
				"west": {"uv": [2, 14, 3, 15], "rotation": 270, "texture": "#0"},
				"up": {"uv": [2, 14, 3, 15], "texture": "#0"},
				"down": {"uv": [2, 15, 3, 14], "texture": "#0"}
			}
		},
		{
			"name": "Crossbow_128",
			"from": [2, 0, 15],
			"to": [3, 1, 16],
			"rotation": {"angle": -45, "axis": "y", "origin": [8.45856, 0.84377, 8.43162]},
			"faces": {
				"north": {"uv": [3, 15, 2, 16], "texture": "#0"},
				"east": {"uv": [2, 15, 3, 16], "rotation": 90, "texture": "#0"},
				"south": {"uv": [2, 15, 3, 16], "texture": "#0"},
				"west": {"uv": [2, 15, 3, 16], "rotation": 270, "texture": "#0"},
				"up": {"uv": [2, 15, 3, 16], "texture": "#0"},
				"down": {"uv": [2, 16, 3, 15], "texture": "#0"}
			}
		},
		{
			"name": "Crossbow_127",
			"from": [1, 0, 15],
			"to": [2, 1, 16],
			"rotation": {"angle": -45, "axis": "y", "origin": [8.45856, 0.84377, 8.43162]},
			"faces": {
				"north": {"uv": [2, 15, 1, 16], "texture": "#0"},
				"east": {"uv": [1, 15, 2, 16], "rotation": 90, "texture": "#0"},
				"south": {"uv": [1, 15, 2, 16], "texture": "#0"},
				"west": {"uv": [1, 15, 2, 16], "rotation": 270, "texture": "#0"},
				"up": {"uv": [1, 15, 2, 16], "texture": "#0"},
				"down": {"uv": [1, 16, 2, 15], "texture": "#0"}
			}
		},
		{
			"name": "Crossbow_119",
			"from": [1, 0, 14],
			"to": [2, 1, 15],
			"rotation": {"angle": -45, "axis": "y", "origin": [8.45856, 0.84377, 8.43162]},
			"faces": {
				"north": {"uv": [2, 14, 1, 15], "texture": "#0"},
				"east": {"uv": [1, 14, 2, 15], "rotation": 90, "texture": "#0"},
				"south": {"uv": [1, 14, 2, 15], "texture": "#0"},
				"west": {"uv": [1, 14, 2, 15], "rotation": 270, "texture": "#0"},
				"up": {"uv": [1, 14, 2, 15], "texture": "#0"},
				"down": {"uv": [1, 15, 2, 14], "texture": "#0"}
			}
		},
		{
			"name": "Crossbow_109",
			"from": [1, 0, 13],
			"to": [2, 2, 14],
			"rotation": {"angle": -45, "axis": "y", "origin": [8.45856, 0.84377, 8.43162]},
			"faces": {
				"north": {"uv": [2, 13, 1, 14], "texture": "#0"},
				"east": {"uv": [1, 13, 2, 14], "rotation": 90, "texture": "#0"},
				"south": {"uv": [1, 13, 2, 14], "texture": "#0"},
				"west": {"uv": [1, 13, 2, 14], "rotation": 270, "texture": "#0"},
				"up": {"uv": [1, 13, 2, 14], "texture": "#0"},
				"down": {"uv": [1, 14, 2, 13], "texture": "#0"}
			}
		},
		{
			"name": "Crossbow_118",
			"from": [0, 0, 14],
			"to": [1, 1, 15],
			"rotation": {"angle": -45, "axis": "y", "origin": [8.45856, 0.84377, 8.43162]},
			"faces": {
				"north": {"uv": [1, 14, 0, 15], "texture": "#0"},
				"east": {"uv": [0, 14, 1, 15], "rotation": 90, "texture": "#0"},
				"south": {"uv": [0, 14, 1, 15], "texture": "#0"},
				"west": {"uv": [0, 14, 1, 15], "rotation": 270, "texture": "#0"},
				"up": {"uv": [0, 14, 1, 15], "texture": "#0"},
				"down": {"uv": [0, 15, 1, 14], "texture": "#0"}
			}
		},
		{
			"name": "Crossbow_108",
			"from": [0, 0, 13],
			"to": [1, 1, 14],
			"rotation": {"angle": -45, "axis": "y", "origin": [8.45856, 0.84377, 8.43162]},
			"faces": {
				"north": {"uv": [1, 13, 0, 14], "texture": "#0"},
				"east": {"uv": [0, 13, 1, 14], "rotation": 90, "texture": "#0"},
				"south": {"uv": [0, 13, 1, 14], "texture": "#0"},
				"west": {"uv": [0, 13, 1, 14], "rotation": 270, "texture": "#0"},
				"up": {"uv": [0, 13, 1, 14], "texture": "#0"},
				"down": {"uv": [0, 14, 1, 13], "texture": "#0"}
			}
		},
		{
			"name": "Crossbow_99",
			"from": [0, 0, 12],
			"to": [1, 1, 13],
			"rotation": {"angle": -45, "axis": "y", "origin": [8.45856, 0.84377, 8.43162]},
			"faces": {
				"north": {"uv": [1, 12, 0, 13], "texture": "#0"},
				"east": {"uv": [0, 12, 1, 13], "rotation": 90, "texture": "#0"},
				"south": {"uv": [0, 12, 1, 13], "texture": "#0"},
				"west": {"uv": [0, 12, 1, 13], "rotation": 270, "texture": "#0"},
				"up": {"uv": [0, 12, 1, 13], "texture": "#0"},
				"down": {"uv": [0, 13, 1, 12], "texture": "#0"}
			}
		},
		{
			"name": "Crossbow_88",
			"from": [0, 0, 11],
			"to": [1, 1, 12],
			"rotation": {"angle": -45, "axis": "y", "origin": [8.45856, 0.84377, 8.43162]},
			"faces": {
				"north": {"uv": [1, 11, 0, 12], "texture": "#0"},
				"east": {"uv": [0, 11, 1, 12], "rotation": 90, "texture": "#0"},
				"south": {"uv": [0, 11, 1, 12], "texture": "#0"},
				"west": {"uv": [0, 11, 1, 12], "rotation": 270, "texture": "#0"},
				"up": {"uv": [0, 11, 1, 12], "texture": "#0"},
				"down": {"uv": [0, 12, 1, 11], "texture": "#0"}
			}
		},
		{
			"name": "Crossbow_89",
			"from": [1, 0, 11],
			"to": [2, 1, 12],
			"rotation": {"angle": -45, "axis": "y", "origin": [8.45856, 0.84377, 8.43162]},
			"faces": {
				"north": {"uv": [2, 11, 1, 12], "texture": "#0"},
				"east": {"uv": [1, 11, 2, 12], "rotation": 90, "texture": "#0"},
				"south": {"uv": [1, 11, 2, 12], "texture": "#0"},
				"west": {"uv": [1, 11, 2, 12], "rotation": 270, "texture": "#0"},
				"up": {"uv": [1, 11, 2, 12], "texture": "#0"},
				"down": {"uv": [1, 12, 2, 11], "texture": "#0"}
			}
		},
		{
			"name": "Crossbow_8",
			"from": [3, 0, 2],
			"to": [4, 1, 3],
			"rotation": {"angle": -45, "axis": "y", "origin": [8.45856, 0.84377, 8.43162]},
			"faces": {
				"north": {"uv": [4, 2, 3, 3], "texture": "#0"},
				"east": {"uv": [3, 2, 4, 3], "rotation": 90, "texture": "#0"},
				"south": {"uv": [3, 2, 4, 3], "texture": "#0"},
				"west": {"uv": [3, 2, 4, 3], "rotation": 270, "texture": "#0"},
				"up": {"uv": [3, 2, 4, 3], "texture": "#0"},
				"down": {"uv": [3, 3, 4, 2], "texture": "#0"}
			}
		},
		{
			"name": "Crossbow_9",
			"from": [4, 0, 2],
			"to": [5, 1, 3],
			"rotation": {"angle": -45, "axis": "y", "origin": [8.45856, 0.84377, 8.43162]},
			"faces": {
				"north": {"uv": [5, 2, 4, 3], "texture": "#0"},
				"east": {"uv": [4, 2, 5, 3], "rotation": 90, "texture": "#0"},
				"south": {"uv": [4, 2, 5, 3], "texture": "#0"},
				"west": {"uv": [4, 2, 5, 3], "rotation": 270, "texture": "#0"},
				"up": {"uv": [4, 2, 5, 3], "texture": "#0"},
				"down": {"uv": [4, 3, 5, 2], "texture": "#0"}
			}
		},
		{
			"name": "Crossbow_14",
			"from": [2, 0, 3],
			"to": [3, 1, 4],
			"rotation": {"angle": -45, "axis": "y", "origin": [8.45856, 0.84377, 8.43162]},
			"faces": {
				"north": {"uv": [3, 3, 2, 4], "texture": "#0"},
				"east": {"uv": [2, 3, 3, 4], "rotation": 90, "texture": "#0"},
				"south": {"uv": [2, 3, 3, 4], "texture": "#0"},
				"west": {"uv": [2, 3, 3, 4], "rotation": 270, "texture": "#0"},
				"up": {"uv": [2, 3, 3, 4], "texture": "#0"},
				"down": {"uv": [2, 4, 3, 3], "texture": "#0"}
			}
		},
		{
			"name": "Crossbow_15",
			"from": [5, 0, 3],
			"to": [6, 1, 4],
			"rotation": {"angle": -45, "axis": "y", "origin": [8.45856, 0.84377, 8.43162]},
			"faces": {
				"north": {"uv": [6, 3, 5, 4], "texture": "#0"},
				"east": {"uv": [5, 3, 6, 4], "rotation": 90, "texture": "#0"},
				"south": {"uv": [5, 3, 6, 4], "texture": "#0"},
				"west": {"uv": [5, 3, 6, 4], "rotation": 270, "texture": "#0"},
				"up": {"uv": [5, 3, 6, 4], "texture": "#0"},
				"down": {"uv": [5, 4, 6, 3], "texture": "#0"}
			}
		},
		{
			"name": "Crossbow_16",
			"from": [6, 0, 3],
			"to": [7, 1, 4],
			"rotation": {"angle": -45, "axis": "y", "origin": [8.45856, 0.84377, 8.43162]},
			"faces": {
				"north": {"uv": [7, 3, 6, 4], "texture": "#0"},
				"east": {"uv": [6, 3, 7, 4], "rotation": 90, "texture": "#0"},
				"south": {"uv": [6, 3, 7, 4], "texture": "#0"},
				"west": {"uv": [6, 3, 7, 4], "rotation": 270, "texture": "#0"},
				"up": {"uv": [6, 3, 7, 4], "texture": "#0"},
				"down": {"uv": [6, 4, 7, 3], "texture": "#0"}
			}
		},
		{
			"name": "Crossbow_21",
			"from": [2, 0, 4],
			"to": [3, 1, 5],
			"rotation": {"angle": -45, "axis": "y", "origin": [8.45856, 0.84377, 8.43162]},
			"faces": {
				"north": {"uv": [3, 4, 2, 5], "texture": "#0"},
				"east": {"uv": [2, 4, 3, 5], "rotation": 90, "texture": "#0"},
				"south": {"uv": [2, 4, 3, 5], "texture": "#0"},
				"west": {"uv": [2, 4, 3, 5], "rotation": 270, "texture": "#0"},
				"up": {"uv": [2, 4, 3, 5], "texture": "#0"},
				"down": {"uv": [2, 5, 3, 4], "texture": "#0"}
			}
		},
		{
			"name": "Crossbow_22",
			"from": [4, 0, 4],
			"to": [5, 1, 5],
			"rotation": {"angle": -45, "axis": "y", "origin": [8.45856, 0.84377, 8.43162]},
			"faces": {
				"north": {"uv": [5, 4, 4, 5], "texture": "#0"},
				"east": {"uv": [4, 4, 5, 5], "rotation": 90, "texture": "#0"},
				"south": {"uv": [4, 4, 5, 5], "texture": "#0"},
				"west": {"uv": [4, 4, 5, 5], "rotation": 270, "texture": "#0"},
				"up": {"uv": [4, 4, 5, 5], "texture": "#0"},
				"down": {"uv": [4, 5, 5, 4], "texture": "#0"}
			}
		},
		{
			"name": "Crossbow_23",
			"from": [5, 0, 4],
			"to": [6, 1, 5],
			"rotation": {"angle": -45, "axis": "y", "origin": [8.45856, 0.84377, 8.43162]},
			"faces": {
				"north": {"uv": [6, 4, 5, 5], "texture": "#0"},
				"east": {"uv": [5, 4, 6, 5], "rotation": 90, "texture": "#0"},
				"south": {"uv": [5, 4, 6, 5], "texture": "#0"},
				"west": {"uv": [5, 4, 6, 5], "rotation": 270, "texture": "#0"},
				"up": {"uv": [5, 4, 6, 5], "texture": "#0"},
				"down": {"uv": [5, 5, 6, 4], "texture": "#0"}
			}
		},
		{
			"name": "Crossbow_24",
			"from": [6, 0, 4],
			"to": [7, 1, 5],
			"rotation": {"angle": -45, "axis": "y", "origin": [8.45856, 0.84377, 8.43162]},
			"faces": {
				"north": {"uv": [7, 4, 6, 5], "texture": "#0"},
				"east": {"uv": [6, 4, 7, 5], "rotation": 90, "texture": "#0"},
				"south": {"uv": [6, 4, 7, 5], "texture": "#0"},
				"west": {"uv": [6, 4, 7, 5], "rotation": 270, "texture": "#0"},
				"up": {"uv": [6, 4, 7, 5], "texture": "#0"},
				"down": {"uv": [6, 5, 7, 4], "texture": "#0"}
			}
		},
		{
			"name": "Crossbow_25",
			"from": [7, 0, 4],
			"to": [8, 1, 5],
			"rotation": {"angle": -45, "axis": "y", "origin": [8.45856, 0.84377, 8.43162]},
			"faces": {
				"north": {"uv": [8, 4, 7, 5], "texture": "#0"},
				"east": {"uv": [7, 4, 8, 5], "rotation": 90, "texture": "#0"},
				"south": {"uv": [7, 4, 8, 5], "texture": "#0"},
				"west": {"uv": [7, 4, 8, 5], "rotation": 270, "texture": "#0"},
				"up": {"uv": [7, 4, 8, 5], "texture": "#0"},
				"down": {"uv": [7, 5, 8, 4], "texture": "#0"}
			}
		},
		{
			"name": "Crossbow_32",
			"from": [3, 0, 5],
			"to": [4, 1, 6],
			"rotation": {"angle": -45, "axis": "y", "origin": [8.45856, 0.84377, 8.43162]},
			"faces": {
				"north": {"uv": [4, 5, 3, 6], "texture": "#0"},
				"east": {"uv": [3, 5, 4, 6], "rotation": 90, "texture": "#0"},
				"south": {"uv": [3, 5, 4, 6], "texture": "#0"},
				"west": {"uv": [3, 5, 4, 6], "rotation": 270, "texture": "#0"},
				"up": {"uv": [3, 5, 4, 6], "texture": "#0"},
				"down": {"uv": [3, 6, 4, 5], "texture": "#0"}
			}
		},
		{
			"name": "Crossbow_33",
			"from": [4, 0, 5],
			"to": [5, 1, 6],
			"rotation": {"angle": -45, "axis": "y", "origin": [8.45856, 0.84377, 8.43162]},
			"faces": {
				"north": {"uv": [5, 5, 4, 6], "texture": "#0"},
				"east": {"uv": [4, 5, 5, 6], "rotation": 90, "texture": "#0"},
				"south": {"uv": [4, 5, 5, 6], "texture": "#0"},
				"west": {"uv": [4, 5, 5, 6], "rotation": 270, "texture": "#0"},
				"up": {"uv": [4, 5, 5, 6], "texture": "#0"},
				"down": {"uv": [4, 6, 5, 5], "texture": "#0"}
			}
		},
		{
			"name": "Crossbow_34",
			"from": [5, 0, 5],
			"to": [6, 1, 6],
			"rotation": {"angle": -45, "axis": "y", "origin": [8.45856, 0.84377, 8.43162]},
			"faces": {
				"north": {"uv": [6, 5, 5, 6], "texture": "#0"},
				"east": {"uv": [5, 5, 6, 6], "rotation": 90, "texture": "#0"},
				"south": {"uv": [5, 5, 6, 6], "texture": "#0"},
				"west": {"uv": [5, 5, 6, 6], "rotation": 270, "texture": "#0"},
				"up": {"uv": [5, 5, 6, 6], "texture": "#0"},
				"down": {"uv": [5, 6, 6, 5], "texture": "#0"}
			}
		},
		{
			"name": "Crossbow_35",
			"from": [6, 0, 5],
			"to": [7, 1, 6],
			"rotation": {"angle": -45, "axis": "y", "origin": [8.45856, 0.84377, 8.43162]},
			"faces": {
				"north": {"uv": [7, 5, 6, 6], "texture": "#0"},
				"east": {"uv": [6, 5, 7, 6], "rotation": 90, "texture": "#0"},
				"south": {"uv": [6, 5, 7, 6], "texture": "#0"},
				"west": {"uv": [6, 5, 7, 6], "rotation": 270, "texture": "#0"},
				"up": {"uv": [6, 5, 7, 6], "texture": "#0"},
				"down": {"uv": [6, 6, 7, 5], "texture": "#0"}
			}
		},
		{
			"name": "Crossbow_36",
			"from": [7, 0, 5],
			"to": [8, 1, 6],
			"rotation": {"angle": -45, "axis": "y", "origin": [8.45856, 0.84377, 8.43162]},
			"faces": {
				"north": {"uv": [8, 5, 7, 6], "texture": "#0"},
				"east": {"uv": [7, 5, 8, 6], "rotation": 90, "texture": "#0"},
				"south": {"uv": [7, 5, 8, 6], "texture": "#0"},
				"west": {"uv": [7, 5, 8, 6], "rotation": 270, "texture": "#0"},
				"up": {"uv": [7, 5, 8, 6], "texture": "#0"},
				"down": {"uv": [7, 6, 8, 5], "texture": "#0"}
			}
		},
		{
			"name": "Crossbow_37",
			"from": [8, 0, 5],
			"to": [9, 1, 6],
			"rotation": {"angle": -45, "axis": "y", "origin": [8.45856, 0.84377, 8.43162]},
			"faces": {
				"north": {"uv": [9, 5, 8, 6], "texture": "#0"},
				"east": {"uv": [8, 5, 9, 6], "rotation": 90, "texture": "#0"},
				"south": {"uv": [8, 5, 9, 6], "texture": "#0"},
				"west": {"uv": [8, 5, 9, 6], "rotation": 270, "texture": "#0"},
				"up": {"uv": [8, 5, 9, 6], "texture": "#0"},
				"down": {"uv": [8, 6, 9, 5], "texture": "#0"}
			}
		},
		{
			"name": "Crossbow_44",
			"from": [3, 0, 6],
			"to": [4, 1, 7],
			"rotation": {"angle": -45, "axis": "y", "origin": [8.45856, 0.84377, 8.43162]},
			"faces": {
				"north": {"uv": [4, 6, 3, 7], "texture": "#0"},
				"east": {"uv": [3, 6, 4, 7], "rotation": 90, "texture": "#0"},
				"south": {"uv": [3, 6, 4, 7], "texture": "#0"},
				"west": {"uv": [3, 6, 4, 7], "rotation": 270, "texture": "#0"},
				"up": {"uv": [3, 6, 4, 7], "texture": "#0"},
				"down": {"uv": [3, 7, 4, 6], "texture": "#0"}
			}
		},
		{
			"name": "Crossbow_45",
			"from": [4, 0, 6],
			"to": [5, 1, 7],
			"rotation": {"angle": -45, "axis": "y", "origin": [8.45856, 0.84377, 8.43162]},
			"faces": {
				"north": {"uv": [5, 6, 4, 7], "texture": "#0"},
				"east": {"uv": [4, 6, 5, 7], "rotation": 90, "texture": "#0"},
				"south": {"uv": [4, 6, 5, 7], "texture": "#0"},
				"west": {"uv": [4, 6, 5, 7], "rotation": 270, "texture": "#0"},
				"up": {"uv": [4, 6, 5, 7], "texture": "#0"},
				"down": {"uv": [4, 7, 5, 6], "texture": "#0"}
			}
		},
		{
			"name": "Crossbow_46",
			"from": [5, 0, 6],
			"to": [6, 1, 7],
			"rotation": {"angle": -45, "axis": "y", "origin": [8.45856, 0.84377, 8.43162]},
			"faces": {
				"north": {"uv": [6, 6, 5, 7], "texture": "#0"},
				"east": {"uv": [5, 6, 6, 7], "rotation": 90, "texture": "#0"},
				"south": {"uv": [5, 6, 6, 7], "texture": "#0"},
				"west": {"uv": [5, 6, 6, 7], "rotation": 270, "texture": "#0"},
				"up": {"uv": [5, 6, 6, 7], "texture": "#0"},
				"down": {"uv": [5, 7, 6, 6], "texture": "#0"}
			}
		},
		{
			"name": "Crossbow_47",
			"from": [6, 0, 6],
			"to": [7, 1, 7],
			"rotation": {"angle": -45, "axis": "y", "origin": [8.45856, 0.84377, 8.43162]},
			"faces": {
				"north": {"uv": [7, 6, 6, 7], "texture": "#0"},
				"east": {"uv": [6, 6, 7, 7], "rotation": 90, "texture": "#0"},
				"south": {"uv": [6, 6, 7, 7], "texture": "#0"},
				"west": {"uv": [6, 6, 7, 7], "rotation": 270, "texture": "#0"},
				"up": {"uv": [6, 6, 7, 7], "texture": "#0"},
				"down": {"uv": [6, 7, 7, 6], "texture": "#0"}
			}
		},
		{
			"name": "Crossbow_48",
			"from": [7, 0, 6],
			"to": [8, 1, 7],
			"rotation": {"angle": -45, "axis": "y", "origin": [8.45856, 0.84377, 8.43162]},
			"faces": {
				"north": {"uv": [8, 6, 7, 7], "texture": "#0"},
				"east": {"uv": [7, 6, 8, 7], "rotation": 90, "texture": "#0"},
				"south": {"uv": [7, 6, 8, 7], "texture": "#0"},
				"west": {"uv": [7, 6, 8, 7], "rotation": 270, "texture": "#0"},
				"up": {"uv": [7, 6, 8, 7], "texture": "#0"},
				"down": {"uv": [7, 7, 8, 6], "texture": "#0"}
			}
		},
		{
			"name": "Crossbow_49",
			"from": [8, 0, 6],
			"to": [9, 1, 7],
			"rotation": {"angle": -45, "axis": "y", "origin": [8.45856, 0.84377, 8.43162]},
			"faces": {
				"north": {"uv": [9, 6, 8, 7], "texture": "#0"},
				"east": {"uv": [8, 6, 9, 7], "rotation": 90, "texture": "#0"},
				"south": {"uv": [8, 6, 9, 7], "texture": "#0"},
				"west": {"uv": [8, 6, 9, 7], "rotation": 270, "texture": "#0"},
				"up": {"uv": [8, 6, 9, 7], "texture": "#0"},
				"down": {"uv": [8, 7, 9, 6], "texture": "#0"}
			}
		},
		{
			"name": "Crossbow_50",
			"from": [9, 0, 6],
			"to": [10, 1, 7],
			"rotation": {"angle": -45, "axis": "y", "origin": [8.45856, 0.84377, 8.43162]},
			"faces": {
				"north": {"uv": [10, 6, 9, 7], "texture": "#0"},
				"east": {"uv": [9, 6, 10, 7], "rotation": 90, "texture": "#0"},
				"south": {"uv": [9, 6, 10, 7], "texture": "#0"},
				"west": {"uv": [9, 6, 10, 7], "rotation": 270, "texture": "#0"},
				"up": {"uv": [9, 6, 10, 7], "texture": "#0"},
				"down": {"uv": [9, 7, 10, 6], "texture": "#0"}
			}
		},
		{
			"name": "Crossbow_55",
			"from": [4, 0, 7],
			"to": [5, 1, 8],
			"rotation": {"angle": -45, "axis": "y", "origin": [8.45856, 0.84377, 8.43162]},
			"faces": {
				"north": {"uv": [5, 7, 4, 8], "texture": "#0"},
				"east": {"uv": [4, 7, 5, 8], "rotation": 90, "texture": "#0"},
				"south": {"uv": [4, 7, 5, 8], "texture": "#0"},
				"west": {"uv": [4, 7, 5, 8], "rotation": 270, "texture": "#0"},
				"up": {"uv": [4, 7, 5, 8], "texture": "#0"},
				"down": {"uv": [4, 8, 5, 7], "texture": "#0"}
			}
		},
		{
			"name": "Crossbow_56",
			"from": [5, 0, 7],
			"to": [6, 1, 8],
			"rotation": {"angle": -45, "axis": "y", "origin": [8.45856, 0.84377, 8.43162]},
			"faces": {
				"north": {"uv": [6, 7, 5, 8], "texture": "#0"},
				"east": {"uv": [5, 7, 6, 8], "rotation": 90, "texture": "#0"},
				"south": {"uv": [5, 7, 6, 8], "texture": "#0"},
				"west": {"uv": [5, 7, 6, 8], "rotation": 270, "texture": "#0"},
				"up": {"uv": [5, 7, 6, 8], "texture": "#0"},
				"down": {"uv": [5, 8, 6, 7], "texture": "#0"}
			}
		},
		{
			"name": "Crossbow_57",
			"from": [6, 0, 7],
			"to": [7, 1, 8],
			"rotation": {"angle": -45, "axis": "y", "origin": [8.45856, 0.84377, 8.43162]},
			"faces": {
				"north": {"uv": [7, 7, 6, 8], "texture": "#0"},
				"east": {"uv": [6, 7, 7, 8], "rotation": 90, "texture": "#0"},
				"south": {"uv": [6, 7, 7, 8], "texture": "#0"},
				"west": {"uv": [6, 7, 7, 8], "rotation": 270, "texture": "#0"},
				"up": {"uv": [6, 7, 7, 8], "texture": "#0"},
				"down": {"uv": [6, 8, 7, 7], "texture": "#0"}
			}
		},
		{
			"name": "Crossbow_58",
			"from": [7, 0, 7],
			"to": [8, 1, 8],
			"rotation": {"angle": -45, "axis": "y", "origin": [8.45856, 0.84377, 8.43162]},
			"faces": {
				"north": {"uv": [8, 7, 7, 8], "texture": "#0"},
				"east": {"uv": [7, 7, 8, 8], "rotation": 90, "texture": "#0"},
				"south": {"uv": [7, 7, 8, 8], "texture": "#0"},
				"west": {"uv": [7, 7, 8, 8], "rotation": 270, "texture": "#0"},
				"up": {"uv": [7, 7, 8, 8], "texture": "#0"},
				"down": {"uv": [7, 8, 8, 7], "texture": "#0"}
			}
		},
		{
			"name": "Crossbow_59",
			"from": [8, 0, 7],
			"to": [9, 1, 8],
			"rotation": {"angle": -45, "axis": "y", "origin": [8.45856, 0.84377, 8.43162]},
			"faces": {
				"north": {"uv": [9, 7, 8, 8], "texture": "#0"},
				"east": {"uv": [8, 7, 9, 8], "rotation": 90, "texture": "#0"},
				"south": {"uv": [8, 7, 9, 8], "texture": "#0"},
				"west": {"uv": [8, 7, 9, 8], "rotation": 270, "texture": "#0"},
				"up": {"uv": [8, 7, 9, 8], "texture": "#0"},
				"down": {"uv": [8, 8, 9, 7], "texture": "#0"}
			}
		},
		{
			"name": "Crossbow_60",
			"from": [9, 0, 7],
			"to": [10, 1, 8],
			"rotation": {"angle": -45, "axis": "y", "origin": [8.45856, 0.84377, 8.43162]},
			"faces": {
				"north": {"uv": [10, 7, 9, 8], "texture": "#0"},
				"east": {"uv": [9, 7, 10, 8], "rotation": 90, "texture": "#0"},
				"south": {"uv": [9, 7, 10, 8], "texture": "#0"},
				"west": {"uv": [9, 7, 10, 8], "rotation": 270, "texture": "#0"},
				"up": {"uv": [9, 7, 10, 8], "texture": "#0"},
				"down": {"uv": [9, 8, 10, 7], "texture": "#0"}
			}
		},
		{
			"name": "Crossbow_61",
			"from": [10, 0, 7],
			"to": [11, 1, 8],
			"rotation": {"angle": -45, "axis": "y", "origin": [8.45856, 0.84377, 8.43162]},
			"faces": {
				"north": {"uv": [11, 7, 10, 8], "texture": "#0"},
				"east": {"uv": [10, 7, 11, 8], "rotation": 90, "texture": "#0"},
				"south": {"uv": [10, 7, 11, 8], "texture": "#0"},
				"west": {"uv": [10, 7, 11, 8], "rotation": 270, "texture": "#0"},
				"up": {"uv": [10, 7, 11, 8], "texture": "#0"},
				"down": {"uv": [10, 8, 11, 7], "texture": "#0"}
			}
		},
		{
			"name": "Crossbow_64",
			"from": [5, 0, 8],
			"to": [6, 1, 9],
			"rotation": {"angle": -45, "axis": "y", "origin": [8.45856, 0.84377, 8.43162]},
			"faces": {
				"north": {"uv": [6, 8, 5, 9], "texture": "#0"},
				"east": {"uv": [5, 8, 6, 9], "rotation": 90, "texture": "#0"},
				"south": {"uv": [5, 8, 6, 9], "texture": "#0"},
				"west": {"uv": [5, 8, 6, 9], "rotation": 270, "texture": "#0"},
				"up": {"uv": [5, 8, 6, 9], "texture": "#0"},
				"down": {"uv": [5, 9, 6, 8], "texture": "#0"}
			}
		},
		{
			"name": "Crossbow_65",
			"from": [6, 0, 8],
			"to": [7, 1, 9],
			"rotation": {"angle": -45, "axis": "y", "origin": [8.45856, 0.84377, 8.43162]},
			"faces": {
				"north": {"uv": [7, 8, 6, 9], "texture": "#0"},
				"east": {"uv": [6, 8, 7, 9], "rotation": 90, "texture": "#0"},
				"south": {"uv": [6, 8, 7, 9], "texture": "#0"},
				"west": {"uv": [6, 8, 7, 9], "rotation": 270, "texture": "#0"},
				"up": {"uv": [6, 8, 7, 9], "texture": "#0"},
				"down": {"uv": [6, 9, 7, 8], "texture": "#0"}
			}
		},
		{
			"name": "Crossbow_66",
			"from": [7, 0, 8],
			"to": [8, 1, 9],
			"rotation": {"angle": -45, "axis": "y", "origin": [8.45856, 0.84377, 8.43162]},
			"faces": {
				"north": {"uv": [8, 8, 7, 9], "texture": "#0"},
				"east": {"uv": [7, 8, 8, 9], "rotation": 90, "texture": "#0"},
				"south": {"uv": [7, 8, 8, 9], "texture": "#0"},
				"west": {"uv": [7, 8, 8, 9], "rotation": 270, "texture": "#0"},
				"up": {"uv": [7, 8, 8, 9], "texture": "#0"},
				"down": {"uv": [7, 9, 8, 8], "texture": "#0"}
			}
		},
		{
			"name": "Crossbow_67",
			"from": [8, 0, 8],
			"to": [9, 1, 9],
			"rotation": {"angle": -45, "axis": "y", "origin": [8.45856, 0.84377, 8.43162]},
			"faces": {
				"north": {"uv": [9, 8, 8, 9], "texture": "#0"},
				"east": {"uv": [8, 8, 9, 9], "rotation": 90, "texture": "#0"},
				"south": {"uv": [8, 8, 9, 9], "texture": "#0"},
				"west": {"uv": [8, 8, 9, 9], "rotation": 270, "texture": "#0"},
				"up": {"uv": [8, 8, 9, 9], "texture": "#0"},
				"down": {"uv": [8, 9, 9, 8], "texture": "#0"}
			}
		},
		{
			"name": "Crossbow_68",
			"from": [9, 0, 8],
			"to": [10, 1, 9],
			"rotation": {"angle": -45, "axis": "y", "origin": [8.45856, 0.84377, 8.43162]},
			"faces": {
				"north": {"uv": [10, 8, 9, 9], "texture": "#0"},
				"east": {"uv": [9, 8, 10, 9], "rotation": 90, "texture": "#0"},
				"south": {"uv": [9, 8, 10, 9], "texture": "#0"},
				"west": {"uv": [9, 8, 10, 9], "rotation": 270, "texture": "#0"},
				"up": {"uv": [9, 8, 10, 9], "texture": "#0"},
				"down": {"uv": [9, 9, 10, 8], "texture": "#0"}
			}
		},
		{
			"name": "Crossbow_69",
			"from": [10, 0, 8],
			"to": [11, 1, 9],
			"rotation": {"angle": -45, "axis": "y", "origin": [8.45856, 0.84377, 8.43162]},
			"faces": {
				"north": {"uv": [11, 8, 10, 9], "texture": "#0"},
				"east": {"uv": [10, 8, 11, 9], "rotation": 90, "texture": "#0"},
				"south": {"uv": [10, 8, 11, 9], "texture": "#0"},
				"west": {"uv": [10, 8, 11, 9], "rotation": 270, "texture": "#0"},
				"up": {"uv": [10, 8, 11, 9], "texture": "#0"},
				"down": {"uv": [10, 9, 11, 8], "texture": "#0"}
			}
		},
		{
			"name": "Crossbow_70",
			"from": [11, 0, 8],
			"to": [12, 1, 9],
			"rotation": {"angle": -45, "axis": "y", "origin": [8.45856, 0.84377, 8.43162]},
			"faces": {
				"north": {"uv": [12, 8, 11, 9], "texture": "#0"},
				"east": {"uv": [11, 8, 12, 9], "rotation": 90, "texture": "#0"},
				"south": {"uv": [11, 8, 12, 9], "texture": "#0"},
				"west": {"uv": [11, 8, 12, 9], "rotation": 270, "texture": "#0"},
				"up": {"uv": [11, 8, 12, 9], "texture": "#0"},
				"down": {"uv": [11, 9, 12, 8], "texture": "#0"}
			}
		},
		{
			"name": "Crossbow_73",
			"from": [6, 0, 9],
			"to": [7, 1, 10],
			"rotation": {"angle": -45, "axis": "y", "origin": [8.45856, 0.84377, 8.43162]},
			"faces": {
				"north": {"uv": [7, 9, 6, 10], "texture": "#0"},
				"east": {"uv": [6, 9, 7, 10], "rotation": 90, "texture": "#0"},
				"south": {"uv": [6, 9, 7, 10], "texture": "#0"},
				"west": {"uv": [6, 9, 7, 10], "rotation": 270, "texture": "#0"},
				"up": {"uv": [6, 9, 7, 10], "texture": "#0"},
				"down": {"uv": [6, 10, 7, 9], "texture": "#0"}
			}
		},
		{
			"name": "Crossbow_74",
			"from": [7, 0, 9],
			"to": [8, 1, 10],
			"rotation": {"angle": -45, "axis": "y", "origin": [8.45856, 0.84377, 8.43162]},
			"faces": {
				"north": {"uv": [8, 9, 7, 10], "texture": "#0"},
				"east": {"uv": [7, 9, 8, 10], "rotation": 90, "texture": "#0"},
				"south": {"uv": [7, 9, 8, 10], "texture": "#0"},
				"west": {"uv": [7, 9, 8, 10], "rotation": 270, "texture": "#0"},
				"up": {"uv": [7, 9, 8, 10], "texture": "#0"},
				"down": {"uv": [7, 10, 8, 9], "texture": "#0"}
			}
		},
		{
			"name": "Crossbow_75",
			"from": [8, 0, 9],
			"to": [9, 1, 10],
			"rotation": {"angle": -45, "axis": "y", "origin": [8.45856, 0.84377, 8.43162]},
			"faces": {
				"north": {"uv": [9, 9, 8, 10], "texture": "#0"},
				"east": {"uv": [8, 9, 9, 10], "rotation": 90, "texture": "#0"},
				"south": {"uv": [8, 9, 9, 10], "texture": "#0"},
				"west": {"uv": [8, 9, 9, 10], "rotation": 270, "texture": "#0"},
				"up": {"uv": [8, 9, 9, 10], "texture": "#0"},
				"down": {"uv": [8, 10, 9, 9], "texture": "#0"}
			}
		},
		{
			"name": "Crossbow_76",
			"from": [9, 0, 9],
			"to": [10, 1, 10],
			"rotation": {"angle": -45, "axis": "y", "origin": [8.45856, 0.84377, 8.43162]},
			"faces": {
				"north": {"uv": [10, 9, 9, 10], "texture": "#0"},
				"east": {"uv": [9, 9, 10, 10], "rotation": 90, "texture": "#0"},
				"south": {"uv": [9, 9, 10, 10], "texture": "#0"},
				"west": {"uv": [9, 9, 10, 10], "rotation": 270, "texture": "#0"},
				"up": {"uv": [9, 9, 10, 10], "texture": "#0"},
				"down": {"uv": [9, 10, 10, 9], "texture": "#0"}
			}
		},
		{
			"name": "Crossbow_77",
			"from": [10, 0, 9],
			"to": [11, 1, 10],
			"rotation": {"angle": -45, "axis": "y", "origin": [8.45856, 0.84377, 8.43162]},
			"faces": {
				"north": {"uv": [11, 9, 10, 10], "texture": "#0"},
				"east": {"uv": [10, 9, 11, 10], "rotation": 90, "texture": "#0"},
				"south": {"uv": [10, 9, 11, 10], "texture": "#0"},
				"west": {"uv": [10, 9, 11, 10], "rotation": 270, "texture": "#0"},
				"up": {"uv": [10, 9, 11, 10], "texture": "#0"},
				"down": {"uv": [10, 10, 11, 9], "texture": "#0"}
			}
		},
		{
			"name": "Crossbow_78",
			"from": [11, 0, 9],
			"to": [12, 1, 10],
			"rotation": {"angle": -45, "axis": "y", "origin": [8.45856, 0.84377, 8.43162]},
			"faces": {
				"north": {"uv": [12, 9, 11, 10], "texture": "#0"},
				"east": {"uv": [11, 9, 12, 10], "rotation": 90, "texture": "#0"},
				"south": {"uv": [11, 9, 12, 10], "texture": "#0"},
				"west": {"uv": [11, 9, 12, 10], "rotation": 270, "texture": "#0"},
				"up": {"uv": [11, 9, 12, 10], "texture": "#0"},
				"down": {"uv": [11, 10, 12, 9], "texture": "#0"}
			}
		},
		{
			"name": "Crossbow_79",
			"from": [12, 0, 9],
			"to": [13, 1, 10],
			"rotation": {"angle": -45, "axis": "y", "origin": [8.45856, 0.84377, 8.43162]},
			"faces": {
				"north": {"uv": [13, 9, 12, 10], "texture": "#0"},
				"east": {"uv": [12, 9, 13, 10], "rotation": 90, "texture": "#0"},
				"south": {"uv": [12, 9, 13, 10], "texture": "#0"},
				"west": {"uv": [12, 9, 13, 10], "rotation": 270, "texture": "#0"},
				"up": {"uv": [12, 9, 13, 10], "texture": "#0"},
				"down": {"uv": [12, 10, 13, 9], "texture": "#0"}
			}
		},
		{
			"name": "Crossbow_82",
			"from": [7, 0, 10],
			"to": [8, 1, 11],
			"rotation": {"angle": -45, "axis": "y", "origin": [8.45856, 0.84377, 8.43162]},
			"faces": {
				"north": {"uv": [8, 10, 7, 11], "texture": "#0"},
				"east": {"uv": [7, 10, 8, 11], "rotation": 90, "texture": "#0"},
				"south": {"uv": [7, 10, 8, 11], "texture": "#0"},
				"west": {"uv": [7, 10, 8, 11], "rotation": 270, "texture": "#0"},
				"up": {"uv": [7, 10, 8, 11], "texture": "#0"},
				"down": {"uv": [7, 11, 8, 10], "texture": "#0"}
			}
		},
		{
			"name": "Crossbow_83",
			"from": [8, 0, 10],
			"to": [9, 1, 11],
			"rotation": {"angle": -45, "axis": "y", "origin": [8.45856, 0.84377, 8.43162]},
			"faces": {
				"north": {"uv": [9, 10, 8, 11], "texture": "#0"},
				"east": {"uv": [8, 10, 9, 11], "rotation": 90, "texture": "#0"},
				"south": {"uv": [8, 10, 9, 11], "texture": "#0"},
				"west": {"uv": [8, 10, 9, 11], "rotation": 270, "texture": "#0"},
				"up": {"uv": [8, 10, 9, 11], "texture": "#0"},
				"down": {"uv": [8, 11, 9, 10], "texture": "#0"}
			}
		},
		{
			"name": "Crossbow_84",
			"from": [9, 0, 10],
			"to": [10, 1, 11],
			"rotation": {"angle": -45, "axis": "y", "origin": [8.45856, 0.84377, 8.43162]},
			"faces": {
				"north": {"uv": [10, 10, 9, 11], "texture": "#0"},
				"east": {"uv": [9, 10, 10, 11], "rotation": 90, "texture": "#0"},
				"south": {"uv": [9, 10, 10, 11], "texture": "#0"},
				"west": {"uv": [9, 10, 10, 11], "rotation": 270, "texture": "#0"},
				"up": {"uv": [9, 10, 10, 11], "texture": "#0"},
				"down": {"uv": [9, 11, 10, 10], "texture": "#0"}
			}
		},
		{
			"name": "Crossbow_85",
			"from": [10, 0, 10],
			"to": [11, 1, 11],
			"rotation": {"angle": -45, "axis": "y", "origin": [8.45856, 0.84377, 8.43162]},
			"faces": {
				"north": {"uv": [11, 10, 10, 11], "texture": "#0"},
				"east": {"uv": [10, 10, 11, 11], "rotation": 90, "texture": "#0"},
				"south": {"uv": [10, 10, 11, 11], "texture": "#0"},
				"west": {"uv": [10, 10, 11, 11], "rotation": 270, "texture": "#0"},
				"up": {"uv": [10, 10, 11, 11], "texture": "#0"},
				"down": {"uv": [10, 11, 11, 10], "texture": "#0"}
			}
		},
		{
			"name": "Crossbow_86",
			"from": [11, 0, 10],
			"to": [12, 1, 11],
			"rotation": {"angle": -45, "axis": "y", "origin": [8.45856, 0.84377, 8.43162]},
			"faces": {
				"north": {"uv": [12, 10, 11, 11], "texture": "#0"},
				"east": {"uv": [11, 10, 12, 11], "rotation": 90, "texture": "#0"},
				"south": {"uv": [11, 10, 12, 11], "texture": "#0"},
				"west": {"uv": [11, 10, 12, 11], "rotation": 270, "texture": "#0"},
				"up": {"uv": [11, 10, 12, 11], "texture": "#0"},
				"down": {"uv": [11, 11, 12, 10], "texture": "#0"}
			}
		},
		{
			"name": "Crossbow_87",
			"from": [12, 0, 10],
			"to": [13, 1, 11],
			"rotation": {"angle": -45, "axis": "y", "origin": [8.45856, 0.84377, 8.43162]},
			"faces": {
				"north": {"uv": [13, 10, 12, 11], "texture": "#0"},
				"east": {"uv": [12, 10, 13, 11], "rotation": 90, "texture": "#0"},
				"south": {"uv": [12, 10, 13, 11], "texture": "#0"},
				"west": {"uv": [12, 10, 13, 11], "rotation": 270, "texture": "#0"},
				"up": {"uv": [12, 10, 13, 11], "texture": "#0"},
				"down": {"uv": [12, 11, 13, 10], "texture": "#0"}
			}
		},
		{
			"name": "Crossbow_93",
			"from": [8, 0, 11],
			"to": [9, 1, 12],
			"rotation": {"angle": -45, "axis": "y", "origin": [8.45856, 0.84377, 8.43162]},
			"faces": {
				"north": {"uv": [9, 11, 8, 12], "texture": "#0"},
				"east": {"uv": [8, 11, 9, 12], "rotation": 90, "texture": "#0"},
				"south": {"uv": [8, 11, 9, 12], "texture": "#0"},
				"west": {"uv": [8, 11, 9, 12], "rotation": 270, "texture": "#0"},
				"up": {"uv": [8, 11, 9, 12], "texture": "#0"},
				"down": {"uv": [8, 12, 9, 11], "texture": "#0"}
			}
		},
		{
			"name": "Crossbow_94",
			"from": [9, 0, 11],
			"to": [10, 1, 12],
			"rotation": {"angle": -45, "axis": "y", "origin": [8.45856, 0.84377, 8.43162]},
			"faces": {
				"north": {"uv": [10, 11, 9, 12], "texture": "#0"},
				"east": {"uv": [9, 11, 10, 12], "rotation": 90, "texture": "#0"},
				"south": {"uv": [9, 11, 10, 12], "texture": "#0"},
				"west": {"uv": [9, 11, 10, 12], "rotation": 270, "texture": "#0"},
				"up": {"uv": [9, 11, 10, 12], "texture": "#0"},
				"down": {"uv": [9, 12, 10, 11], "texture": "#0"}
			}
		},
		{
			"name": "Crossbow_95",
			"from": [10, 0, 11],
			"to": [11, 1, 12],
			"rotation": {"angle": -45, "axis": "y", "origin": [8.45856, 0.84377, 8.43162]},
			"faces": {
				"north": {"uv": [11, 11, 10, 12], "texture": "#0"},
				"east": {"uv": [10, 11, 11, 12], "rotation": 90, "texture": "#0"},
				"south": {"uv": [10, 11, 11, 12], "texture": "#0"},
				"west": {"uv": [10, 11, 11, 12], "rotation": 270, "texture": "#0"},
				"up": {"uv": [10, 11, 11, 12], "texture": "#0"},
				"down": {"uv": [10, 12, 11, 11], "texture": "#0"}
			}
		},
		{
			"name": "Crossbow_96",
			"from": [11, 0, 11],
			"to": [12, 1, 12],
			"rotation": {"angle": -45, "axis": "y", "origin": [8.45856, 0.84377, 8.43162]},
			"faces": {
				"north": {"uv": [12, 11, 11, 12], "texture": "#0"},
				"east": {"uv": [11, 11, 12, 12], "rotation": 90, "texture": "#0"},
				"south": {"uv": [11, 11, 12, 12], "texture": "#0"},
				"west": {"uv": [11, 11, 12, 12], "rotation": 270, "texture": "#0"},
				"up": {"uv": [11, 11, 12, 12], "texture": "#0"},
				"down": {"uv": [11, 12, 12, 11], "texture": "#0"}
			}
		},
		{
			"name": "Crossbow_97",
			"from": [12, 0, 11],
			"to": [13, 1, 12],
			"rotation": {"angle": -45, "axis": "y", "origin": [8.45856, 0.84377, 8.43162]},
			"faces": {
				"north": {"uv": [13, 11, 12, 12], "texture": "#0"},
				"east": {"uv": [12, 11, 13, 12], "rotation": 90, "texture": "#0"},
				"south": {"uv": [12, 11, 13, 12], "texture": "#0"},
				"west": {"uv": [12, 11, 13, 12], "rotation": 270, "texture": "#0"},
				"up": {"uv": [12, 11, 13, 12], "texture": "#0"},
				"down": {"uv": [12, 12, 13, 11], "texture": "#0"}
			}
		},
		{
			"name": "Crossbow_98",
			"from": [13, 0, 11],
			"to": [14, 1, 12],
			"rotation": {"angle": -45, "axis": "y", "origin": [8.45856, 0.84377, 8.43162]},
			"faces": {
				"north": {"uv": [14, 11, 13, 12], "texture": "#0"},
				"east": {"uv": [13, 11, 14, 12], "rotation": 90, "texture": "#0"},
				"south": {"uv": [13, 11, 14, 12], "texture": "#0"},
				"west": {"uv": [13, 11, 14, 12], "rotation": 270, "texture": "#0"},
				"up": {"uv": [13, 11, 14, 12], "texture": "#0"},
				"down": {"uv": [13, 12, 14, 11], "texture": "#0"}
			}
		},
		{
			"name": "Crossbow_102",
			"from": [9, 0, 12],
			"to": [10, 1, 13],
			"rotation": {"angle": -45, "axis": "y", "origin": [8.45856, 0.84377, 8.43162]},
			"faces": {
				"north": {"uv": [10, 12, 9, 13], "texture": "#0"},
				"east": {"uv": [9, 12, 10, 13], "rotation": 90, "texture": "#0"},
				"south": {"uv": [9, 12, 10, 13], "texture": "#0"},
				"west": {"uv": [9, 12, 10, 13], "rotation": 270, "texture": "#0"},
				"up": {"uv": [9, 12, 10, 13], "texture": "#0"},
				"down": {"uv": [9, 13, 10, 12], "texture": "#0"}
			}
		},
		{
			"name": "Crossbow_103",
			"from": [10, 0, 12],
			"to": [11, 1, 13],
			"rotation": {"angle": -45, "axis": "y", "origin": [8.45856, 0.84377, 8.43162]},
			"faces": {
				"north": {"uv": [11, 12, 10, 13], "texture": "#0"},
				"east": {"uv": [10, 12, 11, 13], "rotation": 90, "texture": "#0"},
				"south": {"uv": [10, 12, 11, 13], "texture": "#0"},
				"west": {"uv": [10, 12, 11, 13], "rotation": 270, "texture": "#0"},
				"up": {"uv": [10, 12, 11, 13], "texture": "#0"},
				"down": {"uv": [10, 13, 11, 12], "texture": "#0"}
			}
		},
		{
			"name": "Crossbow_104",
			"from": [11, 0, 12],
			"to": [12, 1, 13],
			"rotation": {"angle": -45, "axis": "y", "origin": [8.45856, 0.84377, 8.43162]},
			"faces": {
				"north": {"uv": [12, 12, 11, 13], "texture": "#0"},
				"east": {"uv": [11, 12, 12, 13], "rotation": 90, "texture": "#0"},
				"south": {"uv": [11, 12, 12, 13], "texture": "#0"},
				"west": {"uv": [11, 12, 12, 13], "rotation": 270, "texture": "#0"},
				"up": {"uv": [11, 12, 12, 13], "texture": "#0"},
				"down": {"uv": [11, 13, 12, 12], "texture": "#0"}
			}
		},
		{
			"name": "Crossbow_105",
			"from": [12, 0, 12],
			"to": [13, 1, 13],
			"rotation": {"angle": -45, "axis": "y", "origin": [8.45856, 0.84377, 8.43162]},
			"faces": {
				"north": {"uv": [13, 12, 12, 13], "texture": "#0"},
				"east": {"uv": [12, 12, 13, 13], "rotation": 90, "texture": "#0"},
				"south": {"uv": [12, 12, 13, 13], "texture": "#0"},
				"west": {"uv": [12, 12, 13, 13], "rotation": 270, "texture": "#0"},
				"up": {"uv": [12, 12, 13, 13], "texture": "#0"},
				"down": {"uv": [12, 13, 13, 12], "texture": "#0"}
			}
		},
		{
			"name": "Crossbow_106",
			"from": [13, 0, 12],
			"to": [14, 1, 13],
			"rotation": {"angle": -45, "axis": "y", "origin": [8.45856, 0.84377, 8.43162]},
			"faces": {
				"north": {"uv": [14, 12, 13, 13], "texture": "#0"},
				"east": {"uv": [13, 12, 14, 13], "rotation": 90, "texture": "#0"},
				"south": {"uv": [13, 12, 14, 13], "texture": "#0"},
				"west": {"uv": [13, 12, 14, 13], "rotation": 270, "texture": "#0"},
				"up": {"uv": [13, 12, 14, 13], "texture": "#0"},
				"down": {"uv": [13, 13, 14, 12], "texture": "#0"}
			}
		},
		{
			"name": "Crossbow_107",
			"from": [14, 0, 12],
			"to": [15, 1, 13],
			"rotation": {"angle": -45, "axis": "y", "origin": [8.45856, 0.84377, 8.43162]},
			"faces": {
				"north": {"uv": [15, 12, 14, 13], "texture": "#0"},
				"east": {"uv": [14, 12, 15, 13], "rotation": 90, "texture": "#0"},
				"south": {"uv": [14, 12, 15, 13], "texture": "#0"},
				"west": {"uv": [14, 12, 15, 13], "rotation": 270, "texture": "#0"},
				"up": {"uv": [14, 12, 15, 13], "texture": "#0"},
				"down": {"uv": [14, 13, 15, 12], "texture": "#0"}
			}
		},
		{
			"name": "Crossbow_113",
			"from": [11, 0, 13],
			"to": [12, 1, 14],
			"rotation": {"angle": -45, "axis": "y", "origin": [8.45856, 0.84377, 8.43162]},
			"faces": {
				"north": {"uv": [12, 13, 11, 14], "texture": "#0"},
				"east": {"uv": [11, 13, 12, 14], "rotation": 90, "texture": "#0"},
				"south": {"uv": [11, 13, 12, 14], "texture": "#0"},
				"west": {"uv": [11, 13, 12, 14], "rotation": 270, "texture": "#0"},
				"up": {"uv": [11, 13, 12, 14], "texture": "#0"},
				"down": {"uv": [11, 14, 12, 13], "texture": "#0"}
			}
		},
		{
			"name": "Crossbow_114",
			"from": [12, 0, 13],
			"to": [13, 1, 14],
			"rotation": {"angle": -45, "axis": "y", "origin": [8.45856, 0.84377, 8.43162]},
			"faces": {
				"north": {"uv": [13, 13, 12, 14], "texture": "#0"},
				"east": {"uv": [12, 13, 13, 14], "rotation": 90, "texture": "#0"},
				"south": {"uv": [12, 13, 13, 14], "texture": "#0"},
				"west": {"uv": [12, 13, 13, 14], "rotation": 270, "texture": "#0"},
				"up": {"uv": [12, 13, 13, 14], "texture": "#0"},
				"down": {"uv": [12, 14, 13, 13], "texture": "#0"}
			}
		},
		{
			"name": "Crossbow_115",
			"from": [13, 0, 13],
			"to": [14, 1, 14],
			"rotation": {"angle": -45, "axis": "y", "origin": [8.45856, 0.84377, 8.43162]},
			"faces": {
				"north": {"uv": [14, 13, 13, 14], "texture": "#0"},
				"east": {"uv": [13, 13, 14, 14], "rotation": 90, "texture": "#0"},
				"south": {"uv": [13, 13, 14, 14], "texture": "#0"},
				"west": {"uv": [13, 13, 14, 14], "rotation": 270, "texture": "#0"},
				"up": {"uv": [13, 13, 14, 14], "texture": "#0"},
				"down": {"uv": [13, 14, 14, 13], "texture": "#0"}
			}
		},
		{
			"name": "Crossbow_116",
			"from": [14, 0, 13],
			"to": [15, 1, 14],
			"rotation": {"angle": -45, "axis": "y", "origin": [8.45856, 0.84377, 8.43162]},
			"faces": {
				"north": {"uv": [15, 13, 14, 14], "texture": "#0"},
				"east": {"uv": [14, 13, 15, 14], "rotation": 90, "texture": "#0"},
				"south": {"uv": [14, 13, 15, 14], "texture": "#0"},
				"west": {"uv": [14, 13, 15, 14], "rotation": 270, "texture": "#0"},
				"up": {"uv": [14, 13, 15, 14], "texture": "#0"},
				"down": {"uv": [14, 14, 15, 13], "texture": "#0"}
			}
		},
		{
			"name": "Crossbow_117",
			"from": [15, 0, 13],
			"to": [16, 1, 14],
			"rotation": {"angle": -45, "axis": "y", "origin": [8.45856, 0.84377, 8.43162]},
			"faces": {
				"north": {"uv": [16, 13, 15, 14], "texture": "#0"},
				"east": {"uv": [15, 13, 16, 14], "rotation": 90, "texture": "#0"},
				"south": {"uv": [15, 13, 16, 14], "texture": "#0"},
				"west": {"uv": [15, 13, 16, 14], "rotation": 270, "texture": "#0"},
				"up": {"uv": [15, 13, 16, 14], "texture": "#0"},
				"down": {"uv": [15, 14, 16, 13], "texture": "#0"}
			}
		},
		{
			"name": "Crossbow_123",
			"from": [12, 0, 14],
			"to": [13, 1, 15],
			"rotation": {"angle": -45, "axis": "y", "origin": [8.45856, 0.84377, 8.43162]},
			"faces": {
				"north": {"uv": [13, 14, 12, 15], "texture": "#0"},
				"east": {"uv": [12, 14, 13, 15], "rotation": 90, "texture": "#0"},
				"south": {"uv": [12, 14, 13, 15], "texture": "#0"},
				"west": {"uv": [12, 14, 13, 15], "rotation": 270, "texture": "#0"},
				"up": {"uv": [12, 14, 13, 15], "texture": "#0"},
				"down": {"uv": [12, 15, 13, 14], "texture": "#0"}
			}
		},
		{
			"name": "Crossbow_124",
			"from": [13, 0, 14],
			"to": [14, 1, 15],
			"rotation": {"angle": -45, "axis": "y", "origin": [8.45856, 0.84377, 8.43162]},
			"faces": {
				"north": {"uv": [14, 14, 13, 15], "texture": "#0"},
				"east": {"uv": [13, 14, 14, 15], "rotation": 90, "texture": "#0"},
				"south": {"uv": [13, 14, 14, 15], "texture": "#0"},
				"west": {"uv": [13, 14, 14, 15], "rotation": 270, "texture": "#0"},
				"up": {"uv": [13, 14, 14, 15], "texture": "#0"},
				"down": {"uv": [13, 15, 14, 14], "texture": "#0"}
			}
		},
		{
			"name": "Crossbow_125",
			"from": [14, 0, 14],
			"to": [15, 1, 15],
			"rotation": {"angle": -45, "axis": "y", "origin": [8.45856, 0.84377, 8.43162]},
			"faces": {
				"north": {"uv": [15, 14, 14, 15], "texture": "#0"},
				"east": {"uv": [14, 14, 15, 15], "rotation": 90, "texture": "#0"},
				"south": {"uv": [14, 14, 15, 15], "texture": "#0"},
				"west": {"uv": [14, 14, 15, 15], "rotation": 270, "texture": "#0"},
				"up": {"uv": [14, 14, 15, 15], "texture": "#0"},
				"down": {"uv": [14, 15, 15, 14], "texture": "#0"}
			}
		},
		{
			"name": "Crossbow_126",
			"from": [15, 0, 14],
			"to": [16, 1, 15],
			"rotation": {"angle": -45, "axis": "y", "origin": [8.45856, 0.84377, 8.43162]},
			"faces": {
				"north": {"uv": [16, 14, 15, 15], "texture": "#0"},
				"east": {"uv": [15, 14, 16, 15], "rotation": 90, "texture": "#0"},
				"south": {"uv": [15, 14, 16, 15], "texture": "#0"},
				"west": {"uv": [15, 14, 16, 15], "rotation": 270, "texture": "#0"},
				"up": {"uv": [15, 14, 16, 15], "texture": "#0"},
				"down": {"uv": [15, 15, 16, 14], "texture": "#0"}
			}
		},
		{
			"name": "Crossbow_129",
			"from": [13, 0, 15],
			"to": [14, 1, 16],
			"rotation": {"angle": -45, "axis": "y", "origin": [8.45856, 0.84377, 8.43162]},
			"faces": {
				"north": {"uv": [14, 15, 13, 16], "texture": "#0"},
				"east": {"uv": [13, 15, 14, 16], "rotation": 90, "texture": "#0"},
				"south": {"uv": [13, 15, 14, 16], "texture": "#0"},
				"west": {"uv": [13, 15, 14, 16], "rotation": 270, "texture": "#0"},
				"up": {"uv": [13, 15, 14, 16], "texture": "#0"},
				"down": {"uv": [13, 16, 14, 15], "texture": "#0"}
			}
		},
		{
			"name": "Crossbow_130",
			"from": [14, 0, 15],
			"to": [15, 1, 16],
			"rotation": {"angle": -45, "axis": "y", "origin": [8.45856, 0.84377, 8.43162]},
			"faces": {
				"north": {"uv": [15, 15, 14, 16], "texture": "#0"},
				"east": {"uv": [14, 15, 15, 16], "rotation": 90, "texture": "#0"},
				"south": {"uv": [14, 15, 15, 16], "texture": "#0"},
				"west": {"uv": [14, 15, 15, 16], "rotation": 270, "texture": "#0"},
				"up": {"uv": [14, 15, 15, 16], "texture": "#0"},
				"down": {"uv": [14, 16, 15, 15], "texture": "#0"}
			}
		},
		{
			"from": [7, 1, 2.75],
			"to": [10, 4, 10.75],
			"rotation": {"angle": 0, "axis": "y", "origin": [11, 8, 15.75]},
			"faces": {
				"north": {"uv": [3, 13, 6, 16], "texture": "#5"},
				"east": {"uv": [7, 6, 10, 14], "rotation": 90, "texture": "#4"},
				"south": {"uv": [0, 13, 3, 16], "texture": "#5"},
				"west": {"uv": [7, 6, 10, 14], "rotation": 270, "texture": "#4"},
				"up": {"uv": [7, 6, 10, 14], "texture": "#4"},
				"down": {"uv": [7, 6, 10, 14], "rotation": 180, "texture": "#4"}
			}
		},
		{
			"from": [6, -0.001, 0.75],
			"to": [11, 4.999, 2.75],
			"rotation": {"angle": 0, "axis": "y", "origin": [11, 8, 15.75]},
			"faces": {
				"north": {"uv": [3, 12, 7, 16], "texture": "#5"},
				"east": {"uv": [6, 4, 11, 6], "rotation": 90, "texture": "#4"},
				"south": {"uv": [6, 4, 11, 6], "texture": "#4"},
				"west": {"uv": [6, 4, 11, 6], "rotation": 270, "texture": "#4"},
				"up": {"uv": [6, 4, 11, 6], "texture": "#4"},
				"down": {"uv": [6, 4, 11, 6], "rotation": 180, "texture": "#4"}
			}
		},
		{
			"from": [7, 1, -0.25],
			"to": [10, 4, 0.75],
			"rotation": {"angle": 0, "axis": "y", "origin": [11, 8, 15.75]},
			"faces": {
				"north": {"uv": [3, 13, 6, 16], "rotation": 90, "texture": "#5"},
				"east": {"uv": [7, 3, 10, 4], "rotation": 90, "texture": "#4"},
				"south": {"uv": [7, 3, 10, 4], "rotation": 90, "texture": "#4"},
				"west": {"uv": [7, 3, 10, 4], "rotation": 90, "texture": "#4"},
				"up": {"uv": [7, 3, 10, 4], "texture": "#4"},
				"down": {"uv": [7, 3, 10, 4], "rotation": 180, "texture": "#4"}
			}
		},
		{
			"from": [8, 2, -1.25],
			"to": [9, 3, -0.25],
			"rotation": {"angle": 0, "axis": "y", "origin": [11, 8, 15.75]},
			"faces": {
				"north": {"uv": [8, 2, 9, 3], "texture": "#4"},
				"east": {"uv": [8, 2, 9, 3], "texture": "#4"},
				"south": {"uv": [8, 2, 9, 3], "texture": "#4"},
				"west": {"uv": [8, 2, 9, 3], "texture": "#4"},
				"up": {"uv": [8, 2, 9, 3], "texture": "#4"},
				"down": {"uv": [8, 2, 9, 3], "texture": "#4"}
			}
		}
	],
	"display": {
		"thirdperson_righthand": {
			"translation": [-0.25, 7, -0.25],
			"scale": [0.85, 0.85, 0.85]
		},
		"thirdperson_lefthand": {
			"translation": [0.5, 7, 0.25],
			"scale": [0.85, 0.85, 0.85]
		},
		"firstperson_righthand": {
			"rotation": [0, -10.4, 0],
			"translation": [0.75, 8, 1],
			"scale": [0.68, 0.68, 0.68]
		},
		"firstperson_lefthand": {
			"rotation": [0, -9.2, 0],
			"translation": [1.25, 8, 1],
			"scale": [0.68, 0.68, 0.68]
		},
		"ground": {
			"translation": [0, 3, 0],
			"scale": [0.25, 0.25, 0.25]
		},
		"gui": {
			"rotation": [90, -45, 0],
			"scale": [0.9, 0.625, 0.9]
		},
		"head": {
			"translation": [0, 14, 0]
		},
		"fixed": {
			"rotation": [-90, 135, 0],
			"translation": [0, 0, -7.5],
			"scale": [0.91, 0.91, 0.91]
		}
	},
	"groups": [
		{
			"name": "group",
			"origin": [8, 8, 8],
			"children": [
				{
					"name": "Crossbow string3",
					"origin": [8, 8, 8],
					"children": [0, 1, 2, 3, 4, 5, 6, 7, 8, 9, 10, 11, 12, 13, 14, 15, 16, 17, 18]
				},
				{
					"name": "group",
					"origin": [8, 8, 8],
					"children": [19, 20, 21, 22, 23, 24, 25, 26, 27, 28, 29, 30, 31, 32, 33, 34, 35, 36, 37, 38, 39, 40, 41, 42, 43, 44, 45, 46, 47, 48, 49, 50, 51, 52, 53, 54, 55, 56, 57, 58, 59, 60, 61, 62, 63, 64, 65, 66, 67, 68, 69, 70, 71, 72, 73, 74, 75, 76]
				},
				{
					"name": "group",
					"origin": [8, 8, 8],
					"children": [77, 78, 79, 80, 81, 82, 83, 84, 85, 86, 87, 88, 89, 90, 91, 92, 93, 94, 95, 96, 97, 98, 99, 100, 101, 102, 103, 104, 105, 106, 107, 108, 109, 110, 111, 112, 113, 114, 115, 116, 117, 118, 119, 120, 121, 122, 123, 124, 125, 126, 127, 128, 129, 130, 131, 132, 133, 134, 135, 136, 137, 138, 139, 140, 141, 142, 143, 144, 145, 146, 147, 148, 149]
				}
			]
		}, 150, 151, 152, 153]
}