{
	"credit": "Made with Blockbench",
	"ambientocclusion": false,
	"textures": {
		"1": "block/redstone/torch/redon",
		"2": "block/redstone/torch/frame",
		"particle": "block/redstone/torch/frame"
	},
	"elements": [
		{
			"from": [7, 1, 7],
			"to": [9, 11, 9],
			"faces": {
				"north": {"uv": [2, 2, 4, 12], "texture": "#1"},
				"east": {"uv": [0, 2, 2, 12], "texture": "#1"},
				"south": {"uv": [6, 2, 8, 12], "texture": "#1"},
				"west": {"uv": [4, 2, 6, 12], "texture": "#1"},
				"up": {"uv": [4, 2, 2, 0], "texture": "#1"},
				"down": {"uv": [6, 0, 4, 2], "texture": "#1"}
			}
		},
		{
			"from": [6.5, 11, 6.5],
			"to": [9.5, 12, 9.5],
			"faces": {
				"north": {"uv": [1.5, 4, 3, 4.5], "texture": "#2"},
				"east": {"uv": [0, 4, 1.5, 4.5], "texture": "#2"},
				"south": {"uv": [4.5, 4, 6, 4.5], "texture": "#2"},
				"west": {"uv": [3, 4, 4.5, 4.5], "texture": "#2"},
				"up": {"uv": [3, 4, 1.5, 2.5], "texture": "#2"},
				"down": {"uv": [4.5, 2.5, 3, 4], "texture": "#2"}
			}
		},
		{
			"from": [6.5, 0, 6.5],
			"to": [9.5, 1, 9.5],
			"faces": {
				"north": {"uv": [1.5, 4, 3, 4.5], "texture": "#2"},
				"east": {"uv": [0, 4, 1.5, 4.5], "texture": "#2"},
				"south": {"uv": [4.5, 4, 6, 4.5], "texture": "#2"},
				"west": {"uv": [3, 4, 4.5, 4.5], "texture": "#2"},
				"up": {"uv": [3, 4, 1.5, 2.5], "texture": "#2"},
				"down": {"uv": [4.5, 2.5, 3, 4], "texture": "#2"}
			}
		}
	],
	"display": {
		"thirdperson_righthand": {
			"translation": [0, 2, 2]
		},
		"thirdperson_lefthand": {
			"translation": [0, 2, 2]
		},
		"firstperson_righthand": {
			"rotation": [-4, 3, 0],
			"translation": [0, 2.25, 0]
		},
		"firstperson_lefthand": {
			"rotation": [-4, 3, 0],
			"translation": [0, 2.25, 0]
		},
		"ground": {
			"translation": [0, 2, 0],
			"scale": [0.5, 0.5, 0.5]
		},
		"gui": {
			"rotation": [0, 90, 0],
			"translation": [0, 1, 0]
		},
		"head": {
			"rotation": [0, 180, 90],
			"translation": [3, 1.75, -1.75],
			"scale": [1, 1.5, 1]
		},
		"fixed": {
			"rotation": [0, 180, 0],
			"translation": [0, 2, -1.25]
		}
	},
	"groups": [
		{
			"name": "redstone_torch",
			"origin": [8, 8, 8],
			"children": [0, 1, 2]
		}
	]
}