{
    "variants": {
        "": [
		          { "model": "block/cactus", "weight": 20 },
		          { "model": "block/cactus", "weight": 20, "y": 90 },
		          { "model": "block/cactus", "weight": 20, "y": 180 },
		          { "model": "block/cactus", "weight": 20, "y": 270 },
		          { "model": "block/cactus1", "weight": 3 },
		          { "model": "block/cactus1", "weight": 3, "y": 90 },
		          { "model": "block/cactus1", "weight": 3, "y": 180 },
		          { "model": "block/cactus1", "weight": 3, "y": 270 },
		          { "model": "block/cactus2", "weight": 3 },
		          { "model": "block/cactus2", "weight": 3, "y": 90 },
		          { "model": "block/cactus2", "weight": 3, "y": 180 },
		          { "model": "block/cactus2", "weight": 3, "y": 270 },
		          { "model": "block/cactus3", "weight": 3 },
		          { "model": "block/cactus3", "weight": 3, "y": 90 },
		          { "model": "block/cactus3", "weight": 3, "y": 180 },
		          { "model": "block/cactus3", "weight": 3, "y": 270 },
		          { "model": "block/cactus4", "weight": 3 },
   		          { "model": "block/cactus4", "weight": 3, "y": 90 },
		          { "model": "block/cactus4", "weight": 3, "y": 180 },
		          { "model": "block/cactus4", "weight": 3, "y": 270 },
		    	  { "model": "block/cactus5", "weight": 3 },
		    	  { "model": "block/cactus5", "weight": 3, "y": 90 },
		          { "model": "block/cactus5", "weight": 3, "y": 180 },
		          { "model": "block/cactus5", "weight": 3, "y": 270 }
		]    
	}
}
