{
    "variants": {
        "": [
			{ "model": "block/dirt/coarse/coarse_dirt" },
			{ "model": "block/dirt/coarse/coarse_dirt", "y": 180  },
			{ "model": "block/dirt/coarse/coarse_dirt", "y": 90  },
			{ "model": "block/dirt/coarse/coarse_dirt", "y": 270  },
			{ "model": "block/dirt/coarse/coarse_dirt1" },
			{ "model": "block/dirt/coarse/coarse_dirt1", "y": 180  },
			{ "model": "block/dirt/coarse/coarse_dirt1", "y": 90  },
			{ "model": "block/dirt/coarse/coarse_dirt1", "y": 270  },
			{ "model": "block/dirt/coarse/coarse_dirt2" },
			{ "model": "block/dirt/coarse/coarse_dirt2", "y": 180  },
			{ "model": "block/dirt/coarse/coarse_dirt2", "y": 90  },
			{ "model": "block/dirt/coarse/coarse_dirt2", "y": 270  }
		]    
	}
}
